id,outcome,d_km,dh_m,dlat_deg,dlon_deg,dfpa_deg,dpsi_deg,V_f_mps,J_ratio,max_Qdot,max_qbar,max_n,tf_s,alpha_std_deg,terminal_aoa_deg,vista_pathOK,vista_terminalOK,max_ratio,feasible,feasible_marg,success_rel_0p1pct,success_rel_1pct,success_vista_mc,success_pos_1km
0,reached,0.01641016604269987,-4.161544173999573,0.00012701569440309868,-0.0002187813115881454,-0.09708017123050006,0.04548442921489482,644.043502569193,0.997531592194813,0.98648218461584,0.5544187750290399,1.0133519052100761,1497.49157536653,,28.0479618758853,False,True,1.0133519052100761,False,True,False,False,False,False
1,reached,0.006459267523337708,-1.9422389557003044,-5.791658439591174e-05,-9.535830315599014e-06,-0.05266475884412003,0.1260551356618862,507.132435438521,0.9459602878113414,1.0796690735547667,0.4687779355538039,0.617654194090156,1628.99808491041,,20.67545407427,False,True,1.0796690735547667,False,False,False,False,False,False
2,reached,19.10164884125234,217.69734317409893,-0.05971452065600147,-0.5237110538029128,6.554665231784421,-37.324303327793814,666.030142049149,0.9800230668426209,1.1430746399607665,0.69540567492175,1.012473703981572,1560.0,,27.7477093075312,False,False,1.1430746399607665,False,False,False,False,False,False
3,reached,0.008828513002005498,-0.6661169089020404,-7.930700759573028e-05,-1.7873111062272073e-06,-0.0017610021182399294,0.023799941613390274,439.084795210286,1.0571778643609913,0.765802265173,0.3325539590430555,1.043751294666552,1605.37274641869,,21.4959787766539,False,True,1.043751294666552,False,False,False,False,False,False
4,reached,1332.200550678809,31870.6987400575,11.3516203151935,16.45861725709551,8.35391706571776,-46.72385157875701,3747.88654603585,1.1570683331337017,0.80902827704322,0.2488927680971628,0.3835148522633772,1446.72007706869,,21.0941977995251,True,False,0.80902827704322,True,True,False,False,False,False
5,reached,22.18990055689973,-1018.5346281561979,-0.09031126097839604,-0.495296149837003,10.478909489453502,-44.751512911577095,707.714218188375,1.0050869320513154,0.92001038603858,0.8195250322833612,0.852361748006464,1560.0,,22.5387912235565,True,False,0.92001038603858,True,True,False,False,False,False
6,reached,0.03165755653794944,23.489855894800712,0.00028370511979858293,-5.766882210878066e-05,0.008866285388119621,-0.07225420256119719,991.561307972609,0.9983639977189822,1.1048056516556133,0.7781202728302444,0.789630741594852,1513.22060327024,,17.7354175624372,False,True,1.1048056516556133,False,False,False,False,False,False
7,reached,11.75130292885125,51.60196896200068,-0.026974075374198492,-0.29443093671619636,9.880381525640988,-26.949808291566598,515.895816689913,1.0041989913037215,0.9570503608317666,0.5698612727988223,0.855530677315608,1640.0,,28.4554146559138,True,False,0.9570503608317666,True,True,False,False,False,False
8,reached,1.5729838253259578,196.82846165499723,-0.0015826872991908658,-0.04306491843780691,2.8167142828379292,-1.2903425663579071,350.760819178617,1.0675260810546747,0.8304394515577067,0.4072584729311111,0.751590177026392,1800.0,,31.961611566831,True,False,0.8304394515577067,True,True,False,False,False,False
9,reached,4.753542042581601,41.12682902769666,-0.009615592316507104,-0.11736181261150591,9.91455482382938,-18.81140323530468,366.373548728359,0.9972072622441239,1.0404683832195065,0.6625829399076055,0.782004417960976,1680.0,,35.917481660818,False,False,1.0404683832195065,False,False,False,False,False,False
10,reached,0.1804025328693547,-113.37635938059975,-0.001620259096995369,-0.0001045116212026187,-0.18430678465955985,0.4946522286434174,522.348761567185,1.0088325240841216,0.9663061067657134,0.3695665003916022,0.67736798680748,1543.49941074393,,28.1899583755221,True,True,0.9663061067657134,True,True,False,False,True,True
11,reached,0.0654296811993124,-40.21729243469963,-0.0005877160523937164,2.258583950265347e-05,-0.2280237041647002,0.3144888696330099,608.195842737682,0.9782266224894408,1.0230917107860866,0.3841602879352633,0.932300613881788,1504.55503545246,,28.5478767834738,False,True,1.0230917107860866,False,False,False,False,False,False
12,reached,0.06834924870003427,-14.28861677130044,-0.0006139964880986781,-8.878020395286512e-06,-0.013962843714550033,0.07454155640982663,465.396194026872,1.1506855353774001,1.1291891002115932,0.5348809187243339,0.554316934021752,1850.36527743509,,21.857083318237,False,True,1.1291891002115932,False,False,False,False,False,False
13,reached,9.491894572388931,-39.72889620689966,-0.022727346464108678,-0.24373879663860976,11.281905778636165,-27.190113334310183,483.018059002106,1.0451105704809596,0.9610390409482733,0.6420286349092278,0.838741982088236,1600.0,,28.6794318476362,True,False,0.9610390409482733,True,True,False,False,False,False
14,reached,15.48757000582057,-1820.1502339711005,-0.06805479996130259,-0.35640447795000796,10.01704865107357,-42.645517791959804,573.939397935225,1.0673033717304719,0.9772520992772933,0.7838110726195667,0.840939788305856,1760.0,,21.4808581509997,True,False,0.9772520992772933,True,True,False,False,False,False
15,reached,120.01681746351362,19334.2344104906,1.0524864062905976,-0.6933640967392023,2.7027276178864996,-52.481312465316094,2055.69010950937,1.0084251855165949,1.1454910715480933,0.3772637401985822,0.552322985263264,1446.72007706869,,21.0941977994747,False,False,1.1454910715480933,False,False,False,False,False,False
16,reached,15.852637871024154,145.61050567930215,-0.05503825457240907,-0.37714825412081154,8.290202969622811,-40.22746072760589,580.339441751978,1.0140652560361227,1.03659828793708,0.7469879461858389,0.833398721239184,1640.0,,22.3064618482965,False,False,1.03659828793708,False,False,False,False,False,False
17,reached,0.17858902399777657,-115.37408276829956,-0.0016041968605975399,-6.41329286850123e-05,-0.2541086990190209,0.5178144350051923,520.774354846701,1.0481961280639434,0.8723494088525267,0.5743197352383833,1.003966575467568,1508.16487190624,,27.98284260871,False,True,1.003966575467568,False,True,False,False,False,False
18,reached,0.026001577426572033,56.03252493020045,0.0002318315544869165,8.122799030729766e-05,0.06406709028880009,-0.2335559120855919,934.714238073519,1.0322867220929233,0.9585442929687468,0.7287432702009999,1.006481520611564,1479.84285896386,,21.9393898733347,False,True,1.006481520611564,False,True,False,False,False,False
19,reached,16.75984571818907,-258.7326799440998,-0.03199743336080019,-0.4042349276199104,9.235257203684966,-23.392077375834106,616.498819687626,0.9795476847315461,1.0343918243346866,0.5602970041707833,0.91835041939898,1680.0,,31.0084894216243,False,False,1.0343918243346866,False,False,False,False,False,False
20,reached,0.1440840301866916,-91.21561915160055,-0.0012942441839953744,-5.43038607077051e-05,-0.059191856706879875,0.15913920117981206,432.762750336291,0.9953258762969807,1.16039405183786,0.4716290729145878,0.81065789376454,1568.42965179483,,27.1406709277707,False,True,1.16039405183786,False,False,False,False,False,False
21,reached,0.12566761631441264,-74.11990730939942,-0.001113933813400081,0.0005615250638868474,-0.6944780880726906,1.3103327372514855,341.696911084949,1.0250674735469587,0.8276903678883266,0.40144381980275556,0.711142633578268,1674.61935909689,,30.9403590073872,True,True,0.8276903678883266,True,True,False,False,True,True
22,reached,0.0002928273172388039,0.9010823060016264,2.3188301980781034e-06,-3.592587887624177e-06,0.0019514348052496189,-0.004967151570383521,799.0035195883,1.0304429880948878,0.8777336495695199,0.9470190545224889,1.047491409747028,1475.4838262453,,14.4144912344189,False,True,1.047491409747028,False,False,False,False,False,False
23,reached,11.103817112854326,-79.36222101470048,-0.02644650803520676,-0.2942236134639984,11.36534403295015,-27.056747523014508,535.045221822996,1.0073835070531254,1.01254306987702,0.7823149079007611,0.8788472914429761,1600.0,,30.1816203334013,False,False,1.01254306987702,False,True,False,False,False,False
24,reached,0.036919572342239866,-23.24145809949914,-0.00033129650449836845,4.465109199713879e-05,-0.21535173456580026,0.29326026125710314,580.245389370503,0.9744777259719029,1.0202109405694733,0.4885239439626123,0.990105408623904,1515.69857485639,,25.7031727360546,False,True,1.0202109405694733,False,False,False,False,False,False
25,reached,15.152558563947046,103.78353820370103,-0.04072052503900636,-0.3813557061131121,11.443069812756335,-30.315235816252,601.607089526431,1.0024885290969168,0.8975273694311267,0.7295464111731889,0.9751762826247001,1560.0,,30.6695257709408,True,False,0.9751762826247001,True,True,False,False,False,False
26,reached,6.552541966764029,-28.796863714997016,-0.011766684105097625,-0.1684722014476847,11.149374858720691,-18.9334409877859,403.392049961512,0.9790969431922513,0.9867095731071667,0.6165685134689944,1.000972958685392,1640.0,,33.3297072581463,False,False,1.000972958685392,False,True,False,False,False,False
27,reached,24.23221872344547,-125.18850712319909,-0.08765296084619933,-0.6280245952937946,6.407271241386491,-40.206959029160885,705.645171942333,1.0675306774037963,1.00819571820336,0.6357839332686334,0.693741929248292,1600.0,,21.2359618375426,False,False,1.00819571820336,False,True,False,False,False,False
28,reached,0.08993764318822121,-21.85630148959899,-0.0008079408921020104,8.553033978841995e-07,-0.04694982345747967,0.2643636244405059,491.548064346468,1.0111298713643633,1.0638220534993335,0.34296131152229387,0.6390295534225799,1662.76406031074,,25.9674650536709,False,True,1.0638220534993335,False,False,False,False,False,False
29,reached,0.017619434236328158,13.776268820598489,0.00015785380880117827,-3.3968375390713845e-05,0.011772657518319463,-0.10182559308100281,647.452823607818,1.015196113143693,0.9213238104421,0.497335035573975,0.677336813266088,1581.20982562261,,21.7607550142848,True,True,0.9213238104421,True,True,False,True,True,True
30,reached,0.12864593485574108,-50.56948154069687,-0.001153638292990422,0.00022239560288994653,-0.29244346817339917,0.5866766270667938,421.11869894005,1.0697915249427206,1.1474233187527867,0.5172615565707367,0.739281574783152,1795.84829888464,,30.6116711057121,False,True,1.1474233187527867,False,False,False,False,False,False
31,reached,0.039397229980987374,-16.00601487069798,-0.00035386567650164125,-1.81585683094454e-05,-0.07268087524544953,0.1550688483729914,454.061198724386,1.0469998387484378,1.03868479503422,0.3088117404357744,0.606871870483456,1644.4687100871,,29.0489173173085,False,True,1.03868479503422,False,False,False,False,False,False
32,reached,415.11987566448283,14820.978641415,-3.5674979512434106,-2.968789739592495,1.6462794347364103,-48.76969335982281,1494.83167191351,0.9832093212336082,1.0058714974029934,0.3949968855776217,0.526753102198688,1446.72007706869,,21.0941977995276,False,False,1.0058714974029934,False,True,False,False,False,False
33,reached,0.05547087862144499,-11.281492291000177,-0.000498199178196046,3.397361649604136e-05,-0.07729646161330095,0.1983246302087025,558.217046635376,1.0124869745458434,1.0510534744654068,0.46414336859231164,0.584489669036256,1713.49036114996,,23.522600918612,False,True,1.0510534744654068,False,False,False,False,False,False
34,reached,0.07545326004425339,-60.43407127790124,-0.0006712125494061638,0.000277779218492924,-0.5439926711628704,0.7350415870433835,435.828850224216,1.0546349375047392,0.8464894113992933,0.7948862301397611,0.93731897292478,1590.25263688951,,28.996226798405,True,True,0.93731897292478,True,True,False,False,True,True
35,reached,0.04226808041214525,-28.45069522729682,-0.00037877576819767,7.819622990723474e-05,-0.23604295915799867,0.3111573003911019,556.681055572569,1.0331484056937972,0.8773823597362267,0.4979250003757161,0.669811293721672,1595.66235296741,,25.2968937308404,True,True,0.8773823597362267,True,True,False,False,True,True
36,reached,15.720227061456649,130.67865664469718,-0.04260511134620515,-0.4054864001467138,6.6975016310237905,-31.168724777909688,576.499216824661,1.015005814437789,0.89965559047988,0.5376721143710611,0.780216134645436,1640.0,,25.5952016281191,True,False,0.89965559047988,True,True,False,False,False,False
37,reached,0.08927140698478418,-83.6431232046998,-0.0008009435080964522,-0.00011961801320126142,-0.0574525835555999,0.14819934591417905,613.495186441417,0.9911275192031185,1.0114205742748934,0.3605254918410105,0.86622152184552,1491.61299831788,,31.912424157502,False,True,1.0114205742748934,False,True,False,False,False,False
38,reached,0.0965605316030233,-36.10995008109967,-0.0008674094066947191,-2.030030231026103e-05,-0.1703848954050784,0.4329206508726031,476.056949556664,0.9419383249550861,1.17876798013684,0.27064423021654277,0.582078411518956,1625.35243783595,,29.5643500909731,False,True,1.17876798013684,False,False,False,False,False,False
39,reached,0.016063774628945968,11.788451938500657,0.0001442377098896941,1.2567946413355457e-05,0.038992565020800285,-0.045473736105179796,842.531562543839,0.9789441654184173,1.1002108465741267,0.6926056074437167,0.737193454121136,1523.33787218503,,18.3493191275126,False,True,1.1002108465741267,False,False,False,False,False,False
40,reached,9.014518698400181,-111.16662789880138,-0.019363510463506373,-0.23990017123171015,13.74318327944835,-22.253862692574273,470.760689013157,1.0558336974844176,0.90899824386608,0.6295924570561333,0.758076412959672,1640.0,,30.9530412901638,True,False,0.90899824386608,True,True,False,False,False,False
41,reached,0.05823033629294285,-46.31489807129765,-0.000519229063002058,0.00018285266818907076,-0.4045174611353186,0.46934042347839977,505.444418846569,0.9932714486943277,1.0137045513097533,0.4574312612198034,0.6832668101999759,1550.30929932031,,28.2272280527259,False,True,1.0137045513097533,False,True,False,False,False,False
42,reached,0.3064874274098877,-206.42623772529987,-0.002752234344299609,-0.00022774075310394437,-0.3819073647227498,0.8760416232198054,383.560423832137,0.9995947930618393,1.05608722135032,0.4546953843639456,1.0232692641027001,1620.73704326425,,33.9184754899511,False,True,1.05608722135032,False,False,False,False,False,False
43,reached,78.55304928089883,66.75027120389859,-0.501358197987301,-1.3525748475510113,3.5712848241214896,-74.22040141551619,1329.70046876475,1.0553570749295194,1.0082981842444734,0.894961775901661,0.8268723105798241,1440.0,,16.5718728098937,False,False,1.0082981842444734,False,True,False,False,False,False
44,reached,453.8299120576702,22921.118069698998,4.0476305672628,1.5740303761992038,5.4062504453043205,-51.169210087469,2430.58887142003,1.0436251059039194,1.0548844680228866,0.323749049569025,0.541039097261716,1446.72007706869,,21.0941977995624,False,False,1.0548844680228866,False,False,False,False,False,False
45,reached,29.247269135914866,-1361.0296494417016,-0.10957721202700554,-0.6878752137868105,8.871869964446525,-44.7493121998252,867.403759182191,1.0834214404031646,1.0097390243909934,0.9278792349357834,0.9615803511787681,1480.0,,24.1791470460299,False,False,1.0097390243909934,False,True,False,False,False,False
46,reached,0.19722795489671593,-129.83531052820035,-0.0017692436613003792,0.0003107926644076997,-0.8864635587229,1.2521337784291973,416.668963133347,1.0168878607721823,0.96287488905484,0.5346174402952439,1.024131769995768,1544.92601664391,,39.1676185493703,False,True,1.024131769995768,False,False,False,False,False,False
47,reached,0.11580524312385601,-111.75280781359834,-0.0010396218037982408,-0.00010770808810889321,-0.2584513619829991,0.4290116849053902,525.062583165777,1.0616835083705713,0.7953904090117268,0.6956183065296444,1.011113850406852,1498.66023871738,,28.6763257987341,False,True,1.011113850406852,False,True,False,False,False,False
48,reached,0.07636588193238021,-61.52297466159871,-0.0006782503201065992,0.000316129532393461,-0.4860628734132,0.6995221725616148,437.191182870352,0.9775636429126211,1.0659363337821133,0.6772920038773111,0.820737819286812,1595.57203835352,,27.4690551359935,False,True,1.0659363337821133,False,False,False,False,False,False
49,reached,0.07784739330693215,-55.071722302000126,-0.0006993093711997744,-1.6255170493195692e-05,-0.24246342669105125,0.2966273035351037,615.919572838907,1.0084963273921874,0.9661894720497,0.4064059804325844,0.7914739141553839,1542.96663321788,,28.1749639468374,True,True,0.9661894720497,True,True,False,False,True,True
50,reached,0.13393093821783378,-94.84531762509869,-0.0011919053878983732,0.0004368320691128247,-0.708524919447699,1.0442224822197943,420.497063557354,0.9767840527603442,0.9334482213485866,0.4781901923504161,0.9310591009657159,1519.14512084177,,30.9918506096331,True,True,0.9334482213485866,True,True,False,False,True,True
51,reached,0.3359922555196095,59.326119463003124,-4.0043110942633575e-06,-0.00891267955481112,0.24487935513830017,-0.013081440310202197,370.423068325188,1.0005435328453913,0.98427459119842,0.3083436183252494,1.0137806774373321,1560.0,,26.9825241787016,False,True,1.0137806774373321,False,True,False,False,False,False
52,reached,30.551940135927477,-87.32703608799784,-0.1831884379210038,-0.5923975065057903,4.410804377064251,-67.33140816316309,810.655657212089,0.9943478409701266,0.9416423912205266,0.88366823241835,0.83609955415136,1560.0,,17.2781699306784,True,False,0.9416423912205266,True,True,False,False,False,False
53,reached,0.021033424968218157,-7.009866718199191,-0.000188946847700322,-3.388411187188467e-06,-0.10653135278079873,0.28024970812958827,509.66720537177,0.9684566033186499,1.1420357041034865,0.2846607236600111,0.608136090730352,1635.45607268559,,27.6082329512427,False,True,1.1420357041034865,False,False,False,False,False,False
54,reached,0.14000173516241893,-76.91663437320312,-0.0012575310324081101,-5.81022063954606e-05,-0.1743905525598013,0.29237892313778957,441.163010370817,1.0148964053345686,1.1296704381343934,0.3292618721004155,0.6737115350953921,1684.92888453122,,31.2471148221404,False,True,1.1296704381343934,False,False,False,False,False,False
55,reached,0.03173429914730508,13.885872876999201,0.0002836723461996371,-7.961870198869292e-05,-0.03988796425011998,-0.04254981389098589,713.212806629545,0.9872171245159462,0.9613041931186,0.6311499421088167,0.723832959940388,1557.18433160412,,19.3398504572645,True,True,0.9613041931186,True,True,False,True,True,True
56,reached,7.916714338708956,207.11123161450087,-0.012596262481793019,-0.200072009939106,10.769822582148329,-14.191741230556715,451.826766471133,1.012650495708736,0.9960200934312,0.6882311110751611,0.987935244969268,1600.0,,30.2064737222831,True,False,0.9960200934312,True,True,False,False,False,False
57,reached,0.030492650664507112,10.640922720198432,0.0002738955895011941,-1.1824205188304404e-05,0.01921752097269014,-0.10424206666229452,827.843537152581,0.9648635879129103,1.11403672153606,0.7409743662552333,0.897737835903064,1545.6598682711,,15.6540920989448,False,True,1.11403672153606,False,False,False,False,False,False
58,reached,33.59454302624251,-1895.1890907911002,-0.12218931664151,-0.8021202197038519,8.25387664117281,-47.6183689173273,902.821169722627,1.0073470872353065,0.9804701288349067,0.8725228197739555,0.921365531253284,1480.0,,19.7698386596905,True,False,0.9804701288349067,True,True,False,False,False,False
59,reached,0.05079037783330231,-10.759034378701472,-0.0004561531347064829,3.093327561032311e-05,-0.03638481392423998,0.23542078912151965,447.653296615083,1.0279001347782923,0.9318602952772866,0.4678181186721955,0.647616230751384,1710.88207970458,,23.2592425871485,True,True,0.9318602952772866,True,True,False,True,True,True
60,reached,2.0194286554679555,-7.285808524000458,-0.003575579331297263,-0.04975875313039069,6.244750303325049,-3.4344155754756116,294.245259069388,1.012705022654207,1.0041029800831267,0.6803755520373334,0.962748272070588,1560.0,,39.3275500876786,False,False,1.0041029800831267,False,True,False,False,False,False
61,reached,11.767481243804184,23.439142046099732,-0.033015917540907935,-0.29986953607840405,10.865394129040787,-30.6657468583615,512.205396846452,1.023838135189966,0.9935107325411534,0.7003174786677167,0.718387021794456,1680.0,,24.2575485492285,True,False,0.9935107325411534,True,True,False,False,False,False
62,reached,0.0315010308825318,33.279851443698135,0.00028191837219537774,7.077768589169864e-05,0.09937496242739918,-0.1280295689759896,946.964429457611,1.012550356144227,0.9022687623760933,0.9944269615857667,0.855807351653724,1532.39386412373,,15.7295547398072,True,True,0.9944269615857667,True,True,False,True,True,True
63,reached,0.03607086303577355,-25.94156555150039,-0.00032316733000925524,6.968068331048016e-05,-0.2537192246693003,0.3176784460937938,528.672862217479,1.0097340041471627,1.0691146959848665,0.40336362216500166,1.032746927265084,1509.11795107716,,25.8078337082425,False,True,1.0691146959848665,False,False,False,False,False,False
64,reached,0.01380062735519789,-2.836956667899358,-0.00012397577749823085,2.424658021027426e-07,-0.040383280094440366,0.20857554137299417,420.904652172692,0.9952746717194559,1.0142038831108067,0.297283571251775,0.8839905205125721,1586.60177571109,,25.1680040973909,False,True,1.0142038831108067,False,True,False,False,False,False
65,reached,174.99112443798649,17398.276694379896,0.27485743008109864,4.398772823953209,3.0390012714420394,-47.51080160202051,1765.34525800025,0.9740688603194264,1.0780036523532999,0.3959516684236411,0.553588601791008,1446.72007706869,,21.0941977995135,False,False,1.0780036523532999,False,False,False,False,False,False
66,reached,0.022449135187972372,-12.326182139000593,-0.00020161086290215735,1.5112350695289933e-05,-0.20703959311240006,0.37930441066640697,465.483082736189,1.0087079641048948,1.0570402391176068,0.31217680432886113,0.589408083516452,1631.91272675041,,27.4012014517316,False,True,1.0570402391176068,False,False,False,False,False,False
67,reached,654.0409201238352,26511.813176639298,5.169085234404093,10.048951681348996,5.2201788209200295,-47.31460390584408,2882.5034069589,1.115553982928789,0.8081702242757534,0.2811897720037228,0.494925901484544,1446.72007706869,,21.0941977994702,True,False,0.8081702242757534,True,True,False,False,False,False
68,reached,0.011385911613809469,18.23626896139831,0.0001020738746007055,2.0197294787749343e-05,0.06018113113769985,-0.034735099809495296,1181.46531006814,1.076895954554747,0.7754305142825867,0.773213577601861,1.005501909295016,1443.2018577502,,20.9769011174766,False,True,1.005501909295016,False,True,False,False,False,False
69,reached,52.05929966966066,18278.1668310166,0.1154029556910956,-1.2773046221822426,1.6858373044794703,-50.4265695444563,1677.84747135013,1.00906464155538,0.8844489379884799,0.38758310777082944,0.528702257519488,1446.72007706869,,21.0941977995448,True,False,0.8844489379884799,True,True,False,False,False,False
70,reached,0.08062485475898631,-18.410896167901228,-0.0007242595508074601,-1.616503229229238e-05,-0.01915552868650039,0.06484573313130682,470.331717876576,1.0205832097368417,0.9808877929732733,0.4700332484027544,0.6342042159962961,1768.36843714402,,25.6345196626417,True,True,0.9808877929732733,True,True,False,True,True,True
71,reached,17.42594628996303,-114.03146121169993,-0.07340262642489392,-0.4034022978109135,9.48798184437813,-47.3227101010182,613.287947757281,1.0233606787044978,0.9600290117767732,0.7508580511588444,0.805961434990684,1600.0,,22.078294730336,True,False,0.9600290117767732,True,True,False,False,False,False
72,reached,0.22904469915416556,-142.71215315259906,-0.0020575282013055585,-4.935931460181564e-05,-0.3263803339914002,0.7822323604189023,429.768823214967,1.039119454817347,0.8333452084865733,0.8858555220411334,1.0003427935468199,1549.38469202167,,28.0315093070662,False,True,1.0003427935468199,False,True,False,False,False,False
73,reached,0.1682200460900898,-130.22009546869958,-0.0015103238075937497,-0.0001434803056099554,-0.04201896691570006,0.17294624830259409,607.316079951932,0.9909694998595651,0.92616238790832,0.28504626793045945,0.982856536396512,1411.68947047346,,35.9589586994637,True,True,0.982856536396512,True,True,False,True,True,True
74,reached,0.209405794495691,-103.1473323413993,-0.0018810430553912738,-6.127552379098233e-05,-0.1357409722716607,0.4166260623640028,384.853135586156,1.0351183488679607,0.9514491815382333,0.4081846590742856,0.7865762087238439,1655.89644764042,,30.1927531890274,True,True,0.9514491815382333,True,True,False,False,True,True
75,reached,0.10869647766339925,-48.29362356850106,-0.000976405472698616,-2.935514498858538e-05,-0.08972943834089975,0.25665896246789544,547.028531110957,1.013454151632067,0.9896562078417733,0.41974864728267386,0.7340428379489919,1581.066617173,,22.8651251777622,True,True,0.9896562078417733,True,True,False,True,True,True
76,reached,0.06633152508247785,-22.308147016898147,-0.0005904105666871828,0.000247363384005439,-0.17068602420030032,0.5166271527473896,401.840123156523,1.106179337079333,1.12321677500018,0.4907330158064061,0.621786386572608,1839.13854955522,,24.5233043487298,False,True,1.12321677500018,False,False,False,False,False,False
77,reached,0.06229947466276282,-11.12186144430234,-0.0005596466032073977,-1.0683298313551859e-05,-0.020805088695800222,0.12015068059290002,475.962276466239,1.005383752365433,1.0846312560569666,0.5508454358335279,0.630140075903748,1775.38570071012,,22.3348826485532,False,True,1.0846312560569666,False,False,False,False,False,False
78,reached,29.583733491527877,-507.9087758463029,-0.11477945076839546,-0.703762177386011,10.59775830451191,-46.34329548925089,870.923102289153,1.0538246701220446,0.97455082754666,0.7655411752824334,0.9652092418806919,1520.0,,25.4738191800797,True,False,0.97455082754666,True,True,False,False,False,False
79,reached,37.79945988402354,-566.7654722439984,-0.2405879423547077,-0.7248904881344913,3.6074384451325407,-74.83493103831881,941.93978544212,1.041139175632582,0.9673875191072266,1.0189008216827111,0.949385285933072,1560.0,,16.5811707785016,False,False,1.0189008216827111,False,True,False,False,False,False
80,reached,0.04003392654090842,32.95983278499989,0.0003590160732045433,6.128366439384081e-05,0.10689016448973021,-0.10707470180520318,984.768461585983,1.000967000473213,0.9483296563071401,0.9507890333558777,0.85705224649514,1488.6434075587,,16.2755495658842,True,True,0.9507890333558777,True,True,False,False,True,True
81,reached,0.06203334401563127,-18.904800442298438,-0.0005572295041105235,-1.8675568895787364e-05,-0.062209411213300925,0.1851786731991183,423.867562532745,0.9509638381240293,1.1579696328995066,0.29781421132970165,0.5700403506335839,1644.61242864436,,26.9396843119995,False,True,1.1579696328995066,False,False,False,False,False,False
82,reached,0.10964067567686495,-91.5974213242007,-0.0009726801009009023,0.00041673887929505327,-0.7215007059216703,0.8981105279879955,423.939969739368,0.9893109556047933,0.8989988093665401,0.5866640269323389,0.8324684793485719,1510.13317339305,,32.2757974343172,True,True,0.8989988093665401,True,True,False,False,True,True
83,reached,0.15810010936081487,-96.10065648129967,-0.0014200987767054585,-6.297526809362353e-05,-0.1257840912338004,0.32668280998672117,439.444044964266,1.0056281904743525,0.9739031950113733,0.5168887383009706,0.7205252367819239,1535.34598628993,,26.8182991937258,True,True,0.9739031950113733,True,True,False,False,True,True
84,reached,0.21644024926249958,-140.5718647911017,-0.0019441447030033032,-8.956909059065765e-05,-0.11139109258000168,0.26677234243601333,407.989605149654,1.0360341681599523,0.8946030610174334,0.6686239341859556,1.049645385769524,1528.96359237005,,27.1999292950927,False,True,1.049645385769524,False,False,False,False,False,False
85,reached,0.04792013023234163,-41.33921377269871,-0.00042944933740329816,8.221841039812716e-05,-0.3217661636113984,0.3660454087500966,594.43887620793,1.0326995301974673,0.8227131599776066,0.6155863583602,0.822760612217784,1507.18570895876,,28.9491495834028,True,True,0.822760612217784,True,True,False,False,True,True
86,reached,0.031567513613857116,-7.697647412500373,-0.00028345970629573003,2.41309230943898e-05,-0.1348715867096395,0.3154315379948116,441.508282548675,1.0143793720882082,1.1574109532429266,0.3265743970392639,0.59077127621576,1582.67757623738,,26.6790559961056,False,True,1.1574109532429266,False,False,False,False,False,False
87,reached,0.009038267417030916,10.913136555700476,8.081888969968531e-05,-2.2241980502712977e-05,-0.020917507579600425,-0.052654656237507425,695.104684773008,1.009683075014492,1.12881602810332,0.41414256604861943,0.6509340357608601,1543.7050172278,,23.9225391428141,False,True,1.12881602810332,False,False,False,False,False,False
88,reached,32.85381285649578,-433.06657594349963,-0.056303060683205786,-0.8512426795821,11.424157949572807,-22.376745238300998,827.83642987525,1.0739179696557823,1.1510705029367867,0.5521084078831867,0.859204066500116,1680.0,,29.9707651215567,False,False,1.1510705029367867,False,False,False,False,False,False
89,reached,0.07079733238196156,-41.70682071179908,-0.0006359404170979133,-2.5816418911972505e-05,-0.13293050081510138,0.24592841102708007,552.484343620832,0.9638604113866173,1.0595948714093801,0.5301528147976812,0.890051334275992,1538.79457468163,,22.4786670770517,False,True,1.0595948714093801,False,False,False,False,False,False
90,reached,0.30852886592904605,-203.21016339119888,-0.0027715443823126407,-6.466536541438472e-05,-0.25315570410681865,0.7133058878000895,343.399009135072,1.019279785268078,0.8242389126488999,0.7656248387306389,1.030617669984024,1535.90820086866,,29.841341614278,False,True,1.030617669984024,False,False,False,False,False,False
91,reached,2.425826426393821,159.52584284279874,-0.003081605122204678,-0.06258413606400381,2.626044097684609,-5.237004804375005,414.741071567134,0.9823635115199643,1.0309521594145334,0.4942694815314444,1.038290759780684,1480.0,,38.1109659198796,False,False,1.038290759780684,False,False,False,False,False,False
92,reached,0.3751170738270411,-290.6503439316002,-0.0033686356933060324,-0.00027327679106292635,-0.43928348373669124,1.25185847146048,385.04848443688,0.948707701274441,1.0820152158480667,0.6333960300766333,1.02411776640366,1587.06217569422,,30.7684846355262,False,True,1.0820152158480667,False,False,False,False,False,False
93,reached,16.16096097946162,-459.6835029518006,-0.0700694975476921,-0.3773827863016095,9.58341341284881,-48.3453817117834,616.204307868175,1.0563212885544355,0.9954410879424468,0.8123876696266166,0.9038687796232401,1640.0,,22.5766424834694,True,False,0.9954410879424468,True,True,False,False,False,False
94,reached,244.89712334234892,17533.321648311197,-2.1736260409943924,-0.9915987446530039,2.8012618796448505,-48.83787313597449,1661.86182415661,1.0156345775966085,0.90653450426888,0.38431978762499114,0.521514549481748,1446.72007706869,,21.0941977994785,True,False,0.90653450426888,True,True,False,False,False,False
95,reached,34.39287164652201,-725.8859244321975,-0.2035389158491938,-0.7473696829887047,3.10018699317755,-67.4965438088626,918.168202515403,1.0629266714133432,0.9503330651886199,0.9286829352787166,0.9461273422301799,1640.0,,17.8523070180606,True,False,0.9503330651886199,True,True,False,False,False,False
96,reached,0.1638821604627406,-99.38649693639672,-0.0014720882788026302,-5.874842150888071e-05,-0.020258684217498768,0.17544205682997926,497.932231217169,1.0464384442826293,0.9402284106117934,0.7486412652510056,1.001768650420316,1533.78214886601,,23.9995166960959,False,True,1.001768650420316,False,True,False,False,False,False
97,reached,43.79294234640676,29.928753744599817,-0.12482533912729821,-1.0539641745839958,6.348490153065001,-29.372032939128985,869.673244370279,1.0832906287541124,1.2071835270503932,0.5199681180391361,0.492789406219792,1720.0,,16.4485560734264,False,False,1.2071835270503932,False,False,False,False,False,False
98,reached,58.15806496863026,81.66088989439959,-0.3490340588074048,-1.0408880946054069,3.6706199978968,-70.0782761955962,1187.71840312288,1.0397871999352364,1.01018143401672,0.8890786127038833,0.847734413200324,1440.0,,15.7178766624747,False,False,1.01018143401672,False,True,False,False,False,False
99,reached,275.06090287167603,21741.0026322052,2.4308157592196977,-1.307356028918008,2.85227903584177,-56.7044007374825,2268.31233575992,1.0136389641235704,1.0837818306301934,0.33744543958807555,0.548461193553356,1446.72007706869,,21.0941977995079,False,False,1.0837818306301934,False,False,False,False,False,False
100,reached,227.73248210505068,22293.685371891203,1.219521230760094,-4.944004849659706,5.143036966767591,-60.49816789884899,2350.33973225895,1.0510049947104954,0.90719765509188,0.3345544436155511,0.5302557638652481,1446.72007706869,,21.0941977995194,True,False,0.90719765509188,True,True,False,False,False,False
101,reached,0.0890843205885487,-63.333639699299965,-0.0007946479862965816,0.0002735058185123762,-0.5244217771808994,0.7603345836590165,440.359957977902,1.0236194122805429,0.8020709705911734,0.8367460303851166,0.9198167725414599,1555.77420307667,,29.5262112054053,True,True,0.9198167725414599,True,True,False,False,True,True
102,reached,0.09762177176594795,-73.17144332919997,-0.0008769200243960995,-3.018088671069563e-05,-0.26333368364931964,0.33424946923491916,695.136602448539,1.0531513085193935,0.8476026781761266,0.4612494018538434,1.0127453340811958,1505.21189232627,,30.7773749358802,False,True,1.0127453340811958,False,True,False,False,False,False
103,reached,0.06996277968414316,-28.928169638398685,-0.000628497270000139,5.337696904916811e-06,-0.25037194175467015,0.39660703994019286,550.248781331876,0.9825063502612378,1.0890910196841666,0.25778982672266165,0.6520309196610959,1589.6845174782,,30.9094719640084,False,True,1.0890910196841666,False,False,False,False,False,False
104,reached,0.019280776526374856,-15.645086071399419,-0.0001723089820018231,5.7573468211558065e-05,-0.11762655075709993,0.15083073658672674,553.688873570458,1.048105998222242,0.9103359478107468,0.5419861739768811,0.9613285370188199,1594.32625307454,,19.7438240827603,True,True,0.9613285370188199,True,True,False,False,True,True
105,reached,0.0605019259719983,-43.14221024559811,-0.0005422646247126295,0.00010851677129153359,-0.41905881479959994,0.5816086334904185,477.389627678412,1.0564094569401175,1.1553045051890467,0.31394290028639,0.73569011702456,1631.92951864077,,31.8707645653443,False,True,1.1553045051890467,False,False,False,False,False,False
106,reached,0.07715536835894851,-29.566247067301447,-0.0006930896374086615,-1.6015846995287575e-05,-0.0020582399315003386,0.06617297255371568,406.852963496985,0.9713618984829001,1.1565875928516867,0.27713442225506113,0.600115685962416,1610.56373071477,,30.285309418416,False,True,1.1565875928516867,False,False,False,False,False,False
107,reached,0.07525199955733916,-20.9351672986013,-0.0006759959470059584,-1.4328942910424303e-05,-0.03525033303269076,0.10164111127801334,469.622344585839,1.018831602784625,1.1798710686691,0.5264020555411627,0.60616566876268,1806.10261165464,,22.6121037199529,False,True,1.1798710686691,False,False,False,False,False,False
108,reached,0.014931517678564241,15.096052758301084,0.00013388720950047173,-2.4576340507564964e-05,0.01325171938410108,-0.10418112624938658,652.648855782119,1.0024978668128408,0.9701593560745201,0.46802974080502996,0.704848802843736,1581.50115415128,,23.2641989142983,True,True,0.9701593560745201,True,True,False,True,True,True
109,reached,0.060006346133240795,-21.378505729098833,-0.0005390320984020036,-1.5315368813162422e-05,-0.010416911823030617,0.08111613721098365,418.099287884491,1.0323148727821556,1.1329357384471332,0.2831176068112089,0.5764200623221319,1611.17008921393,,29.3625813711182,False,True,1.1329357384471332,False,False,False,False,False,False
110,reached,51.64978148561148,244.77906156619792,-0.18100963426529404,-1.2515534513898956,6.881097091449641,-38.0038785219719,960.269742513134,0.9698387245277392,1.1469322324692732,0.5384915916693545,0.541613834837348,1640.0,,17.6710485941746,False,False,1.1469322324692732,False,False,False,False,False,False
111,reached,0.32617816354613666,-239.0163618637016,-0.0029296715125042283,-0.0001637765246869094,-0.3750210799175697,0.9759464227279011,367.521040819293,1.0401204332108638,0.83332800847646,0.7222689982305222,1.013316696500648,1541.0809094979,,31.5209841770876,False,True,1.013316696500648,False,True,False,False,False,False
112,reached,0.18959730154235507,-108.98427519869801,-0.0017031376933118736,-4.797984399829147e-05,-0.05805713222237863,0.2204409958550002,372.103049567415,1.0239033501153039,0.7645938931909666,0.6109903297968556,0.819194976247504,1609.93319297716,,24.4908534137522,True,True,0.819194976247504,True,True,False,True,True,True
113,reached,38.573222044988576,-766.3702042288023,-0.18126774864990125,-0.9003906921341809,6.44194032193656,-53.9941594715322,909.468848632949,1.0500095772243758,1.0597300427008933,0.7545085640212722,0.748949611854816,1640.0,,18.1081434914617,False,False,1.0597300427008933,False,False,False,False,False,False
114,reached,0.05162617158919453,-33.37419496700022,-0.0004626405288945534,9.565370248765248e-05,-0.25843672854380983,0.3797085173554251,575.730258748109,1.0017644953265035,0.9464872883823067,0.47436330671915666,0.953778676355056,1519.00873568215,,25.484114354545,True,True,0.953778676355056,True,True,False,False,True,True
115,reached,0.14096157134454432,-81.07873113150345,-0.001266230055605888,-4.262688270273429e-05,-0.060473063204760535,0.19869656684409165,388.98645906562,1.0209851782100765,1.1434446999339933,0.43811517146376,0.72631295520292,1689.62650672151,,27.4889426378923,False,True,1.1434446999339933,False,False,False,False,False,False
116,reached,0.2226435365061371,-145.29160242050057,-0.001999365701095712,-0.00015989342230682269,-0.10809313568229051,0.3265981323364997,609.310928096859,1.0125745816371379,0.8818353260058867,0.6304714623145278,0.942770904554364,1499.36596864461,,26.2674076135332,True,True,0.942770904554364,True,True,False,False,True,True
117,reached,35.19730399868923,-499.2553926274013,-0.19385426693730778,-0.6931723097873999,5.004240759748191,-64.4929185259275,887.829043946066,1.0207968379318542,0.95378289954864,0.87063971216375,0.8885635214738039,1560.0,,18.1309845844299,True,False,0.95378289954864,True,True,False,False,False,False
118,reached,24.359139513077423,-1393.2494931679976,-0.10306526893400303,-0.5595043226863083,10.158767197675578,-48.75304225617299,753.606678098055,1.072399860580772,0.9922317353061401,0.9081870015078499,0.9285243639207801,1600.0,,21.9255654923587,True,False,0.9922317353061401,True,True,False,False,False,False
119,reached,0.13254110734415578,-110.17549763580246,-0.001187345872295964,-0.0002692269765987021,-0.21727677053430128,0.4196486892560074,566.263214209362,1.0365824541357276,0.8005303484840134,0.32501230950054166,0.875588672898888,1580.26082102164,,34.3970270702419,True,True,0.875588672898888,True,True,False,False,True,True
120,reached,0.08358169689515998,-20.771712888901675,-0.0007508432523906095,-6.040233984094812e-07,-0.13360023166600143,0.3368046273940877,544.79942860405,0.9639401221505338,1.1072581742106267,0.3328951685239511,0.668624778074436,1591.33198922917,,30.7541153891622,False,True,1.1072581742106267,False,False,False,False,False,False
121,reached,34.55373313828364,-1089.0901883089973,-0.14655915344189907,-0.7676908877182882,6.46962421585542,-48.62672372210611,856.631721844071,1.0374856044173162,1.0578998389476133,0.7569669817556,0.77887468106254,1640.0,,19.2590543352523,False,False,1.0578998389476133,False,False,False,False,False,False
122,reached,0.04736139994995065,-15.866008842098381,-0.00042329799060780715,0.00012736270340951705,-0.18545812727760058,0.4814187647592121,399.129589495781,0.9647650188780738,1.2138663801798,0.4170408227165567,0.5126458707899719,1714.00119186333,,25.9454579727334,False,True,1.2138663801798,False,False,False,False,False,False
123,reached,0.017705634020197085,-4.293025757498981,-0.00015887601310282662,2.1889087406634644e-05,-0.08444109070632955,0.3403981917699923,375.92574854703,1.009974716853503,0.9808136319269467,0.27464031944675166,1.00330235530724,1589.59255621503,,29.4706181905894,False,True,1.00330235530724,False,True,False,False,False,False
124,reached,0.10525133503945262,-59.40294882360104,-0.0009281312971012312,0.0005160879084940007,-0.42340853748578056,0.8663322255475236,392.955752899628,1.026394581757941,0.84983049703982,0.5224940873858978,0.9799233685005679,1595.40418954108,,25.9884154315718,True,True,0.9799233685005679,True,True,False,False,True,True
125,reached,642.4817225138617,13018.2420001604,-5.5191959624731055,-4.675362417798226,-0.5839398662951005,-41.53295238621851,1151.27173728134,0.9312368781483568,1.0357057691007667,0.41526564394579946,0.545306379089488,1446.72007706869,,21.0941977995353,False,False,1.0357057691007667,False,False,False,False,False,False
126,reached,0.08462710117936988,-21.734402030298952,-0.0007602114450122599,-1.7586554292847723e-05,-0.01264204920500056,0.05518033465261851,473.898435528474,1.097663724944767,1.0685192676042534,0.4635324325126111,0.621658296831332,1849.22518513525,,25.0485508245555,False,True,1.0685192676042534,False,False,False,False,False,False
127,reached,0.04636221178948288,-1.858258784897771,-0.0004164791834995185,7.963808712929676e-06,-0.001764241594340632,0.14551170168232375,418.724234518375,1.0200023586046403,1.060695352907,0.6965354069298166,0.839361556076556,1698.47089646766,,26.290089895681,False,True,1.060695352907,False,False,False,False,False,False
128,reached,2.0308085709809673,242.16534949319976,-0.0012655452208889528,-0.054984782157390555,2.6853324264886407,-1.9038741663005112,377.093603389699,1.007991130637044,1.1516630327949933,0.4576726421929806,0.6361064599227519,1800.0,,27.5220424062799,False,False,1.1516630327949933,False,False,False,False,False,False
129,reached,0.2869201124901854,-156.92993904270043,-0.002577235448498527,-0.00011011544970074283,-0.21378640222510015,0.6765147683719022,353.879588099921,1.000114611529654,0.8625816073622933,0.473335559316595,0.873117298448612,1659.37062566033,,31.2374519370911,True,True,0.873117298448612,True,True,False,False,True,True
130,reached,15.742297910910997,-83.31818459920032,-0.032405667921295844,-0.43179647492669915,10.16087634714067,-23.81974828239089,587.486176100938,1.0102920710510714,0.9985197425821932,0.4988705350351539,0.906045580927532,1720.0,,30.89044081793,True,False,0.9985197425821932,True,True,False,False,False,False
131,reached,0.20527654929483427,-130.86202370289902,-0.0018437364908976406,-0.00010923139350893507,-0.101420705676599,0.39271700470550286,592.583156384853,0.9657780896475943,1.0420800851175,0.6466048318351334,1.030503978165328,1505.41096869149,,22.9643968964212,False,True,1.0420800851175,False,False,False,False,False,False
132,reached,5.306265657963452,-63.43020311829969,-0.009333886159993199,-0.14014725128410532,12.91955712388702,-16.687476823504596,367.8882216866,1.0425543707216478,1.00733040497008,0.5969957365232444,0.959890137096896,1640.0,,36.0672389161176,False,False,1.00733040497008,False,True,False,False,False,False
133,reached,0.10838263728968696,-74.12022545750006,-0.0009731205212943905,-8.625593568467593e-05,-0.041509033357501224,0.13092011154429883,683.399551602969,1.0138375685188623,0.9093940470894333,0.52588898900683,1.0083231398712,1454.34543115117,,24.9225433681794,False,True,1.0083231398712,False,True,False,False,False,False
134,reached,0.3159615509253339,-204.93463559319935,-0.002837194476796867,-0.000241999684305938,-0.16421145251899993,0.7256256200132896,295.910873409931,1.0303665341461115,0.9980560359534267,0.7971071948690056,0.938921927503784,1618.49045931656,,34.7160966596159,True,True,0.9980560359534267,True,True,False,False,True,True
135,reached,521.6550111606166,25741.069668817196,4.681444256384594,0.7296647428181018,5.51812610508584,-57.3913303624241,2702.65175721243,1.0562233523073097,1.0091735434715534,0.28294221259536223,0.510454028356492,1446.72007706869,,21.0941977995421,False,False,1.0091735434715534,False,True,False,False,False,False
136,reached,0.04503566867440746,-7.105526391500462,-0.00040457096059753894,-4.0506219534108823e-07,-0.01787084443370901,0.10458122837519568,484.941984107672,0.9970235018548808,1.0357123022673067,0.35410161013063496,0.653260311538068,1654.76972491364,,27.0839374838342,False,True,1.0357123022673067,False,False,False,False,False,False
137,reached,610.7789092930175,30554.7504495611,4.35620150650729,11.624982533786891,6.991141806177651,-51.193958946512595,3366.85654889897,1.0859458297175202,0.8721368148100134,0.2714567626494489,0.40391217442505595,1446.72007706869,,21.0941977994985,True,False,0.8721368148100134,True,True,False,False,False,False
138,reached,8.339546793478542,222.72679070520098,-0.017427192784694512,-0.23544626394991042,9.875566562878525,-24.34673716047888,458.047442665101,1.0612713234072275,0.8177227622545866,0.7583792231549389,0.91762563158342,1640.0,,31.6035883900622,True,False,0.91762563158342,True,True,False,False,False,False
139,reached,0.11517279808549757,-96.31793676079906,-0.0010341331109913199,-8.63764661858113e-05,-0.13620879577459988,0.229915794068404,465.797513529321,0.9308717166325104,1.25182079172638,0.4388262012714428,0.78800515744472,1490.3654758376,,29.3581140554649,False,True,1.25182079172638,False,False,False,False,False,False
140,reached,0.11234363049885111,-41.73616309260251,-0.0009982346741992387,0.0004526558653878965,-0.3403370928906,1.0253237986435124,321.685768124254,0.9901824300229257,1.1103647395847134,0.49147094993281504,0.7678086515699121,1798.15671991662,,30.4279282470366,False,True,1.1103647395847134,False,False,False,False,False,False
141,reached,0.019869480165747487,-0.5686405177984852,-0.00017849220940036048,-2.715067608960453e-06,-0.0007914407806008938,0.019027316527910898,479.976175383735,1.0447642944556248,0.9774219630401,0.6521313093853667,0.9145097254754919,1645.20603573311,,19.3878531757652,True,True,0.9774219630401,True,True,True,True,True,True
142,reached,0.25734698317379384,-142.27824023250287,-0.0023116685759987377,-7.414494814383943e-05,-0.018976702858550354,0.12622458887750554,377.348503850744,0.9570172095823254,1.1949433579732667,0.60439574263885,0.7397900132797159,1688.56386883311,,32.1722381593032,False,True,1.1949433579732667,False,False,False,False,False,False
143,reached,0.030017072907414125,-17.78448211539944,-0.00026935959870399984,3.6358306203965185e-05,-0.24844422678024003,0.38469900254381173,493.528314837282,0.9436592552919745,1.12074167877256,0.29488851329494725,0.6440122446651,1551.78406924881,,28.4299684106207,False,True,1.12074167877256,False,False,False,False,False,False
144,reached,9.514740189244153,-202.32628092809682,-0.021934142578203364,-0.2367740045874882,12.13191019683245,-26.243677578556685,486.813016530014,0.9757771897028252,1.0553554947775068,0.7542551663290777,0.870796791025948,1600.0,,28.9913760624253,False,False,1.0553554947775068,False,False,False,False,False,False
145,reached,0.2969740322433138,-131.9020700514011,-0.0026431543919898104,0.0010805252136947274,-0.8070943484223001,2.665858386966505,215.257624026068,1.1068141787711356,0.9995964628137333,0.5594371598717722,0.868373330779168,1868.00754408523,,39.3870753495691,True,True,0.9995964628137333,True,True,False,False,True,True
146,reached,14.263173189368464,-103.47282230199926,-0.04750312003619683,-0.33637704305789384,9.379085757246791,-36.838737455981686,560.019128490964,0.9901216265910807,0.9724005510225734,0.6468130762480278,0.75849968164662,1680.0,,23.4576622459265,True,False,0.9724005510225734,True,True,False,False,False,False
147,reached,0.46428014175042576,55.190598706001765,-0.00030004347739520654,-0.013537924776414911,-0.30445977971535854,-0.2919475691722937,501.567190153493,1.0633610850984503,1.0759145260075,0.3214267414258183,0.6476932161697799,1640.0,,28.5764698612251,False,True,1.0759145260075,False,False,False,False,False,False
148,reached,0.1988643125556195,-113.46010051600024,-0.0017864048889038031,-4.160420260745923e-05,-0.27231068822099935,0.5916720293498088,438.349554512287,0.9981625483157955,1.0727304515946,0.6818440584225445,0.87671711245364,1542.29802555832,,27.4106994821434,False,True,1.0727304515946,False,False,False,False,False,False
149,reached,0.04612684225256737,-9.27724085870068,-0.0004143649684067441,-7.597996813046848e-06,-0.027754815403980615,0.10821399995660386,452.140863421883,0.961362094514362,1.0457760072552533,0.49809819341429273,0.67057258871242,1684.90020313425,,22.9382515040785,False,True,1.0457760072552533,False,False,False,False,False,False
150,reached,2.1338568270561957,112.03542485980142,-0.00313810450839469,-0.05641184579650371,6.144901916511519,-4.162562065811983,300.839085886106,1.0469323553797056,0.8854094719687733,0.6641415679800278,0.867475038568816,1640.0,,39.318521175126,True,False,0.8854094719687733,True,True,False,False,False,False
151,reached,304.31268427396014,13974.204616936302,-2.5446593714051033,-2.641367963220688,-0.43158013672634965,-43.608101930937096,1339.91037173707,0.9258660785670096,1.1260131285831934,0.4135620374479589,0.5456470766856241,1446.72007706869,,21.0941977994458,False,False,1.1260131285831934,False,False,False,False,False,False
152,reached,0.07445097534394036,-47.38096541419873,-0.000668709962695857,-3.5677442809856075e-05,-0.032720874725360005,0.08570924370849298,546.766045638492,1.0392874759394142,0.8191347704215134,0.5163667530719277,1.01941999438882,1529.17334192786,,20.7325069224496,False,True,1.01941999438882,False,True,False,False,False,False
153,reached,2.0559440654410865,62.41332480250276,-0.0037924391915993283,-0.051230576252009996,6.425361038042089,-4.538913627830709,295.152304480383,1.0261144204895132,1.02892660378424,0.7284149302227166,0.866402102744028,1600.0,,38.9934720860906,False,False,1.02892660378424,False,False,False,False,False,False
154,reached,0.01583551206755073,-7.647434673901444,-0.000142232603096204,7.3569252947436325e-06,-0.12122558044209875,0.2574337979843051,501.366742463488,0.978597521977163,1.0580661597954466,0.3543853560851433,0.615867975535352,1585.00726773945,,25.6785290813947,False,True,1.0580661597954466,False,False,False,False,False,False
155,reached,0.05640659818165629,24.817480037600035,0.0005063189816070235,-5.782407419019364e-05,0.05816440602677986,-0.24775863138250998,680.699628918492,1.0080654887874265,1.0286171021780868,0.7837205223245111,0.756623291541964,1584.18005417927,,17.1096939703058,False,True,1.0286171021780868,False,False,False,False,False,False
156,reached,0.09234614106304662,-86.99843992729802,-0.0008291765974064447,-7.785974810303742e-05,-0.24890783130279992,0.249250475249994,498.637492646852,1.0257614677333824,0.8225167131564933,0.4567721228458722,0.9946932136680839,1564.04030561246,,30.145546039361,True,True,0.9946932136680839,True,True,False,False,True,True
157,reached,31.114723874342072,124.22417337509978,-0.11394114104119524,-0.6964339562026112,8.94461704906142,-44.80591564511491,878.894701575111,0.9957255014694483,1.00590652170558,0.6515766507787056,0.9849731315330841,1480.0,,25.9153642336517,False,False,1.00590652170558,False,True,False,False,False,False
158,reached,0.048529729074143504,-29.22812666760001,-0.0004335167127891282,0.0001351744126907306,-0.26227521810270105,0.4685878832925141,415.123001534862,1.0297855419214306,0.8641240657493733,0.4052489060124672,0.801017330611584,1585.78082877398,,25.0498185085135,True,True,0.8641240657493733,True,True,False,False,True,True
159,reached,46.93226606816732,-73.17794682889871,-0.26823651143210725,-0.8924698812276972,6.143699782619059,-65.0183632332443,1025.01758987542,0.9981670077627723,0.9973642421018666,0.8165720709692389,0.854978233303868,1520.0,,18.4859306023215,True,False,0.9973642421018666,True,True,False,False,False,False
160,reached,0.07754372350331454,-52.690000003301975,-0.0006884825470905298,0.0003047255819126349,-0.3579941601594996,0.5668887075407838,464.640842590545,0.9880127023179389,1.06795171614642,0.5326996732520595,0.670332906540668,1557.32191232305,,25.756000204992,False,True,1.06795171614642,False,False,False,False,False,False
161,reached,0.1812321232179224,-138.1356602092019,-0.0016170067050893522,0.0005717619438030397,-1.1605825853950993,1.7499407232534736,345.683691989368,1.0170801588024274,0.8725240270274399,0.41989462501828945,0.934234349252816,1557.89630381536,,35.6854929646277,True,False,0.934234349252816,True,True,False,False,False,True
162,reached,0.04751556499923212,-30.536236006399122,-0.0004265308007944668,4.6175694791372734e-05,-0.17818628009029958,0.2671072401059007,549.658300041622,1.0164069267901599,0.8141761451089533,0.3982020210408578,1.002880233791892,1465.1235834258,,24.3361726649555,False,True,1.002880233791892,False,True,False,False,False,False
163,reached,0.3888476106125135,-239.57102105209924,-0.003491271529796336,-0.00033625820219640445,-0.3057362104057493,0.9016386928278735,462.880865233774,1.034547727016856,0.8488682926360199,0.36550900187804275,0.950629604937312,1506.52434343016,,37.6635190305416,True,True,0.950629604937312,True,True,False,False,True,True
164,reached,21.69644814512397,-684.8392664819003,-0.06575760616189541,-0.530747051785994,9.469388473234472,-34.941422421490586,695.452419180693,1.0536488066860337,0.9599806044783132,0.6685587741515889,0.8045732445038001,1600.0,,25.2633603823085,True,False,0.9599806044783132,True,True,False,False,False,False
165,reached,360.72083784894176,14403.225533777499,-3.2404249471869093,-0.05019396646528662,0.7160380228202996,-48.143031616668,1424.67372049137,0.9437105037983025,1.1566039058116333,0.4080902546946055,0.540430168530752,1446.72007706869,,21.0941977994919,False,False,1.1566039058116333,False,False,False,False,False,False
166,reached,38.13013039042467,23.29013653020229,-0.22197518279600104,-0.6957879496638952,4.46449240814284,-65.5540682571396,881.354873258601,0.9742975321724376,0.9842272699257067,0.8369345057214667,0.749534382892744,1560.0,,16.3174003992286,True,False,0.9842272699257067,True,True,False,False,False,False
167,reached,0.2881860242170899,-128.5593702307997,-0.0017313898274977646,-0.005962467413610284,-0.6243964419616006,0.7346780529001933,402.024335396862,0.9952131340509446,1.0475591706485867,0.5730625309744944,0.981741258297696,1560.0,,33.0247251866251,False,True,1.0475591706485867,False,False,False,False,False,False
168,reached,0.062188409604279876,-12.110562688500067,-0.0005586535516926006,-7.882593905605972e-06,-0.010069008847450434,0.06387799804139149,532.558092574991,0.9890403422165974,1.0448750238269466,0.5960680626384722,0.680212401994432,1692.80897702955,,21.2388981809314,False,True,1.0448750238269466,False,False,False,False,False,False
169,reached,36.8120783556137,-353.2493174027004,-0.21844832870820596,-0.7492699037420891,5.032983334983601,-67.64591697535201,906.781170179708,1.031242323549533,0.9975162761074666,0.9006440689521,0.84533307395752,1560.0,,17.072562724475,True,False,0.9975162761074666,True,True,False,False,False,False
170,reached,2.8378444520778165,145.3649536994999,-0.004776461417293376,-0.08046127467690667,8.063056149187549,-8.265293580578714,313.456448252884,1.076735873970076,0.9933032441341267,0.6722243997077556,0.8809192923595119,1760.0,,38.5478772179622,True,False,0.9933032441341267,True,True,False,False,False,False
171,reached,0.12840769765478902,-88.99170323870203,-0.0011533237486958114,-6.336273719398378e-05,-0.18847540682769903,0.24765052211580496,438.231775406317,0.9961610726951342,0.8990027145729668,0.6022665794043389,0.8484971690875639,1565.54664500501,,24.2916111284769,True,True,0.8990027145729668,True,True,False,False,True,True
172,reached,10.465017793864035,-254.13046724500236,-0.028716364765600133,-0.2969267821515018,11.11343722093381,-30.150441635396305,515.22268341539,1.020708248158116,0.9844312719551466,0.7131941656115889,0.998759809996268,1640.0,,29.0840509197576,True,False,0.998759809996268,True,True,False,False,False,False
173,reached,0.9214720622479712,108.7604170861996,-0.00091139312849009,-0.026206839458296827,0.20963654326230063,-1.0896315664901124,622.225786381708,1.0508380547532532,0.8755853716363201,0.4984945698345928,0.9461631777399839,1520.0,,27.693412112842,True,True,0.9461631777399839,True,True,False,False,True,True
174,reached,938.5138826613457,28818.6105279955,7.097851421330404,17.817186428491397,6.584411679346619,-42.19140546683249,3248.2952219487,1.083816369875381,0.9402066915264934,0.2672326379723606,0.41634027514775196,1446.72007706869,,21.0941977994763,True,False,0.9402066915264934,True,True,False,False,False,False
175,reached,0.12247820783541771,24.98439088340092,0.0006423219867031094,0.0025677361387010933,0.20771262188165096,-0.17834319551968747,848.779022600065,0.9689083928549642,1.0551236637541734,0.7412658717123,1.01416846663176,1488.22837043789,,21.6300363630331,False,True,1.0551236637541734,False,False,False,False,False,False
176,reached,678.023676530588,27368.291106799195,6.018137929568496,3.1805409784444123,5.807980032239871,-56.902893854400105,2896.90371221869,1.0627371833556714,1.1195349637813934,0.26214668092807003,0.494031429999864,1446.72007706869,,21.0941977995629,False,False,1.1195349637813934,False,False,False,False,False,False
177,reached,62.223289614301585,59.598381027801224,-0.35736701027880713,-1.3088355092673964,4.555992100666749,-61.9085490256991,1088.01706427687,1.064472035969602,0.9340151021845801,0.9405159951482666,0.8382004195318681,1560.0,,14.3244941846929,True,False,0.9405159951482666,True,True,False,False,False,False
178,reached,27.280644757438687,-920.9189239232983,-0.11859479038480458,-0.6418978254239107,7.07515989250922,-52.643284871482095,849.885684379349,1.028266662035893,1.0163064911426933,0.87788064750205,0.9479568712162161,1520.0,,21.5123611667659,False,False,1.0163064911426933,False,True,False,False,False,False
179,reached,15.538377534819613,-86.0810409646001,-0.030594702613797153,-0.3947241285823111,11.174324646342699,-22.9002629618021,599.507698183017,1.0319221771514386,0.9073142030116467,0.5646187667070667,0.843691729991716,1720.0,,31.7626125995368,True,False,0.9073142030116467,True,True,False,False,False,False
180,reached,0.04797243464516456,-23.62145425830022,-0.000429725041101392,0.00010349822218813642,-0.2585591285573994,0.5481103600693018,414.209782542138,1.0052399924465485,1.1337131844654267,0.3258000122347533,0.607994272398036,1597.72116741773,,27.0658285576815,False,True,1.1337131844654267,False,False,False,False,False,False
181,reached,50.79687890013374,-331.52733394400275,-0.3068955432340914,-1.049877521174892,6.2084242362307505,-66.9746257757346,1084.73474677256,1.0393806132267394,1.0297032645858932,0.8473437804534167,0.7974134720955479,1520.0,,16.9245752652296,False,False,1.0297032645858932,False,False,False,False,False,False
182,reached,0.019910778758360257,11.309337367401895,0.0001776726952016361,-6.182970409440713e-05,-0.05128026802520047,-0.012720544061778583,658.560247530676,0.9927578929399792,1.0160995980122467,0.48061417946326995,0.67586031149162,1589.19750578016,,22.2323390596904,False,True,1.0160995980122467,False,True,False,False,False,False
183,reached,0.6021586664895974,-0.12904779959717416,-0.001297657420593623,-0.015280116132885269,-0.08435320211930097,-0.45121766343180525,457.515021811901,1.0017771268021414,0.7402426221633667,0.4494606062372322,0.785669807972476,1520.0,,32.1911963809483,True,True,0.785669807972476,True,True,False,True,True,True
184,reached,1.192023830819112,102.94325897700037,-0.0018343442526997933,-0.03069245864799086,2.0969564490253507,-1.5144705743643954,320.723886452189,0.9804290665840832,0.9798800651616734,0.49888998989563776,0.681285574757136,1720.0,,30.0134923538532,True,False,0.9798800651616734,True,True,False,False,False,False
185,reached,1.4790222849316499,-14.389205158200639,-0.0032491443137985243,-0.038822303020111804,6.072517407202019,-1.4576309669162129,260.344150084128,1.070348710358764,0.97090922094314,0.5632347565362222,1.0493192235083,1680.0,,38.736355378059,False,False,1.0493192235083,False,False,False,False,False,False
186,reached,15.282361606731381,-151.5477155289991,-0.03772072580180463,-0.41219869991749647,12.11546525691937,-29.57142116429452,591.079165234746,0.983080592371326,1.0605219202314133,0.7347321122849944,1.0040603545257398,1600.0,,29.9740579702076,False,False,1.0605219202314133,False,False,False,False,False,False
187,reached,271.65011929972127,16136.429175127003,-1.9433118461358987,-4.197515694975436,1.9778691009486007,-50.9171711284807,1620.13008980963,0.9716646308102683,1.0021236235672735,0.3988191593053522,0.546839850548248,1446.72007706869,,21.0941977995327,False,False,1.0021236235672735,False,True,False,False,False,False
188,reached,0.029360495463546354,0.40345716149749933,-0.0002637554623987626,-3.1154840485214663e-07,-0.002114952261369041,0.11442796567098412,340.221371334926,1.0643420284052456,0.9350119315319734,0.5422285219877105,0.880446827913788,1688.83941776939,,27.0551560463522,True,True,0.9350119315319734,True,True,False,True,True,True
189,reached,35.060056623185886,-2296.2906944688,-0.16374244003179683,-0.7569052069385975,9.966091576823251,-54.29963265724439,941.885288493854,1.0507053594353657,0.95233561713544,1.0091732890282834,1.0434869750420082,1560.0,,20.6330389425735,False,False,1.0434869750420082,False,False,False,False,False,False
190,reached,18.69492119347942,200.2757784573987,-0.06666501808309988,-0.4429972315556938,10.596787312559343,-41.195908296675896,649.874569751614,1.0246527454275187,0.84946891336388,0.8955587398106056,0.981877971011,1520.0,,25.5524655241489,True,False,0.981877971011,True,True,False,False,False,False
191,reached,0.006603584860195376,5.489070641699072,5.925921131222367e-05,7.310320796705128e-06,0.028006673337870325,-0.037275872964301016,857.838735099062,0.9850144677158448,1.1352223135874666,0.64074362159995,0.660053384071264,1522.89513647161,,17.9269157950127,False,True,1.1352223135874666,False,False,False,False,False,False
192,reached,0.013903957218055346,0.8998082832004002,-0.0001245855262936857,-2.9122179910245904e-05,-0.022528757942199107,-0.012032182317682327,614.704928298486,1.065166088264504,1.0940793602508265,0.5003460873238944,0.66362123534238,1616.58190857799,,21.374812352083,False,True,1.0940793602508265,False,False,False,False,False,False
193,reached,0.05677134448501673,44.54291522929998,0.0005094206912019672,-7.48989895100749e-05,0.06470347015414113,-0.24216719255412045,733.831211026871,1.0382535621119318,0.73452919832162,0.73102605283425,0.95813125558866,1547.09218550579,,21.2035041608449,True,True,0.95813125558866,True,True,False,True,True,True
194,reached,12.45833397510441,-391.1628909883002,-0.03888335475650706,-0.3230164674835976,11.13369739344894,-34.8711847479382,548.244741865496,1.054469852590367,0.9178757491426266,0.7082487517031278,0.81257365843366,1720.0,,24.4811792194114,True,False,0.9178757491426266,True,True,False,False,False,False
195,reached,0.015631262689379855,0.3508988274988951,-0.0001403905938985872,-8.262403895287207e-06,-0.004800977569558995,0.05584679543528637,317.881617516244,1.0709407423461113,0.9883550662211333,0.8082913793728,0.925038965673244,1718.20948434349,,27.8548187607209,True,True,0.9883550662211333,True,True,True,True,True,True
196,reached,0.5781468999908885,8.189513937599258,-0.0018965810705964259,-0.014650949729997365,1.2115478037152396,0.45680749146299604,290.879947182311,1.076053273960149,0.96242854937178,0.5274910597073977,0.748899261687376,1840.0,,31.771516021209,True,False,0.96242854937178,True,True,False,False,False,True
197,reached,11.794290673682925,96.5445369891022,-0.028172647707293663,-0.2949272747717089,9.758475626885325,-27.56993721669039,543.606501769226,1.0041141880688653,1.0124472373866333,0.7740007276061055,0.830034104618964,1560.0,,29.3128195082023,False,False,1.0124472373866333,False,True,False,False,False,False
198,reached,20.313364928042585,-177.51912548149994,-0.0700423590903938,-0.5105258129632091,9.22384205511933,-38.6291642034646,644.03386044998,1.0655974137543895,0.94672906234372,0.6042606562752223,0.732419179859812,1640.0,,22.9793017295307,True,False,0.94672906234372,True,True,False,False,False,False
199,reached,22.207076675066215,-343.48249730000316,-0.09195682842890562,-0.5174904673272067,9.968176975761615,-46.27853571339321,689.137686160156,1.017291614617199,0.9987153002434866,0.7325421131372056,0.7780432380763,1560.0,,22.1145309612374,True,False,0.9987153002434866,True,True,False,False,False,False
200,reached,0.04795512605373569,-32.986602703898825,-0.00043035233780130966,5.853623909501948e-05,-0.21026602160571883,0.33662877829868876,499.376977248989,1.0247381699885223,0.8225295748739134,0.42404868690922337,0.957992827497308,1548.69257177002,,23.8860073681597,True,True,0.957992827497308,True,True,False,False,True,True
201,reached,0.03583696257281692,-6.9443893000971,-0.00032188563369572876,1.689588000886033e-05,0.004888896683180377,0.16589799427032403,379.263772416346,1.0273484130600645,1.0398468098373665,0.8535435628063167,0.9731744875376039,1744.06481624479,,23.7470866387796,False,True,1.0398468098373665,False,False,False,False,False,False
202,reached,14.871089703320353,-15.41741507739789,-0.05868923218939415,-0.34969736801531326,8.737255567447031,-42.5521384503046,582.073051769744,1.0102506783712577,0.99376202584986,0.7108976593294166,0.849361245073424,1600.0,,22.9233866783229,True,False,0.99376202584986,True,True,False,False,False,False
203,reached,0.12459101731162685,-86.2096117188994,-0.001099762379396907,0.0006304302492026181,-0.4832841301563011,0.8013897152578977,440.169702178698,1.03054588165407,0.9863937867136467,0.654203654627239,1.001110854509544,1519.22516161583,,30.0528450940513,False,True,1.001110854509544,False,True,False,False,False,False
204,reached,24.69478115659489,-290.0827272192,-0.09802818694760163,-0.6019245975003003,3.9605274888937396,-44.4823303330777,753.811784741136,1.0209225179165964,1.00050950122362,0.7287973017211111,0.8743056436644799,1560.0,,21.3807088470614,False,False,1.00050950122362,False,True,False,False,False,False
205,reached,0.29241810200183316,-184.01625951519964,-0.0026267967844972873,-6.375896910526535e-05,-0.22863046575730017,0.7280148753366973,320.072852116173,0.9596774607873335,1.0820315206389466,0.6278802881277723,0.87952125924076,1577.06907880537,,31.8555045660149,False,True,1.0820315206389466,False,False,False,False,False,False
206,reached,0.038143324382021476,-10.449533752700518,-0.00034247508560270035,3.080687619672062e-05,-0.1258367056453995,0.3646510558231171,487.531423909127,0.9611346767580444,1.15712004089202,0.2998313257541578,0.617570996912516,1635.09586436527,,30.6081348077686,False,True,1.15712004089202,False,False,False,False,False,False
207,reached,0.19940358766069283,-171.43920411789804,-0.0017913066003956146,1.1867871194226609e-05,-0.3998482224393296,0.8781316987337959,420.856575899505,1.0120574067906818,0.8720734923425866,0.5923657972637445,1.018631259031032,1545.6579518719,,27.8834636795422,False,True,1.018631259031032,False,True,False,False,False,False
208,reached,14.726163353189046,-130.73531968930183,-0.047734808589396494,-0.3592348492688018,9.162292383485788,-36.598569264248624,610.719171127415,1.007155214391397,0.9964522253423667,0.7099350564402332,0.9700957311798201,1560.0,,27.8887959373594,True,False,0.9964522253423667,True,True,False,False,False,False
209,reached,0.047157023481640574,-24.14473638060008,-0.0004236232580012711,6.275870987337839e-06,0.19789536934852947,-0.17005289795770295,607.533703993125,0.9825600713983879,0.9232432197677333,0.38795394666788724,0.98313464908078,1489.84927902249,,28.1441981995208,True,True,0.98313464908078,True,True,False,False,True,True
210,reached,0.47675739879622836,34.175058050401276,-0.0007664037247963051,-0.013138713207098363,-0.055132840887599954,-0.5360974778901095,480.386016785848,0.9719075935894521,1.0780836015852067,0.48086428699115114,0.7354496610553041,1600.0,,24.6254666270919,False,True,1.0780836015852067,False,False,False,False,False,False
211,reached,0.09215749798693396,-60.15365486869996,-0.0008277209885960701,-5.024974919365377e-05,-0.08658095257679932,0.12124023580571475,496.04330319029,1.0050444931908507,0.9666874072855334,0.504259320387585,0.734437369317072,1565.58294196271,,25.4702694142312,True,True,0.9666874072855334,True,True,False,True,True,True
212,reached,1.8057826548011098,178.96855100660105,-0.0018229039409050074,-0.05415064547599968,1.3066691139186908,-3.5969087679328027,479.539152338961,0.9934314374429899,1.09025453032292,0.5372438331431395,0.9097764619039641,1560.0,,30.4219345125152,False,False,1.09025453032292,False,False,False,False,False,False
213,reached,0.02760092625541745,17.692698569302593,0.00024789123250457124,-1.5024200195057347e-05,0.022429701771798705,-0.11077667273571024,735.788229725187,0.9394683101113943,1.1277759229928332,0.53976672308288,0.697099699841716,1543.38075749605,,20.9919341623154,False,True,1.1277759229928332,False,False,False,False,False,False
214,reached,0.036554073077473624,19.662586570299027,0.0003267087956970727,-9.626838550502725e-05,-0.0012490731371990194,-0.11685120511759806,634.604801670055,0.9890241616704838,1.0213834887802866,0.6352565597900889,0.7035419047476,1592.04203627314,,18.8717923452464,False,True,1.0213834887802866,False,False,False,False,False,False
215,reached,14.046962398010251,-1031.293516670401,-0.0548197938408066,-0.3650583033225985,13.99444113385444,-44.103183130986,608.790534683885,1.0787295603998925,0.8388715050241268,1.00554916857345,1.004514889232004,1680.0,,23.9436399291346,False,False,1.00554916857345,False,True,False,False,False,False
216,reached,0.02810151562888599,-27.753980622597737,-0.0002521447456018677,3.7737806110271777e-05,-0.22061188762640072,0.23052578316867312,574.452272466708,1.0343497092093512,0.9192223092988534,0.4705114471888034,0.824299680797172,1545.75143285795,,25.9522209266991,True,True,0.9192223092988534,True,True,False,False,True,True
217,reached,0.2757397732687351,-253.99885088270094,-0.002473663751402455,-0.00036671146054345627,-0.24125096416400105,1.0386842512482986,293.597830117113,1.0235532104480978,1.1172966658575467,0.6024312112556833,0.917998989179068,1662.55463031368,,32.7573535006508,False,True,1.1172966658575467,False,False,False,False,False,False
218,reached,0.010663260283891947,7.517625380802201,9.558573509593771e-05,-2.0091298893021303e-05,-0.02237567673009977,-0.010778528324806302,844.189182476536,1.023074719932494,0.9646304588782934,0.6459791410123723,0.8300434413117721,1543.71937400239,,20.9193808876668,True,True,0.9646304588782934,True,True,False,True,True,True
219,reached,0.18390527545858493,-144.00064421520074,-0.0016520119911973552,-4.718409761039766e-05,-0.3147878282232792,0.7655855707831165,405.769560815559,0.9963493844108708,1.1718237791238533,0.5512505518745372,0.892516795444816,1624.38090888926,,26.6500125921278,False,True,1.1718237791238533,False,False,False,False,False,False
220,reached,0.14113147276583068,-101.03360998470089,-0.0012674996088009038,-8.273165460082055e-05,-0.03478160038319977,0.14918113547662415,523.415796105668,1.0180599609159866,0.9719599320756668,0.5656292121307611,0.8836248436719479,1531.02403561409,,28.9936810246741,True,True,0.9719599320756668,True,True,False,True,True,True
221,reached,1.8816523116833068,237.19930674220086,-0.0017588353863970951,-0.044587728491109146,1.1971749662606896,-3.6821181071156843,437.931473275795,1.0164004284082755,0.7990913388580334,0.42134372633439554,0.680087439708304,1560.0,,28.4409000986687,True,False,0.7990913388580334,True,True,False,False,False,False
222,reached,15.743800363158426,-406.2273513145992,-0.04478353043199945,-0.37920902530700573,11.68182554221142,-31.932236653595112,580.760956217603,0.9822391619860463,0.96875292392966,0.6533571060912611,0.7773011455871159,1640.0,,25.0609071726193,True,False,0.96875292392966,True,True,False,False,False,False
223,reached,0.1283741290378564,21.84884697330199,-0.00012573557569339755,-0.0031969120888959424,0.06191606799409932,0.07383632227862336,393.077704637357,0.9834997348578846,1.04773469333722,0.5550492482388877,0.715983996694084,1680.0,,22.7734629097507,False,True,1.04773469333722,False,False,False,False,False,False
224,reached,17.604731205297867,-188.5525632702993,-0.06812530630389801,-0.4333947540008012,7.97292047509057,-42.75358678585869,631.492836400908,0.9996040712594408,0.8755852915905133,0.6848184699008166,0.773597238147408,1640.0,,22.7318454507581,True,False,0.8755852915905133,True,True,False,False,False,False
225,reached,0.08784114941016492,-29.626157903199783,-0.0007808665040016649,0.000310612992308279,-0.2310714694307201,0.6814198726794984,379.562755091151,1.0302003229730352,1.0203531927930134,0.5106888811602395,0.709099216352812,1759.11277155296,,27.8051866698704,False,True,1.0203531927930134,False,False,False,False,False,False
226,reached,0.6545132090498845,-32.59052068009987,-0.0026213677917041878,-0.014813301361812137,1.8503430705238397,1.0548175654320175,255.54192711996,1.0023980578414051,1.0033183988816867,0.5692400308484888,0.895030056119432,1640.0,,37.7687156821464,False,False,1.0033183988816867,False,True,False,False,False,False
227,reached,2.1860503282681534,242.19780469469697,-0.0021649643105945415,-0.059835097071896826,1.7718355472078287,-4.694680584821896,439.405971147006,1.0505163844104974,0.8145957459656133,0.49743871903112724,1.04925384952622,1480.0,,32.4987772440858,False,False,1.04925384952622,False,False,False,False,False,False
228,reached,0.1007637914622144,-44.47043883799779,-0.0009051895276002142,-1.132983530283127e-05,-0.16376314855440022,0.48559987355270096,409.815331550658,0.9797263601944021,1.0921408200804534,0.2956731135288528,0.617902828945832,1621.16244080929,,29.0266820828251,False,True,1.0921408200804534,False,False,False,False,False,False
229,reached,12.64936031831612,-1094.1606807696007,-0.0405493594537063,-0.2925238712124951,14.72004650945183,-35.966119441853095,564.359733528458,1.043817321351081,1.00156766191412,0.9817719967467999,1.019950545170264,1600.0,,25.6698370687864,False,False,1.019950545170264,False,True,False,False,False,False
230,reached,882.4008680702426,14765.229070839501,-7.704173856148294,-4.950393454678675,0.025634649955359023,-45.721830549862005,1357.14165577308,0.9550388713684773,1.10044746151022,0.40295657564369053,0.529385830440428,1446.72007706869,,21.0941977994924,False,False,1.10044746151022,False,False,False,False,False,False
231,reached,0.11882247587600629,-67.639909377398,-0.0010673365504914045,-3.946936840293347e-05,-0.1823870597058992,0.3780985700790893,510.929742057506,0.9774521024656808,0.96250982339574,0.3642937596894089,0.777298737978212,1541.71344552189,,24.8303441944787,True,True,0.96250982339574,True,True,False,False,True,True
232,reached,14.738853325835683,75.33678421669902,-0.05508767325569863,-0.3260378274997038,8.237559359201448,-41.10112534876362,582.089290513297,1.0374989559254677,0.9764121912707,0.6412789603468889,0.788506380564172,1600.0,,23.4362999888173,True,False,0.9764121912707,True,True,False,False,False,False
233,reached,19.399456929014143,-440.4855918059002,-0.056265618910700255,-0.4620789892906032,11.260180481865822,-32.999094777752504,632.121454560465,1.1159144536947536,0.9644781895393999,0.5973163632290055,0.7587622196935839,1760.0,,24.8582197306847,True,False,0.9644781895393999,True,True,False,False,False,False
234,reached,0.639752923629444,54.19454212690107,-0.0007507991572879291,-0.016510107798296758,-0.07908719854649959,-0.6366762531109771,609.397601760095,1.0289837959773962,0.84376943170624,0.37111720699214495,0.980573304508604,1480.0,,29.8562579762594,True,True,0.980573304508604,True,True,False,True,True,True
235,reached,155.00650138912633,20656.821806571003,1.3617864638818986,-0.8544260947570024,3.25955054174136,-55.5708902454561,2142.73090092687,1.0323167857028204,0.85604267219742,0.3556833996452261,0.531206338164112,1446.72007706869,,21.0941977995073,True,False,0.85604267219742,True,True,False,False,False,False
236,reached,0.0003023273888800825,8.188716929500515,-2.3831437090393592e-06,3.7288158125647897e-06,-0.006280709396019546,-0.022366652953593302,753.049398210722,0.9852116125570135,1.0791080109044533,0.6464897819603834,0.708536702042644,1574.16151193754,,18.7332313304113,False,True,1.0791080109044533,False,False,False,False,False,False
237,reached,0.024745957211607054,17.586979379000695,0.0002221437632101697,2.360384681310279e-05,0.047811464600700404,-0.0948182228191854,1054.44099868725,0.9670102493442457,1.2686142444436934,0.8910734801306001,0.68953668214622,1496.73947697218,,14.5285492456228,False,True,1.2686142444436934,False,False,False,False,False,False
238,reached,0.03386627982845876,8.157480684698385,0.0003033853667062658,-6.46919073119534e-05,-0.01103680750519942,-0.08315616736030051,578.173019787558,0.990473622344458,0.9556102012010733,0.5480334142219133,0.659914600110724,1589.59321419905,,20.0087258619663,True,True,0.9556102012010733,True,True,False,True,True,True
239,reached,0.12335183619530547,-74.00484154649894,-0.0011055535838977448,0.0002123074858104701,-0.49359320744603075,0.8552275352355991,423.174092027326,0.9957835168622028,0.8869197861144934,0.33108146588300724,0.652176099475756,1670.31942247805,,32.7762782791165,True,True,0.8869197861144934,True,True,False,False,True,True
240,reached,73.62795455125358,21973.500967049502,-0.6339932428543023,-0.570305670939689,4.13906854898353,-57.0401349634883,2205.99995145833,1.022911526351585,1.0677133501460667,0.35357891867107555,0.5476391270363601,1446.72007706869,,21.0941977995657,False,False,1.0677133501460667,False,False,False,False,False,False
241,reached,0.15157911830264767,-69.63608448840023,-0.0013345508419035923,0.0007266401674996814,-0.6905269972688206,1.669702284984993,287.832263306386,0.9674001357739725,1.1538000627872,0.5029441602942161,0.658434894056348,1795.68691281913,,31.2462076583596,False,True,1.1538000627872,False,False,False,False,False,False
242,reached,0.030940129869023388,-1.8970523091993527,-0.00027794446810958107,-2.6121026905912004e-06,-0.0070270516141999195,0.08605124189301705,391.174385467151,1.0488309761872194,0.9887819537419267,0.9400201140643389,1.0337050224167321,1731.16867582566,,22.5636667733552,False,True,1.0337050224167321,False,False,False,False,False,False
243,reached,0.17212774854060608,-100.10187880369995,-0.0015459595213940247,-8.590918059780961e-05,-0.21683892975489982,0.42982228425421454,517.005944381394,0.9896037239722026,1.0672836907749867,0.32048544114901834,0.727600756740452,1579.10363206968,,29.7610044001823,False,True,1.0672836907749867,False,False,False,False,False,False
244,reached,0.21321386517033816,-154.21967581690114,-0.001914855345788169,-0.00013126430459919902,-0.24868015677460065,0.31761864790451,446.405370534617,1.038024777726753,0.9045330915825933,0.43717984787186,1.022322643668096,1525.68433179414,,33.6806775177228,False,True,1.022322643668096,False,False,False,False,False,False
245,reached,21.872418874620916,-1506.9222291572005,-0.08450030466369185,-0.5043513698628885,12.26612155628208,-44.231491446566594,719.992987028099,1.0614685960184564,0.9918779239509666,0.9343620280886167,1.038712859284824,1680.0,,23.7955840077275,False,False,1.038712859284824,False,False,False,False,False,False
246,reached,11.987741848155217,-190.12903898540026,-0.039686720272797515,-0.279393603392009,11.333414976725635,-36.533465227196416,537.643348368613,1.0181618243480146,0.88573953724264,0.7071883870460055,0.803935956703044,1600.0,,24.3666820076316,True,False,0.88573953724264,True,True,False,False,False,False
247,reached,0.21440512449716886,-146.32788901270033,-0.0019249443409989908,-0.00020329454670786617,-0.12215650333999939,0.3363582425432128,542.417996225446,1.0427146915114929,0.8415975427171133,0.6063780860786111,0.831141759390848,1578.35565577487,,30.1901129796518,True,True,0.8415975427171133,True,True,False,False,True,True
248,reached,0.04135060111825544,-4.525039096599357,-0.00037063935759817923,6.654861940091905e-05,-0.03544226914628901,0.32323479936499666,394.143557903372,0.9705549959218397,1.07373630999612,0.6724995651876444,0.664668014304148,1674.71454641541,,28.6305035911411,False,True,1.07373630999612,False,False,False,False,False,False
249,reached,0.0973682364177199,-37.769356825898285,-0.0008746205181040523,-3.275740908748048e-05,-0.0707694164432997,0.252751428472493,427.66493626001,1.020039604352325,1.1187033151649666,0.267156241625965,0.5705631985742879,1615.60056389505,,30.2169400878856,False,True,1.1187033151649666,False,False,False,False,False,False
250,reached,0.038338319076581404,16.570829297499586,0.0003439750354914395,-5.199351579676659e-05,0.017885157864398593,-0.15884849580328364,616.450069572732,1.0157769752595713,1.0539097476125265,0.53584753168411,0.6890149920887441,1582.96878284287,,20.9294046138273,False,True,1.0539097476125265,False,False,False,False,False,False
251,reached,3.7327619438090704,230.24671472960108,-0.005626323945293166,-0.09667179691871297,6.234970462038149,-9.6165653109571,373.488365263889,0.9964030233267689,0.9958848840422133,0.6549989771371778,0.994472164158956,1560.0,,33.7605066746147,True,False,0.9958848840422133,True,True,False,False,False,False
252,reached,0.08320154272543923,-26.168405250500655,-0.0007469641311956821,-7.46237761006796e-05,-0.07644885393230005,0.1775559016351167,594.745771933652,0.9794770979806141,1.0054874427224867,0.3301528706716695,0.64119087759308,1545.74886824993,,26.9557257623347,False,True,1.0054874427224867,False,True,False,False,False,False
253,reached,8.717400183657997,50.32856594939949,-0.01756038233639856,-0.2230075609959954,11.54705910670333,-20.76573450592491,460.0863467907,0.9703501230216982,1.08460410982962,0.8354408099162833,0.9472968912531841,1560.0,,31.7694028252602,False,False,1.08460410982962,False,False,False,False,False,False
254,reached,41.23271453043377,224.23844895579896,-0.2402211054496064,-0.7597271640414078,4.29817429435933,-65.1730795152978,921.699350455516,0.993601879981369,1.0225372099915868,0.7948611939551167,0.755721011138252,1560.0,,16.8475396007665,False,False,1.0225372099915868,False,False,False,False,False,False
255,reached,0.1280587536300727,-88.1206022307997,-0.0011502023227905056,-5.9979038411484e-05,-0.07758923218669977,0.1415937620574823,488.150065115017,1.072304997084527,0.8377255236209867,0.46157240168816277,1.003613062658852,1487.23693637157,,28.8115246830829,False,True,1.003613062658852,False,True,False,False,False,False
256,reached,0.028413250420086914,-2.0466537654974672,-0.0002552459029061538,-8.038823011702334e-07,-0.0042522348817009,0.05027006504298015,445.871133785516,0.9549339318139627,1.0704839952231067,0.7136421706886056,0.8949654587100999,1608.99787198157,,20.1753102130032,False,True,1.0704839952231067,False,False,False,False,False,False
257,reached,0.049760193848986445,-21.518706367798586,-0.0004467240703860398,5.178684759243879e-05,-0.254978522224679,0.5477860846842191,445.405813994194,1.008274394765009,1.0864828755927933,0.2594040796319578,0.59782525222734,1634.28474018177,,30.9837935372022,False,True,1.0864828755927933,False,False,False,False,False,False
258,reached,13.65577843774069,-488.031282141299,-0.03155329163909926,-0.34377992269540414,12.18068919832157,-26.98958158505019,582.284282674705,1.0253764437744999,0.96145047918784,0.6813918087574,0.958567960911684,1520.0,,30.8209613803097,True,False,0.96145047918784,True,True,False,False,False,False
259,reached,0.33056891055218124,-135.62735804789918,-0.0029696020148008984,2.6960157811117824e-05,-0.07118411091759924,0.7114275604562863,390.365980150933,1.0674607892557801,1.0866759216752733,0.5151368994669661,0.779731785609008,1832.02094948806,,29.6508448872501,False,True,1.0866759216752733,False,False,False,False,False,False
260,reached,0.005296731913711961,1.4667417329983437,4.757549459100119e-05,-2.3858798954279337e-06,0.01599691527310121,-0.02935267864359048,561.286453664892,0.9969030199847343,1.0834394686752533,0.4457236997625266,0.6482887737358121,1604.80146758104,,22.6537878859513,False,True,1.0834394686752533,False,False,False,False,False,False
261,reached,0.13977391972138078,-114.38659544740221,-0.001255263167692533,-9.245165509241815e-05,-0.09995547463999976,0.17027307656189805,510.771727579707,1.016494835538503,1.0061653902703533,0.6452678742610223,0.996992888868852,1528.01877664652,,25.8623938065539,False,True,1.0061653902703533,False,True,False,False,False,False
262,reached,0.06514075340147611,-8.722785113801365,-0.0005851771362017644,-6.832907104126207e-06,-0.06348695036160024,0.23807720704999724,492.413577360751,0.9796073635891424,1.03343208042958,0.3208743272918083,0.589722551902508,1620.08091454504,,26.9222381478523,False,True,1.03343208042958,False,False,False,False,False,False
263,reached,0.034766918888503584,-8.828612545701617,0.00031232322260166256,3.999462023784872e-07,-0.03775425382720066,-0.2737321680588991,351.674090218013,1.01542030357867,0.9573691678959734,0.27705710045091053,1.028496150598988,1496.73380666674,,28.8384787687332,False,True,1.028496150598988,False,False,False,False,False,False
264,reached,0.07440703914776141,-66.53631277969907,-0.0006683814661982979,-2.0651145490546696e-05,-0.0512945284472508,0.1331117810578064,543.375777660043,1.0168990240785478,0.8026327052817666,0.45073178604868386,0.868011663171776,1492.98077773231,,28.7068642872289,True,True,0.868011663171776,True,True,False,True,True,True
265,reached,0.048128124472539696,-2.7924244729001657,0.0004322841306105829,2.1736222805657235e-05,-0.037107664332971524,-0.1797711314604271,426.464075227798,1.026867930126933,0.9426374458487466,0.5072219910816483,1.072465922425296,1584.05773749635,,21.8691021531419,False,True,1.072465922425296,False,False,False,False,False,False
266,reached,0.14110497116784954,-71.8965397633001,-0.0012662990411058672,-0.0001634128321938988,-0.47066700331273914,0.5778804399644173,546.077659262629,0.998426559511163,0.9625904731122132,0.5299524448081473,1.0283922027944281,1434.71602548937,,33.5533404766902,False,True,1.0283922027944281,False,False,False,False,False,False
267,reached,18.74102273756928,-1438.7360200656985,-0.06738543752901194,-0.48475986678698746,12.89018609103212,-42.10259667355109,675.180307753755,0.9960797974825771,1.13590521635396,0.9511886132914777,0.9873017618862081,1600.0,,25.1628649311998,False,False,1.13590521635396,False,False,False,False,False,False
268,reached,0.054847751058057406,-10.325159829899349,-0.0004927055287993198,-9.596009306278575e-06,-0.021696330005118725,0.11904641592749954,446.608428948893,0.9860982173397619,1.0715087692415932,0.5412503650984928,0.692696878659276,1694.47834843945,,22.1081234886976,False,True,1.0715087692415932,False,False,False,False,False,False
269,reached,0.081730082025163,-35.36098980550014,-0.0007341507482010456,-2.774679430217475e-05,-0.037439506698710545,0.0964469028762096,495.988308020024,0.9785095667123912,1.1943996671894732,0.23221788667246332,0.634570243421172,1605.88628310256,,33.1756156791095,False,True,1.1943996671894732,False,False,False,False,False,False
270,reached,0.0003781194621023896,-0.23993935640100972,-3.390778900325131e-06,-6.097087066336826e-07,-0.007955316465100282,0.07721517104158693,364.867750171659,1.0106199642845421,0.9605665558599867,0.2973389823826411,1.016947413573752,1592.67420891687,,26.321159019438,False,True,1.016947413573752,False,True,False,False,False,False
271,reached,0.029476134226187587,-10.53823019599804,-0.00026478790199746527,-5.3642855846192106e-06,-0.01495889288815988,0.04393354556870577,473.613413485521,0.9840284801616708,1.0609589310428933,0.54426320055532,0.685001573456312,1646.16542764361,,21.2946147118604,False,True,1.0609589310428933,False,False,False,False,False,False
272,reached,0.2236712472524305,-164.22719264249827,-0.0020087761621994105,-0.00012632378249577414,-0.06889870357016115,0.19755171122710635,534.510012980301,0.9918830960277426,0.8799564729723333,0.48695492512444494,1.093017025014108,1409.72730664415,,32.0162048271532,False,True,1.093017025014108,False,False,False,False,False,False
273,reached,0.28532366455901453,-216.2000625133005,-0.0025629873541959114,-8.63573388869554e-05,-0.2608274494745899,0.7872991173019841,365.24220474571,0.9747452172853213,1.0478713624176734,0.74627366362655,1.031710691795672,1539.13918620437,,26.5706415602074,False,True,1.0478713624176734,False,False,False,False,False,False
274,reached,0.06334936530717432,-25.54127646069901,-0.0005683558999010074,8.497689128716956e-05,-0.2587840549902012,0.5836370906943955,459.29627150236,0.9830975581854612,1.1276135297949665,0.2455319456581061,0.5909688171980559,1596.93126423157,,31.1404157189054,False,True,1.1276135297949665,False,False,False,False,False,False
275,reached,595.2622357601454,24765.923102478,5.336184922140788,1.2152688657702981,4.882529188097059,-56.0646339622005,2641.0208717017,1.0886422894604788,0.8063164368920667,0.30418906155956943,0.50716197455106,1446.72007706869,,21.0941977995888,True,False,0.8063164368920667,True,True,False,False,False,False
276,reached,65.4580339421132,19062.1671714873,0.4853740045606969,1.0052527265013111,3.4713481191333297,-49.85650267205051,1964.38124113348,1.04199027885618,0.9529808773008066,0.3788967801000183,0.5150709456584279,1446.72007706869,,21.0941977994713,True,False,0.9529808773008066,True,True,False,False,False,False
277,reached,0.23690674998261937,-157.1575291768022,-0.0021270995698898787,-0.00020067176748739257,-0.18709015630999914,0.43359170720859197,562.132033735105,1.0140102780451374,0.9618931825409133,0.5693294051228389,0.8784477710081481,1539.28479152682,,29.0420077020821,True,True,0.9618931825409133,True,True,False,False,True,True
278,reached,0.5788738918288286,93.74979517760221,-0.0005761339979102331,-0.016080189366590503,0.23675732077359868,-0.25846264080371384,425.389731224351,1.072720441864185,0.9713535408642133,0.4332872285645561,0.593579956299176,1840.0,,24.6630679916008,True,True,0.9713535408642133,True,True,False,False,True,True
279,reached,20.26209890519384,-341.0264169689981,-0.07947980756100037,-0.4971916383749999,9.858801606402574,-43.0820048350418,667.313831776506,1.0464764555518218,1.0129629571952135,0.7945481523348444,0.767002206396912,1600.0,,22.284158110037,False,False,1.0129629571952135,False,True,False,False,False,False
280,reached,0.003426367154502583,3.9530884646010236,-2.6948664299197844e-05,-4.2680174203724164e-05,-0.0020520155921008865,0.012953418036204312,1233.99594889476,0.9686229015410515,1.07690651354128,0.7942305998710723,0.734645959534964,1463.31222771944,,15.9666532690981,False,True,1.07690651354128,False,False,False,False,False,False
281,reached,0.03917046950301664,-10.728903536699363,-0.00035138167881143545,5.549271739369033e-05,-0.1025258663526003,0.3192632664145094,475.290232795222,0.9893859736060217,1.0499449204175266,0.38785263541404164,0.645421154003812,1676.38385002811,,25.6282627557922,False,True,1.0499449204175266,False,False,False,False,False,False
282,reached,0.0018873033729685706,-0.9963751385002979,-9.185176807591233e-06,-4.307719680696209e-05,-0.09058116804500038,0.08229183011360419,649.394636089968,1.0199759381064424,0.9735543056116666,0.4745038164286767,0.71499594219798,1546.60743701529,,22.7549402041989,True,True,0.9735543056116666,True,True,False,True,True,True
283,reached,554.1907077471951,13144.715731422199,-4.4596900398894945,-6.10594134160209,-1.4367231984187612,-47.78973333683268,1322.90173118872,0.9739324802948156,0.9230938582102133,0.40357535513488274,0.541510058092424,1446.72007706869,,21.0941977995145,True,False,0.9230938582102133,True,True,False,False,False,False
284,reached,0.01751640084142465,13.281843098498939,0.00015677905460620423,-3.810890839872627e-05,0.016505515495799372,-0.08835740612519771,802.634421303021,0.9703998147468402,1.00952173700058,0.5729162571124833,0.654804694756268,1546.09540484879,,19.2936560068612,False,True,1.00952173700058,False,True,False,False,False,False
285,reached,0.02961554631992755,-20.591823582799407,-0.00026460271369899147,7.777904099270927e-05,-0.13205033798280041,0.17097294626842086,668.273297103556,0.9614247912488946,1.1424021451881134,0.5338558189733049,0.863726591327916,1515.30883965229,,23.2545528398569,False,True,1.1424021451881134,False,False,False,False,False,False
286,reached,13.359646413974765,197.34551368670145,-0.04850037101910232,-0.33483755697969286,7.38216520433811,-38.9230486879828,545.210194728084,1.017450189717023,0.9201849811470066,0.6224686537653945,0.697542590008096,1680.0,,22.0441010751124,True,False,0.9201849811470066,True,True,False,False,False,False
287,reached,0.05361648394260034,-43.82477069900051,-0.0004804788208048194,9.84583888907764e-05,-0.3456143570249015,0.40119197049000377,546.623801067973,1.0304778768734877,0.9031212470278868,0.6288117340024056,1.013699459498784,1552.98965318073,,27.7333447286142,False,True,1.013699459498784,False,True,False,False,False,False
288,reached,0.050387199538832,-15.060653094100417,-0.000451225378085951,0.00010673756881374175,-0.14100912418119904,0.4129483387786763,434.864998265117,0.9944346911030284,1.0924376389940067,0.4759490121696711,0.541378619889032,1758.32280622075,,24.389805012113,False,True,1.0924376389940067,False,False,False,False,False,False
289,reached,0.0777974762236375,-22.984241956699407,-0.0006988813577919473,1.7873456386041653e-06,-0.060254035775420434,0.2484309988967084,490.039752842603,1.0029836936352332,1.0336039522597666,0.46093416380178226,0.548376496351524,1699.11300772236,,22.6366013421432,False,True,1.0336039522597666,False,False,False,False,False,False
290,reached,17.64261395286545,189.39280646570114,-0.040550001968000515,-0.4449906671553947,8.840253810029859,-28.550259831820796,613.280403703036,1.0383511843982083,1.1574454333457067,0.538339207459805,0.854673318277688,1720.0,,28.9374251850138,False,False,1.1574454333457067,False,False,False,False,False,False
291,reached,0.0023781476738184253,-0.43636019689802197,-2.1246962404575243e-05,6.466589809406287e-06,-0.0057577443150389485,0.013084596551806271,445.548147087073,1.051998816307936,1.00774904916532,0.5820308359629889,0.7633476107614,1657.10182578374,,21.2953498699972,False,True,1.00774904916532,False,True,False,False,False,False
292,reached,0.1860567561457539,-94.31028893199982,-0.001671345764208354,-4.237723121036652e-05,0.03028544545319889,0.13060159432228602,385.756090371639,0.98724735402461,1.0013083831057001,0.6807150240322333,0.791176108042096,1573.07129512023,,26.4094521883261,False,True,1.0013083831057001,False,True,False,False,False,False
293,reached,0.14031812745581773,-81.74542147149987,-0.0012602910898920072,-6.84999876909842e-05,-0.2070562998295511,0.30318962107619996,431.442169136689,0.9938863637828286,1.0785105529071533,0.87618651227225,1.022250725868576,1524.93841772261,,29.926479930732,False,True,1.0785105529071533,False,False,False,False,False,False
294,reached,0.18037944512558865,-44.800581732397404,-0.0009696866165995743,-0.0038246621531925484,-0.21690830299379904,0.36893259998930716,475.95679669413,1.051003838246092,0.7970485178807399,0.6615307629118945,1.020625229855432,1520.0,,23.7160150178143,False,True,1.020625229855432,False,False,False,False,False,False
295,reached,0.1898724711785003,-128.2793290043992,-0.0017053638252946257,-9.502941290406852e-05,-0.13854256824719968,0.3618538026663032,416.781419889731,1.0297941252232938,0.8314276354939799,0.41362977980749277,0.854381213780624,1533.31749541183,,31.7502819745296,True,True,0.854381213780624,True,True,False,False,True,True
296,reached,0.021384433328231197,13.593542428599903,0.0001920894677027718,6.81398759638796e-06,0.028849768947299737,-0.07388147364349607,925.09742041507,0.998414989804688,1.0301415925297468,0.9147160372465333,0.78991935080594,1542.64559509152,,15.7696047940779,False,True,1.0301415925297468,False,False,False,False,False,False
297,reached,0.0810801624362534,-86.10295309119829,-0.0007283665076016632,7.400952796388083e-06,-0.3344785795754195,0.4258945108621788,570.902385120223,1.015762044671375,0.8730872455091334,0.7112802495987445,1.025224801616708,1462.88151769487,,29.4466347817397,False,True,1.025224801616708,False,False,False,False,False,False
298,reached,186.15545164079143,18972.1747071603,-1.6394515108071062,-0.979667778785938,2.86626699947917,-54.12673992076739,1909.19904277506,1.0469346731739555,0.7208181726308199,0.3688663930255961,0.519721279386392,1446.72007706869,,21.0941977995079,True,False,0.7208181726308199,True,True,False,False,False,False
299,reached,0.04616575633781916,-11.541244249099691,0.00041345635200684683,9.625495619047797e-05,-0.07038948867340089,-0.5474181891390799,337.424956774802,1.0015756886112346,1.0512997853512134,0.30087985044374277,1.0425174424308241,1509.53497626815,,31.5297491006642,False,True,1.0512997853512134,False,False,False,False,False,False
300,reached,0.23230923605559045,-145.48089656949742,-0.0020866121541018856,-0.0001114486744882015,-0.3178166458035001,0.711123502722387,432.195421871804,1.035674951250278,0.9771836929141265,0.6003237652949944,0.781616959576948,1626.70373232477,,31.2415027633495,True,True,0.9771836929141265,True,True,False,False,True,True
301,reached,0.23933642796285295,-130.18202938760078,-0.0021500413699016008,4.3826269973124e-06,-0.3218699169238004,0.9081193530352039,385.713428459677,1.0274875751987613,1.10726072742004,0.3980137408124328,0.76800001083084,1709.24284392595,,30.3635566380272,False,True,1.10726072742004,False,False,False,False,False,False
302,reached,17.730990171098643,139.91349823249766,-0.0470297087572078,-0.41912045723819347,10.473213307624455,-30.915135581496116,671.54252290431,0.975390252882681,1.1830348729459266,0.7596479654497666,0.8958162684549681,1480.0,,30.8956348970457,False,False,1.1830348729459266,False,False,False,False,False,False
303,reached,555.4618994598308,25877.4596771642,3.531310367452903,11.733694559480398,5.47123109268997,-47.01393088799961,2723.37923068417,1.090236675634098,0.9313341944147666,0.29134579944847167,0.51760423199502,1446.72007706869,,21.0941977995484,True,False,0.9313341944147666,True,True,False,False,False,False
304,reached,6.055655604666607,162.9774281784994,-0.009768550562213818,-0.17549530461079144,9.757571625412616,-12.67088158943659,408.075754623336,1.0353926862601788,0.92952367836702,0.6922500977588556,1.0026078126397882,1600.0,,32.4011384226224,False,False,1.0026078126397882,False,True,False,False,False,False
305,reached,0.02480351618330148,19.38462832389996,0.0002228161829975761,-3.1925605128435564e-06,0.04296759581617948,-0.10812524732131124,848.579486591719,0.9787049358656488,1.0911967043301334,0.5595279275138,0.722434342288744,1540.78900700948,,20.9882415826707,False,True,1.0911967043301334,False,False,False,False,False,False
306,reached,22.360697564536135,-60.65957585020078,-0.04867028845949051,-0.5999878476953882,8.4428987306727,-25.995800314640007,698.399359518194,1.0924732109263295,1.0081523227787532,0.5451256409571406,0.85670770492616,1760.0,,29.6193327874845,False,False,1.0081523227787532,False,True,False,False,False,False
307,reached,51.95917252946396,-110.67849305579875,-0.32703054581070035,-0.9306385046307071,3.150481612775369,-73.04656854166291,1109.46181302357,1.0158559631590844,0.97440309198796,0.9694768817461722,0.9229949096283241,1480.0,,15.3705858382274,True,False,0.97440309198796,True,True,False,False,False,False
308,reached,0.14245735377171068,-93.11453672710195,-0.0012576959232006857,0.0006790540649035393,-0.6851945405094,1.1429842505900183,383.197883734241,1.0117830934240821,0.8689556146483133,0.5662880582398778,1.008160575778888,1559.33379639684,,30.0968467804494,False,True,1.008160575778888,False,True,False,False,False,False
309,reached,10.03318312695463,117.17995114689984,-0.03455511016019841,-0.25040245090349345,8.91010407656473,-36.74556743164621,489.083176562383,1.0666873962288368,0.8211269271706867,0.6947224693301333,0.769419560956908,1680.0,,24.1620498280785,True,False,0.8211269271706867,True,True,False,False,False,False
310,reached,2.019885507919789,-45.252796126998874,-0.007034951965209757,-0.05110265801846481,2.4028791705580197,-0.9594642261079969,411.810886755421,1.0257276955657257,0.94356722892134,0.6796182306407221,1.01997386217664,1520.0,,32.3203912639336,False,False,1.01997386217664,False,True,False,False,False,False
311,reached,0.08947728533893463,-62.56471905210128,-0.0008036364121011275,-4.6502308691742655e-05,-0.010809647753509566,0.07740292007201788,639.543093267075,1.0341902310233877,0.8746802261854068,0.39168592822875226,0.954920826732532,1490.42300516368,,27.4634617575792,True,True,0.954920826732532,True,True,False,True,True,True
312,reached,0.331964114195948,-168.09771664310028,-0.002982102873090753,-5.2746076306675604e-05,-0.26298690093100063,1.053168634133101,347.851819946757,1.0316213664808742,0.9132914683288533,0.4262127048106917,0.9309990145425759,1709.54217944547,,32.0064065169457,True,True,0.9309990145425759,True,True,False,False,True,True
313,reached,259.76825919799387,15250.2891766494,-1.199481399165407,-5.379003178329697,0.5997249520676302,-49.140189422611,1578.05765890877,0.9568649915293951,1.0744795275449401,0.40360953554478335,0.551199177250812,1446.72007706869,,21.0941977995389,False,False,1.0744795275449401,False,False,False,False,False,False
314,reached,0.05061732321345313,-73.87813449170062,-0.00045332749340332157,0.00010647384320350284,-0.5447156281945009,0.5076525602252104,486.872197193948,0.9987955478250266,0.9597295263086534,0.6042150253125222,1.02314058329846,1439.81108069472,,30.494214924316,False,True,1.02314058329846,False,False,False,False,False,False
315,reached,54.69519015035086,-1678.5862186865015,-0.28657706907999625,-1.2374588130570032,7.242864323496151,-60.280897943834404,1086.64618572846,1.0614594317337522,1.0026010999699932,0.9251905822210277,0.81582520398652,1520.0,,15.7659973003802,False,False,1.0026010999699932,False,True,False,False,False,False
316,reached,0.3928476528212415,-247.1430140306984,-0.0035263615790057656,-0.000405916992008315,-0.06249705937110939,0.6360319522580085,507.769484570217,1.0149707675946786,0.9400117148531,0.6427352227019555,0.84414045372808,1588.61088516941,,31.3792091192295,True,True,0.9400117148531,True,True,False,True,True,True
317,reached,0.06997350973955987,-22.84363118570036,-0.0006285648101993502,-1.886317519961267e-05,-0.02923083515790026,0.09415175201030479,444.207556284447,0.9880759161581368,1.0247013436063,0.22965115671533778,0.567898093141608,1606.21436203666,,31.5162027114268,False,True,1.0247013436063,False,False,False,False,False,False
318,reached,146.6361353508156,19212.9596666459,1.2312050462037973,1.414553160198011,2.5748836328538802,-47.90173868478311,1857.132586297,0.9975880909235101,0.9684323472189067,0.3870329881848461,0.544491301833544,1446.72007706869,,21.0941977995038,True,False,0.9684323472189067,True,True,False,False,False,False
319,reached,0.005379283023567234,1.5503892988999723,-4.831777009428606e-05,2.144829011285765e-06,0.04026718850810873,-0.055695771836781205,678.306705511856,0.9957976871128913,1.0596592273992134,0.48928573627525274,0.6585588000813,1570.16533019175,,21.5881352419349,False,True,1.0596592273992134,False,False,False,False,False,False
320,reached,0.10830756708911922,-90.8695443919969,-0.0009725606749952931,7.54446716939583e-05,-0.4206329627031007,0.6525616139925887,449.15573143171,1.0195452219979553,0.9110530772100266,0.4634859874064717,0.8880678035909441,1543.87783013311,,29.5608097636244,True,True,0.9110530772100266,True,True,False,False,True,True
321,reached,3.271426137566438,68.34758180800054,-0.004961233102108054,-0.08066017692200944,8.4122293218887,-6.7331160726772055,330.006531306562,1.0181433228011216,1.0277411806875134,0.7636552836833945,0.978997812470072,1600.0,,35.6400706187871,False,False,1.0277411806875134,False,False,False,False,False,False
322,reached,0.30677668195146,-255.53154322009868,-0.0026229445557959252,0.0025706671372915935,-2.0165204993721098,3.3465208367890966,265.920822204814,1.0164278530260613,1.02176219377212,0.8828800750875556,1.076535725117476,1516.1331212074,,37.1997076609401,False,False,1.076535725117476,False,False,False,False,False,False
323,reached,0.10224172459487581,-74.89480177900259,-0.0009063675601055365,0.00042870787490301154,-0.28659468328987003,0.5267308707992129,548.678048034636,1.0111809636550588,0.85482692138232,0.65856375824985,1.035029192529608,1439.37356083596,,23.9375591421802,False,True,1.035029192529608,False,False,False,False,False,False
324,reached,0.05963054172766267,-13.509580362300767,-0.0005356739594049031,-8.531189592986266e-06,-0.032558802224301076,0.12715680230209614,501.994080818867,0.9251824950524974,1.26176083426072,0.5293588764548828,0.59979958704734,1736.36023504453,,20.3799951061997,False,True,1.26176083426072,False,False,False,False,False,False
325,reached,0.026682323538222374,16.61742181439695,0.00023960807629919145,-1.8001299991965425e-05,0.020695004283139085,-0.07562196713979574,928.326778480138,0.958043558893555,1.0552685577127001,0.8747547926547834,0.789288026776356,1505.17437858332,,16.2872611344377,False,True,1.0552685577127001,False,False,False,False,False,False
326,reached,0.7830607455153468,121.06859251819697,-0.00045063380540000253,-0.019840947525892716,0.31679342570292945,-0.3043666976245163,512.88322942793,1.0032071327950292,1.1458281614615267,0.5847187269704223,0.6556886503042161,1720.0,,20.470790480032,False,True,1.1458281614615267,False,False,False,False,False,False
327,reached,0.11614920611555168,-110.80322528169927,-0.0010429002027905199,-8.706031408678427e-05,-0.26727084727875017,0.45553839082660375,506.413506599945,0.9837624682473234,0.9444708625525999,0.7192109682571334,1.010811803447508,1458.73910949218,,28.4825207180233,False,True,1.010811803447508,False,True,False,False,False,False
328,reached,0.0921161988717032,-66.07283021699914,-0.000827300424290911,-5.8738590809070956e-05,-0.027502235295330024,0.10281309721059984,614.875164835801,1.0107565632448146,0.9262668714478667,0.4629002810433161,0.82602836929682,1531.29113373877,,27.3966037471659,True,True,0.9262668714478667,True,True,False,True,True,True
329,reached,0.10815607751342943,-49.56409547270232,-0.000971497531196519,-4.152666389245496e-05,-0.16130701960902982,0.32332905525618116,402.248258284808,1.01243833424623,1.1686823499029533,0.3227435107225467,0.6388810032635199,1684.55103034153,,29.4555966449259,False,True,1.1686823499029533,False,False,False,False,False,False
330,reached,0.1017951750455425,-60.411301868098235,-0.0009143499645034581,-4.021305670676156e-05,-0.05139421998855909,0.10660445218789505,499.180966357905,0.9804628053432608,1.08266520595732,0.514169051665281,0.717899526774504,1526.90465301775,,24.801958502412,False,True,1.08266520595732,False,False,False,False,False,False
331,reached,25.04474383539126,-380.4391023503995,-0.13177453064550093,-0.5230488344811022,6.33980168909297,-58.57777704674541,746.902433193513,1.0426009732133876,0.9644819702385067,0.8111604545593166,0.863685994735864,1600.0,,19.5663044173458,True,False,0.9644819702385067,True,True,False,False,False,False
332,reached,15.716862340348543,-599.5076419313009,-0.025910535530599077,-0.3789486726014104,15.55498542525689,-20.28308400751598,553.36949183534,1.0263213192931624,0.9903888929148668,0.7402118409432167,0.9541870712929279,1560.0,,26.7059351483348,True,False,0.9903888929148668,True,True,False,False,False,False
333,reached,0.3063209367216945,-206.49972537839858,-0.002676269477689175,0.0018564858303875553,-1.9379236089549003,3.522561271112181,245.09214538058,0.9840173440893094,0.97420010982518,0.58721937247005,0.97548657834494,1639.12503626326,,39.18667212955,True,False,0.97548657834494,True,True,False,False,False,True
334,reached,4.536954907398457,234.18247984279878,-0.00023451877351021722,-0.11766425917969059,9.052728597678335,-0.7548239344961871,326.804588963012,0.9821733861194863,1.2172470436077534,0.6154496258006555,0.8143815278012839,1720.0,,34.8534857347329,False,False,1.2172470436077534,False,False,False,False,False,False
335,reached,0.0321514311052268,-7.654020968002442,-0.0002883033036908955,5.268898169674685e-05,-0.07029281484370031,0.25472173407990795,465.556102690312,1.0143566548821181,1.05783776576002,0.46460236878245054,0.6204765828535279,1759.00968138114,,21.3298073536499,False,True,1.05783776576002,False,False,False,False,False,False
336,reached,0.20520918061441243,-117.02462705169819,-0.0018430181863067219,0.0001235431431894085,-0.6322318547073014,0.7483602565625915,430.192818232564,1.0354358107422907,1.0473631621557467,0.43958553247132337,1.026032262357172,1625.47229205074,,36.9436059811171,False,True,1.0473631621557467,False,False,False,False,False,False
337,reached,1.041819260972327,175.5769762230011,-3.130841550103014e-05,-0.02818740103700179,-0.4249122051706191,-1.285108226373893,610.015999634584,0.9936520159075722,1.06117870713652,0.4120887394716495,0.670774625987016,1600.0,,24.5268604870557,False,True,1.06117870713652,False,False,False,False,False,False
338,reached,18.587627158475705,-803.3831907189997,-0.052107642165907464,-0.48884655984829806,12.78789406203955,-32.10343138206258,639.108709967063,1.123132168750517,1.0141169509132133,0.6940126459350278,0.829441446949388,1760.0,,26.5383827174329,False,False,1.0141169509132133,False,True,False,False,False,False
339,reached,0.19444486747919904,-69.22183939940078,-0.0017467237939996494,3.539848430023085e-05,-0.20712640286460093,0.6677444335306859,331.70865622021,1.113255916668729,1.0956833106065467,0.4014331344517472,0.730946613088248,1860.78831310958,,29.9674644017261,False,True,1.0956833106065467,False,False,False,False,False,False
340,reached,41.170756552486615,-2394.934422235201,-0.20084754662438797,-0.8916147768337908,9.58537816429814,-56.14995892902621,996.372610651965,1.0608448545074918,0.9254883656380133,0.9927052275354723,1.004350177886608,1600.0,,19.500370126107,False,False,1.004350177886608,False,True,False,False,False,False
341,reached,29.02491287257361,-884.7929129318982,-0.13045913450490332,-0.632503764253812,8.436444691911081,-49.96166936447179,781.078185446343,0.9782111422424427,1.0249399831994666,0.7996305176346722,0.8180872401783519,1600.0,,20.2521299534322,False,False,1.0249399831994666,False,False,False,False,False,False
342,reached,0.035192922352993684,9.871858834201703,0.00031584859141275956,-4.1829461906672805e-05,0.009156452980199958,-0.09357442183159037,736.539387664866,1.0177501433124985,1.0127381334720267,0.8005435163018055,1.023244908066112,1553.51809038868,,14.3725894097451,False,True,1.023244908066112,False,False,False,False,False,False
343,reached,0.03537508835172213,-3.577069297200069,0.0003177859184972931,-2.0307315935497172e-06,-0.004830335877560543,-0.038966744476283566,398.85605229648,1.0562652188859785,0.8359675034700067,0.4182096806937939,1.0310822717134118,1564.93390633172,,23.8064542334319,False,True,1.0310822717134118,False,False,False,False,False,False
344,reached,3.127567110342192,67.72349767079868,-0.004964450527097597,-0.08172654076619779,9.651370798939777,-8.690773089893185,313.547233939321,1.1131980452328818,1.01496823364984,0.6528638790528944,0.83716156163124,1800.0,,38.6965357325889,False,False,1.01496823364984,False,True,False,False,False,False
345,reached,0.4005684633602199,-183.60993484679784,-0.00249069163379545,-0.007304287820289801,-0.6662150295437304,1.2858388850875144,323.671035479864,0.9345431275280152,1.15241819416848,0.5930893120812444,1.044618572708408,1520.0,,36.683495960037,False,True,1.15241819416848,False,False,False,False,False,False
346,reached,0.04326441739426816,-12.257324141199206,-0.0003886486450994653,-7.96348768972166e-06,0.0024602727078804065,0.01924200989651581,573.85829090161,1.0108749453616916,1.1231962870148466,0.31641552260996497,0.601344846607104,1571.5091063312,,27.0327489118075,False,True,1.1231962870148466,False,False,False,False,False,False
347,reached,0.0010832591152270478,-0.46880451640026877,9.302841505132164e-06,-8.597841798518857e-06,-0.017621265398201302,0.0911241976554038,417.524373111042,1.008411678703229,0.9281976265734667,0.31305547915876664,1.015220732902824,1593.84376991769,,24.061200904355,False,True,1.015220732902824,False,True,False,False,False,False
348,reached,0.20665320075926416,-178.0266363970004,-0.0018557542774999547,-0.00014819020000800265,-0.30587768105799995,0.5629021014837008,407.898653189794,0.9582402883602642,1.1194376784609068,0.4999006425528155,1.012913044210964,1535.63984632375,,33.3815246198953,False,True,1.1194376784609068,False,False,False,False,False,False
349,reached,5.124420825741525,27.25044094670011,-0.008793202527499488,-0.1259282839237983,10.318416106576896,-15.847632110405698,376.197147240574,1.0238406721165862,0.99046023559396,0.6073540190831833,0.851052819471264,1640.0,,36.5531968937407,True,False,0.99046023559396,True,True,False,False,False,False
350,reached,11.805516789608975,-153.6076356436024,-0.026124252371701573,-0.2915261861286922,11.908928742900061,-27.28476501549551,541.070836485513,0.9750893608670664,1.00875663787738,0.6558133913417111,1.019095198614632,1520.0,,32.5481793729414,False,False,1.019095198614632,False,True,False,False,False,False
351,reached,0.07065054722830787,-14.573750947602093,-0.0006346701011921141,-9.314389075143481e-06,-0.03538951374146038,0.23255323770058567,492.478607578018,1.0066717484114625,1.0092502081039734,0.4845905073046317,0.618673473746688,1664.3972933212,,22.969040168458,False,True,1.0092502081039734,False,True,False,False,False,False
352,reached,0.0367423674820093,-33.40975560009974,-0.0003271611005999375,0.00012622987878785352,-0.26830851628989905,0.3276559912251855,527.417453632785,1.0663933121268783,0.8007986338299333,0.7184021981677723,1.0494778663094881,1469.57738720096,,24.6659547552339,False,True,1.0494778663094881,False,False,False,False,False,False
353,reached,15.032617968498753,-3.4591285107999283,-0.04244685070270293,-0.3782304371524958,8.39012892440763,-31.375059683035403,588.70543420166,1.0457989121446043,1.0139933505258467,0.5601189420326556,0.735617318793088,1720.0,,25.7590831568741,False,False,1.0139933505258467,False,True,False,False,False,False
354,reached,0.023478777665591744,-3.376635503198486,-0.00021066687450854715,3.075952258768666e-05,-0.02455737922063861,0.19647305744501864,424.825373296371,0.9743029102384496,1.07059991860716,0.6187346317371112,0.72332013695928,1708.70070084122,,21.750169817367,False,True,1.07059991860716,False,False,False,False,False,False
355,reached,0.37429055037695785,4.822766471399518,-0.0006688159590026999,-0.009409934198004066,-0.16621059322450016,-0.2649041405911987,528.964232062891,0.9824936813520767,1.0528687955737068,0.431155657658785,1.0015255800457121,1440.0,,25.980305791124,False,True,1.0528687955737068,False,False,False,False,False,False
356,reached,218.38931625834584,16439.839305686502,-1.857033262572699,1.7477356244461077,2.1308138120370597,-47.077968978194406,1651.16148445778,0.9909433100190521,1.0193343232926,0.39284322224004664,0.529901360266056,1446.72007706869,,21.0941977994895,False,False,1.0193343232926,False,True,False,False,False,False
357,reached,244.82081831950563,18286.960248684696,-1.0532869593675969,-5.733828948366096,2.3906670793518403,-54.5503631066276,1909.3088489981,0.993559278609219,0.9925585922195532,0.38243558170511943,0.550943162714324,1446.72007706869,,21.0941977995364,True,False,0.9925585922195532,True,True,False,False,False,False
358,reached,0.005644538492249463,-0.4921493847978127,-5.0699593700187506e-05,2.4993661043026805e-06,-0.009445370441371281,0.07869507692279853,440.109494899471,0.989710376405074,1.0316622567732068,0.32110544492060056,1.02708389872468,1584.3617231841,,22.3553264451358,False,True,1.0316622567732068,False,False,False,False,False,False
359,reached,0.06209808184398171,-21.486449678803183,-0.0005577630986124404,-2.807360868928299e-05,-0.06263331447890153,0.12217401627890467,594.199646215348,0.9777258587202057,0.94931049704148,0.34836368259259726,0.64840319090486,1536.37273856748,,26.6323786027051,True,True,0.94931049704148,True,True,False,True,True,True
360,reached,33.178806384505975,-892.5565107520997,-0.12345972584999743,-0.7863885754609896,6.302602996226959,-43.4402528549729,856.639262470561,0.9836843654120497,0.99062040706572,0.6800691217519889,0.713697459989888,1640.0,,19.6167261171243,True,False,0.99062040706572,True,True,False,False,False,False
361,reached,0.18606563666860798,-135.8259001378974,-0.0016708015882045402,-0.00014261839129403597,-0.15048211174512005,0.3396651966878039,674.404682150286,0.9881943074544963,0.9876945790840533,0.4797173073741078,0.997048214451328,1459.86324209186,,27.7918169770812,True,True,0.997048214451328,True,True,False,False,True,True
362,reached,0.24037632266898704,-205.4696715557002,-0.0021589358405975645,-0.00012360731719240903,-0.12532213797240033,0.3200331521757107,351.839729256297,0.9815363198600233,1.0653676469141533,0.4878133898613767,1.035335023249428,1568.60522010618,,38.3804472598618,False,True,1.0653676469141533,False,False,False,False,False,False
363,reached,0.13401292288418623,-107.85878152410078,-0.0011584609386972033,0.0009420235257948661,-0.8491474657489491,1.2534496806497941,346.102574097912,0.9896135950726831,0.9620499502005934,0.751281039644011,1.042954435322984,1511.54036367466,,29.0993368130157,False,True,1.042954435322984,False,False,False,False,False,False
364,reached,43.62724477991814,-280.5666323959995,-0.23097411397890255,-0.9278357654966953,6.88685203527556,-59.461741134208296,937.62486477967,0.9775173749021225,1.0307350936465467,0.8051949033804723,0.755529167892132,1560.0,,17.332051897403,False,False,1.0307350936465467,False,False,False,False,False,False
365,reached,704.6610775300915,28485.241264105996,5.816561216979707,8.409881457432903,7.33531489813633,-52.5290248472962,3091.92459028936,1.0734774661516615,0.9725450457649133,0.26658901367911275,0.442358455600908,1446.72007706869,,21.094197799472,True,False,0.9725450457649133,True,True,False,False,False,False
366,reached,1.4989629086328937,195.1642894676006,-0.0010062438599049983,-0.0366018572543112,0.33562484194352926,-1.6833036754983937,627.28543533923,0.9702814496574425,0.9737649413459,0.3632536963196311,0.8157517656175,1480.0,,29.4635884476903,True,True,0.9737649413459,True,True,False,False,True,False
367,reached,0.0001850316986107517,6.145794162199309,1.219765906057546e-06,3.3959769893954217e-06,0.01330767686174994,-0.05450817620319981,715.558928201447,1.0436306981701606,1.1295938900642868,0.5455046404106878,0.647682981373752,1612.35646030431,,19.8125712569156,False,True,1.1295938900642868,False,False,False,False,False,False
368,reached,0.7590549244775889,21.395744400797412,-0.0012803121588973454,-0.018935597370699497,0.08576710856350012,-0.7387151452559237,514.733152020794,0.990369272333605,0.9435248632826067,0.5017690925794094,1.037563355242,1440.0,,29.9359030583995,False,True,1.037563355242,False,False,False,False,False,False
369,reached,5.171490329838527,-104.95270886000071,-0.007206054801898176,-0.1257740486817056,14.29235218192445,-11.94652069852691,354.054747686498,1.0280211382233315,0.96881834986622,0.5786326525155834,0.891829683979596,1640.0,,36.9235145916177,True,False,0.96881834986622,True,True,False,False,False,False
370,reached,420.72181726843286,27298.7022649189,3.5885496730412996,4.397821781029592,5.768278590218829,-52.12042292794379,2970.08108719666,1.0905507794638298,0.8592288368561333,0.27016599384477774,0.47157003163212,1446.72007706869,,21.0941977994769,True,False,0.8592288368561333,True,True,False,False,False,False
371,reached,0.9892113769808625,-74.89039626279919,-0.0031230712549046302,-0.024326244793087426,2.404513266853159,-0.18855926129481304,278.793503020226,1.013283652351322,1.0729260245255399,0.6807402857955167,1.018939546353316,1640.0,,36.0280162240399,False,False,1.0729260245255399,False,False,False,False,False,False
372,reached,0.030619872558192433,-3.694438391499716,-0.0002749802959982617,1.9992838588223094e-05,-0.06198674561830053,0.29714652050421364,402.106701741267,1.0100792819275966,0.8824374960296666,0.3603374131264811,0.98077255164066,1581.19958724502,,24.677475363223,True,True,0.98077255164066,True,True,False,True,True,True
373,reached,0.2165341049575644,-182.8325456450002,-0.0019228033537928013,0.0008449420153056053,-1.25457634929157,1.7625314515993864,387.618260216772,0.9790685338277507,0.9816798386209533,0.39673197854670555,1.036323830436088,1559.81377993106,,38.8799901258933,False,False,1.036323830436088,False,False,False,False,False,False
374,reached,0.026156959581919464,36.51766359930116,0.00023434733979854627,5.359539218829923e-05,0.1283702740103312,-0.12838555656850303,1086.78652600545,1.0096586108581087,0.9571087178991867,0.6779302869696666,0.999355488881392,1459.00394028289,,21.6526482277085,True,True,0.999355488881392,True,True,False,False,True,True
375,reached,0.005310078570234167,-11.180876107900986,-4.6655317902377647e-05,-2.9004010912103695e-05,-0.12947679197299955,0.08166568842790412,616.559097832688,1.0245003577030933,0.8741492572616867,0.5468638903722434,0.9303990105733639,1543.81833797617,,25.209576202105,True,True,0.9303990105733639,True,True,False,False,True,True
376,reached,0.13147896555985975,-84.64801731360058,-0.0011809006150969026,-6.605818418847775e-05,-0.10112136774590041,0.23754764406550066,451.610998986174,0.9656285757893354,1.1658113687688398,0.41172246592578277,0.9184305235193561,1531.74058636144,,27.7836129994095,False,True,1.1658113687688398,False,False,False,False,False,False
377,reached,0.14141795272447757,-105.70221624170154,-0.001269891791494615,-9.63350053098111e-05,-0.16006768202660027,0.20108139755939192,475.466696888374,0.9691373280196834,1.0450195689544266,0.4593655293242305,0.9219894531467719,1485.67975243275,,30.1998509758549,False,True,1.0450195689544266,False,False,False,False,False,False
378,reached,269.6222114939922,20677.3196011827,0.6191887212827965,-6.73410170380771,4.643818000847661,-58.4252463128598,2102.81246136298,1.0020374756657457,0.9652769578687332,0.3545986592660206,0.545868370231356,1446.72007706869,,21.0941977995465,True,False,0.9652769578687332,True,True,False,False,False,False
379,reached,7.592171643863088,219.25911607330272,-0.01645033483750069,-0.1904639368418941,8.76030198182097,-25.5773616636572,447.210784086053,0.9944104212023364,0.9521098405818067,0.6903174386159611,0.8690470052312079,1520.0,,30.5946588313797,True,False,0.9521098405818067,True,True,False,False,False,False
380,reached,0.2832657119030341,-141.17651631380068,-0.0024842099829953668,0.0015466168804891822,-1.38502717360344,3.3456169154545137,229.667005607652,0.9896879021704693,1.1958083680789267,0.5389826662818206,0.8654318491697561,1719.5177394048,,39.2705487466277,False,False,1.1958083680789267,False,False,False,False,False,False
381,reached,0.14630670435043583,-94.11478901170267,-0.0012941482587933706,0.0006831282130974614,-0.8003494770776101,1.4057106291980972,349.609696740776,0.9748373898972055,1.08928323579434,0.43206640849203776,0.8040406849303761,1634.41026137419,,33.0540334309974,False,True,1.08928323579434,False,False,False,False,False,False
382,reached,316.69791037229555,17769.5075072796,-2.084879981204793,-5.620676934725509,2.9325239307027395,-53.86277766857219,1725.57170902585,0.9793887245592319,0.9829695287469999,0.3938641592611278,0.550947379641996,1446.72007706869,,21.0941977994857,True,False,0.9829695287469999,True,True,False,False,False,False
383,reached,0.051435154132894984,-21.54917622980065,-0.00046191175719911826,3.251322019082181e-05,-0.24621855071911014,0.5224012498570971,477.981688700264,0.9971778976144411,1.0300670949500865,0.2411570506470589,0.58948120688076,1594.73876505854,,31.2727691283989,False,True,1.0300670949500865,False,False,False,False,False,False
384,reached,411.0294124559054,16269.6768143624,-3.6924193445692026,-0.00030657451020488224,0.8250845381153802,-47.44343957113051,1642.39973064305,0.9679714424355423,0.9929059881657201,0.39779076388917667,0.549663443986488,1446.72007706869,,21.0941977994454,True,False,0.9929059881657201,True,True,False,False,False,False
385,reached,5.143722046009495,228.9060580767,-0.00721828573090022,-0.13957461206959465,9.295027916786978,-11.91491955639492,412.302040844234,1.0045569881621739,1.0073079263827733,0.7167437915682777,0.985274471864412,1560.0,,37.1737064246039,False,False,1.0073079263827733,False,True,False,False,False,False
386,reached,48.19689221192251,-2020.6064462353024,-0.20328750828859654,-1.122668502780698,8.39260305972763,-50.277565253067706,1028.67995388752,1.033830642976717,0.85877308882236,0.8005278737745777,0.79166693522962,1600.0,,17.8504629724215,True,False,0.85877308882236,True,True,False,False,False,False
387,reached,0.08439491554692079,-50.948751544397965,-0.0007523349910059096,0.0002674591353013511,-0.35646752265180126,0.6189919263414936,462.348953650709,0.9511940013937061,1.0827182402747866,0.36701631511984834,0.640442783177152,1557.74009280842,,27.9058540080703,False,True,1.0827182402747866,False,False,False,False,False,False
388,reached,24.6126974300154,-1573.510695063298,-0.10383421609120091,-0.5652799777728035,11.171709698401889,-48.54013604054279,761.822406411887,1.021135347118804,0.9738371246801201,0.9725601134530556,0.9797262767172279,1560.0,,22.1290272065376,True,False,0.9797262767172279,True,True,False,False,False,False
389,reached,14.878575231733278,-81.30400417750207,-0.056703957444199204,-0.33264347816569284,8.682818833295379,-41.12030898302248,575.209493009863,1.0241659091009119,0.9888640379894333,0.6866547954021667,0.778059039793836,1680.0,,22.548916505988,True,False,0.9888640379894333,True,True,False,False,False,False
390,reached,1.2571531092035546,209.66936079690277,-0.0005619748701946037,-0.03354157322681317,-0.122424379567601,-3.6822187034927083,514.985237419118,1.0229804510925764,0.9536766030316001,0.4755309336645333,1.0084865025037,1520.0,,31.3057085557027,False,True,1.0084865025037,False,True,False,False,False,False
391,reached,0.08584499625508704,-20.174271126597887,-0.0007711700902035545,-8.816179104087496e-06,-0.10212206751969966,0.28573233243452023,499.128929937412,0.9897156206486972,1.0830455037293534,0.2757971402837517,0.579735981559156,1620.94403729818,,28.7512481680175,False,True,1.0830455037293534,False,False,False,False,False,False
392,reached,0.23816187958894147,-148.81771365260283,-0.0020773847044921467,0.0016069543949015497,-1.7920396739419004,3.339017098875786,227.01767540578,1.0358531724546722,1.0356194350325534,0.5893530234538,0.818352014096344,1714.4790108129,,38.902026422115,False,False,1.0356194350325534,False,False,False,False,False,False
393,reached,10.720640260890397,112.92996475219843,-0.012256198803996199,-0.2909590966733049,13.822451917104718,-12.604688702801297,501.032316237625,1.0766913178313773,1.0044760028367667,0.6932386760973167,1.01029367157916,1600.0,,33.9747038865344,False,False,1.01029367157916,False,True,False,False,False,False
394,reached,0.0017089559377955448,-2.0743298303968913,-1.534715319451152e-05,-1.2027263096570096e-06,-0.0006066073379997761,0.05486012504860582,358.310665892577,1.0298265760642447,0.93240614441122,0.2799960253711094,1.016547524623856,1574.16640901271,,28.6900863689702,False,True,1.016547524623856,False,True,False,False,False,False
395,reached,2.574744199416367,99.9363130271995,-0.0035968114114979244,-0.07297458304100246,6.96667251529651,-4.926515635381804,321.320790064841,1.1697837790272774,0.9371076126082266,0.6433970207697444,0.876753230323744,1840.0,,38.6593078628248,True,False,0.9371076126082266,True,True,False,False,False,False
396,reached,0.20286748675920518,-117.31419333200029,-0.0018222162991037294,-8.593801169354265e-05,-0.24656020558234992,0.5091782114386092,450.644594666092,1.0279300206820352,0.8805354078086534,0.7455194461047945,0.863758950929596,1540.23124514231,,28.8105031443007,True,True,0.8805354078086534,True,True,False,False,True,True
397,reached,0.32157841635253254,-104.24617575669981,-0.002875621965600317,0.0008070971560982798,-0.5250981500815701,1.4637825524056893,295.36813071665,1.0225930619896033,0.9792526413203467,0.7266633105659166,0.9129178401149121,1590.12455842131,,35.2320519882535,True,True,0.9792526413203467,True,True,False,False,True,True
398,reached,0.14068067937676926,-108.06826435419862,-0.0012630139194982348,-0.0001226605133126668,-0.14274499483157044,0.38489049905081174,567.061884832401,0.9775349037166113,0.9233586414427999,0.549962093575794,0.90812240891054,1463.56723965607,,25.1202178097544,True,True,0.9233586414427999,True,True,False,False,True,True
399,reached,0.2225641060430377,-150.09724380670013,-0.001999002503509928,-0.00011417024410320664,-0.11938045627866956,0.35949232321149793,458.228420427382,1.0195719907805734,0.8797317090804,0.5553254900540512,0.909035266821412,1535.35342580819,,27.3521162454919,True,True,0.909035266821412,True,True,False,False,True,True
400,reached,0.05114166368076827,-33.06849492499896,-0.00045932631329037577,2.7855432307433148e-05,-0.23508574376320013,0.32690918883781706,549.835039054211,1.007146471628043,0.9422675090152532,0.36048420835283945,0.825669629646776,1546.67104657373,,27.3168830227309,True,True,0.9422675090152532,True,True,False,False,True,True
401,reached,0.061437598702726776,-41.47448865899787,-0.0005454802773101619,0.0002660948397874563,-0.3655922619561984,0.5829297233993032,425.398424378789,1.0382461316477427,0.9482366957449799,0.4543395888244739,0.626967518593532,1630.9389329527,,25.611483390024,True,True,0.9482366957449799,True,True,False,False,True,True
402,reached,16.10778271710078,-205.0711653001017,-0.04231449993430658,-0.4257357942732085,11.41999803183643,-29.125250485097695,595.102673548614,1.044678199685169,0.8909734251448067,0.6319184539407389,0.746373471347472,1720.0,,26.4655077628829,True,False,0.8909734251448067,True,True,False,False,False,False
403,reached,34.15520339955728,-923.9069959693988,-0.14604139082980794,-0.8000037720175897,6.62156285323949,-47.582283492754186,857.251707951882,1.0333127363906216,1.0159167359145467,0.7097923378998666,0.748424729219484,1680.0,,19.2086323078931,False,False,1.0159167359145467,False,True,False,False,False,False
404,reached,39.70441435803196,171.36910357369925,-0.2695363761812928,-0.6517121178065963,1.4281021033727406,-77.9200605876476,972.989456680284,1.0276514408883646,0.9614934690327134,0.9919770878283278,0.8157811847005039,1600.0,,15.2074656996753,True,False,0.9919770878283278,True,True,False,False,False,False
405,reached,39.65706535645915,-1570.5358960275007,-0.1993368398269979,-0.9206540629770075,7.7132860919271,-59.522040638089905,985.776960330902,1.0473217381883704,0.9898745540711533,0.9468330297587111,0.9921397037122681,1560.0,,19.7199178342083,True,False,0.9921397037122681,True,True,False,False,False,False
406,reached,0.06285587927650675,-14.247183195198886,-0.0005646464828004127,9.228674201722242e-06,-0.17276268589250066,0.3838247824164114,471.546706339258,0.9417507216006242,1.15219340925318,0.2622852051947611,0.563206296802784,1590.31044246139,,29.5776713146342,False,True,1.15219340925318,False,False,False,False,False,False
407,reached,0.10975885521976587,-95.5946654950967,-0.0009543423715996369,0.0006548619888917528,-0.6899309702513996,0.8582246550213029,390.198137259507,0.9792561801654013,0.9944485040595533,0.7742045864827611,1.019241971629852,1511.32392095573,,29.7035264918966,False,True,1.019241971629852,False,True,False,False,False,False
408,reached,0.03292301271215455,-23.6015601145009,-0.00029575770911094423,2.473759508347939e-06,-0.26294726276207925,0.3556033960506966,582.672559907564,0.9964677998852004,0.9983912689434267,0.2904266525298989,0.6891159061675161,1552.79567557596,,29.9959023698665,True,True,0.9983912689434267,True,True,False,False,True,True
409,reached,0.10317675325295506,-41.537264981099725,-0.0009268667543977926,8.83990338707008e-06,-0.2101171183208006,0.36286407653389574,572.104692875952,0.9744465080437494,1.0203593346996667,0.2904445703357711,0.70000789224556,1502.91196115218,,28.8804585354685,False,True,1.0203593346996667,False,False,False,False,False,False
410,reached,0.015755798805437437,-5.237129319299129,-0.00014152960679325588,-4.8102639880198694e-06,-0.0004544511528017381,0.035133296949197756,362.373845313722,1.0447139253265465,0.8185607152388467,0.27019844465606335,1.000394539779648,1492.25580964673,,28.923456353701,False,True,1.000394539779648,False,True,False,False,False,False
411,reached,0.08412403209555584,-47.922838571503235,-0.0007555852900935633,-4.095794778891104e-05,-0.09976553847972092,0.22246766898319947,499.460298238623,0.9933102083166707,0.9922259056903534,0.4121398919021394,1.06575092440582,1535.67384065792,,23.1415881276799,False,True,1.06575092440582,False,False,False,False,False,False
412,reached,0.2888589040971493,-231.42343032449935,-0.0025947877380048112,-7.679435461227513e-05,-0.4001744688087001,1.0644709233206981,413.957630561056,0.9778560012317551,1.0028531215345868,0.6633031182307111,1.0247764147627358,1508.05924555401,,28.5791881460297,False,True,1.0247764147627358,False,False,False,False,False,False
413,reached,0.15539674542838605,-152.77134991759885,-0.0013947289094886628,-0.00017448709070322366,-0.22233322668330935,0.390649350301004,509.886465367373,1.0126153830482938,0.9794354452331533,0.4388078773048078,0.940821575145552,1534.73564341732,,33.3651603003908,True,True,0.9794354452331533,True,True,False,False,True,True
414,reached,0.12980957262945897,-93.0839325727975,-0.00116580527800636,-7.903868200287434e-05,-0.08141520468109853,0.20509118625278688,524.054926740378,0.9623440419628907,1.0650663709116934,0.38698598380715,1.0100565051103119,1532.71797512856,,30.332243514387,False,True,1.0650663709116934,False,False,False,False,False,False
415,reached,521.9744197764337,13960.167482964498,-4.424976093991205,-3.953977570492782,0.8287232089828702,-47.40793025789162,1370.86270657421,0.9348451056021352,1.15829249167178,0.410284861665135,0.540294976919092,1446.72007706869,,21.0941977995353,False,False,1.15829249167178,False,False,False,False,False,False
416,reached,7.0449680555214655,75.71324606609778,-0.013810491651000234,-0.16740286182240993,10.822200838140255,-21.106029981400695,418.960863940257,1.0231944257109946,0.9990696115304867,0.5288061650758034,0.827504046113632,1600.0,,32.555725773603,True,False,0.9990696115304867,True,True,False,False,False,False
417,reached,0.3334902808683965,-266.25003981080226,-0.002995065440003941,-0.0002229034799938745,-0.3713235494527005,1.0690108303836894,317.480534902234,1.0452221849650787,1.0004590747685866,0.7424435217433889,0.8681422909473641,1661.59068619555,,37.0517552060933,False,True,1.0004590747685866,False,True,False,False,False,False
418,reached,0.06752870593117596,-17.07220805760153,-0.0006062473822936454,-6.850878170894248e-05,-0.0591316616248001,0.12388060572737913,641.057410110427,1.0031760321901104,0.99267337559112,0.3609889766263328,0.627764498184812,1586.11726927598,,25.5234591654482,True,True,0.99267337559112,True,True,False,True,True,True
419,reached,0.011081570331861027,-25.660132919700118,-9.930035480465449e-05,-2.0006494509061667e-05,0.03879246571650086,0.18092351268899165,269.767055898449,1.0616420018048198,1.0038143729303066,1.0656670871934557,1.0302188852357,1739.75767774753,,32.2669886244859,False,True,1.0656670871934557,False,False,False,False,False,False
420,reached,0.7390234702110593,-39.041901349097316,-0.0016273095474872434,-0.018804206610809615,-0.07273116500649124,-0.3125520757268987,536.45646778294,1.0241219325211328,0.9335532139551467,0.4522267829334272,1.043437476966844,1480.0,,36.9354866505963,False,True,1.043437476966844,False,False,False,False,False,False
421,reached,0.17857306563804157,-136.99855775999822,-0.0016036566454999956,-0.00011737363240627019,-0.252192160822851,0.4466063831555971,475.584046633674,1.0305224602670677,0.9199832556992867,0.6077640929767388,1.022726851086616,1496.65068579099,,30.8092069693588,False,True,1.022726851086616,False,False,False,False,False,False
422,reached,4.4721611610804315,63.87751985529758,-0.007301580932590923,-0.11953176962930456,9.430187989021046,-13.369923615881703,362.974782853414,1.0144340748557592,0.9534151312482733,0.7484730540153944,0.9296185902723479,1560.0,,37.6587279157357,True,False,0.9534151312482733,True,True,False,False,False,False
423,reached,53.80398625894839,-1648.1581757666027,-0.310831192910598,-1.0208600216928119,5.203885666414341,-68.0632088729846,1152.82585391409,1.019462810227109,0.97529457039692,1.0072572139530334,0.9637779524472959,1520.0,,17.0073213602802,False,False,1.0072572139530334,False,True,False,False,False,False
424,reached,0.0706546312430031,-42.21650056120052,-0.0006272875808974732,0.00027937464361116326,-0.35448803717905975,0.6716275381895969,407.46840538042,0.9984532207200709,0.9317241382288534,0.4428614871352089,1.00407163373144,1590.60326220814,,25.8726896669893,False,True,1.00407163373144,False,True,False,False,False,False
425,reached,0.05040396851733159,-4.074899493498378,-0.00045260055020435175,-3.685943559617044e-05,-0.03183338512752876,0.04422527638189422,761.790495638109,1.0088393695438391,1.0572457361505134,0.35866503598731553,0.59486659484782,1545.31494942378,,24.7660034523692,False,True,1.0572457361505134,False,False,False,False,False,False
426,reached,19.836339492999873,-996.5958472929997,-0.08509255025030882,-0.457003254696815,11.13891596684631,-47.6995430552962,698.48165777557,1.0486183967609777,0.9607217472569933,0.9044423834314056,0.9573319541518239,1600.0,,23.3489975441479,True,False,0.9607217472569933,True,True,False,False,False,False
427,reached,0.03236646042946207,20.48289268629742,0.0002907196528951772,1.3857254998583812e-05,0.0551921249392997,-0.06254029500217939,936.709923945734,0.9786886092383373,1.0085275834805068,0.880578077296111,0.748185838948932,1522.0839203794,,15.5810654747194,False,True,1.0085275834805068,False,True,False,False,False,False
428,reached,0.03617516776455774,16.69409214729967,0.0003249634701063542,7.696842800442028e-06,0.0048782267761993126,-0.08915899029770458,831.527553764445,1.0353212273239063,0.8919802404769334,0.9916933956231555,1.04453486677804,1503.08383990317,,15.5218049980352,False,True,1.04453486677804,False,False,False,False,False,False
429,reached,0.4884720573409234,-70.48744343510043,-0.0018147329148945346,-0.011702523949395527,-0.3624451034089997,0.10246262321209088,336.495515708101,0.9663657115294085,0.9734756055503067,0.49087165718502385,0.910523511703236,1520.0,,36.4798175813608,True,True,0.9734756055503067,True,True,False,False,True,True
430,reached,0.07984989906066586,-57.0387188090026,-0.0007127978605012686,0.00023016083329707726,-0.3663078860490998,0.49132496278690496,541.28368810409,1.0255298977292369,0.9281641220805467,0.8709208637088556,1.030627696850096,1517.3553431428,,27.3471312466655,False,True,1.030627696850096,False,False,False,False,False,False
431,reached,0.16800530517001522,-126.37616662399887,-0.0015088882037019857,-9.475898821165174e-05,-0.033019992994109515,0.16972058951660074,588.695961872346,1.0106276573786324,0.8735482272084066,0.5464165641022878,0.9894451672277039,1452.14212152006,,27.9281850589102,True,True,0.9894451672277039,True,True,False,True,True,True
432,reached,0.08216554869300995,-38.11614659370025,-0.0007379507568998633,-4.783333650948407e-05,-0.0904626965638009,0.20060231229922465,537.434717456313,0.9700887552699546,1.0384049193398266,0.34517101533194444,0.96953460537946,1496.74821406196,,25.2883804856337,False,True,1.0384049193398266,False,False,False,False,False,False
433,reached,7.588537591091307,13.639469015899522,-0.021702901640495043,-0.20645778221609135,8.988689586842423,-32.373300296222084,456.528225827356,1.0701315234956181,0.8105291456171466,0.6946603724511222,0.812164889443592,1680.0,,28.0639645739718,True,False,0.812164889443592,True,True,False,False,False,False
434,reached,0.27030590363101187,-161.0056334430992,-0.002428096208603847,-7.977992640917364e-05,0.09462391402870018,0.14161048102360496,386.435363522181,0.9924700233930474,1.0201905136308134,0.7463701438586889,0.833289592095352,1573.51200345414,,27.8800875085505,False,True,1.0201905136308134,False,False,False,False,False,False
435,reached,223.78949941092569,21895.4554058723,-1.9657526281486923,-1.2169455847244706,3.39144895448144,-55.929787089787084,2061.57733295222,0.9813847877061214,1.0741033349747466,0.35886786319333835,0.558202865106636,1446.72007706869,,21.0941977995217,False,False,1.0741033349747466,False,False,False,False,False,False
436,reached,0.028786172868818235,-6.341816610300157,-0.0002585078996020229,1.986611971460661e-05,-0.0840976067959005,0.30226439465369026,510.150931470418,0.9747758051143781,1.1039132464958468,0.26635951797399887,0.635630012447308,1634.97203936981,,32.5252931151693,False,True,1.1039132464958468,False,False,False,False,False,False
437,reached,325.0166776495094,16876.142213106898,-1.3059136606539994,-7.172589132379642,1.2991278262525894,-54.25064500030891,1768.05745761441,0.9645323120047969,1.1194463405566,0.396775828545495,0.5626428150055041,1446.72007706869,,21.0941977995138,False,False,1.1194463405566,False,False,False,False,False,False
438,reached,106.17169136494078,18795.931926394398,-0.3026733700885984,-2.7287873943334375,2.8191189760389594,-55.479804567281406,1916.95351893364,0.9455518853200344,1.2257874159185,0.37589321525041836,0.579283295518548,1446.72007706869,,21.0941977995133,False,False,1.2257874159185,False,False,False,False,False,False
439,reached,0.6638417122593967,88.0648354859004,9.864405960513523e-05,-0.015854891520206138,-0.22207649720701994,-1.7709377211245965,462.238607677766,0.970458527632044,0.89984913166926,0.50812234536879,1.0204338419306,1400.0,,29.6614035447856,False,True,1.0204338419306,False,False,False,False,False,False
440,reached,0.8322221265102222,75.38164012920242,-0.0008352320134008551,-0.02208633136399385,0.2252145165099808,-1.261613563074718,499.624598094389,1.0516184364079342,0.87674784732378,0.5605784475109722,1.01670432851266,1560.0,,24.0218783674127,False,True,1.01670432851266,False,True,False,False,False,False
441,reached,0.1842399769352464,-105.02532589820112,-0.001654584007596327,-0.0001238210882945623,-0.12383838882086984,0.30878179615990575,605.988401753512,0.9992666840073794,0.9974057029353799,0.4437742321353044,0.798224145259236,1539.36324018921,,26.5952387295411,True,True,0.9974057029353799,True,True,False,False,True,True
442,reached,0.043092756624430434,-35.567576628200186,-0.00038542225389903706,0.00010842186671311538,-0.3134492210127,0.38874023764330445,501.891485229527,1.0134982837558117,0.9436696973668666,0.552463303153441,0.9696038964073839,1549.63084182369,,26.7481366545075,True,True,0.9696038964073839,True,True,False,False,True,True
443,reached,0.22482813537127636,-236.8197879237996,-0.002018799416205752,-0.00018321257658726608,-0.5935960945941705,1.0352581927920141,357.73684194338,0.9583413554669451,1.11895384158446,0.5755386706767833,0.985797497646516,1539.08381976009,,34.6886966728492,False,True,1.11895384158446,False,False,False,False,False,False
444,reached,17.396682574058598,171.91067995109916,-0.04578208406699957,-0.42871566628770097,6.437867845209411,-33.2814975762696,613.782893627072,1.01911762313634,0.9627124683030467,0.7054419015405111,0.9659283480804041,1560.0,,27.5355904443757,True,False,0.9659283480804041,True,True,False,False,False,False
445,reached,0.07065199324460514,-55.8035068097015,-0.0006312762733955424,0.00020274062029557172,-0.3527125336409007,0.47678756528259214,521.899911806821,1.0082458669540546,0.92471116676522,0.6223304543953444,0.843323635407816,1558.96404019674,,27.1471926239979,True,True,0.92471116676522,True,True,False,False,True,True
446,reached,9.377530071735228,3.7362674848991446,-0.024458234648207622,-0.223587404417799,9.030459695254425,-29.072752687235095,476.280837445835,0.9902252249352008,1.1026882697984202,0.6266867993229,0.8863943207084359,1640.0,,27.6634482310135,False,False,1.1026882697984202,False,False,False,False,False,False
447,reached,0.04339078813089091,-14.263439854399621,-0.00038834823070033053,9.1939894701909e-05,-0.11307303607269859,0.2994742056384041,501.563900172462,1.0314981543258868,1.0070230852938,0.5438872174501851,0.5876889486166881,1717.03282387044,,23.6398980005562,False,True,1.0070230852938,False,True,False,False,False,False
448,reached,892.746449572481,31985.981741663603,7.588716172521899,10.471311096297597,7.40623643103124,-53.9486030147919,3517.80900200466,1.1282450713520442,0.8270489151293533,0.25880227930604,0.399538629762058,1446.72007706869,,21.0941977995561,True,False,0.8270489151293533,True,True,False,False,False,False
449,reached,7.9097074142958,103.44805569410164,-0.014930720384001006,-0.20652622699040535,11.53489428585164,-18.935230948523383,419.271961817971,1.0178483069926547,0.9977098737213467,0.6447148604291001,0.919281907654548,1640.0,,29.7751031298036,True,False,0.9977098737213467,True,True,False,False,False,False
450,reached,2.326807964203535,201.11302514280032,-0.0024788249836973364,-0.058653808537485475,1.9823101029867196,-3.5389868508601126,449.507859047456,0.9985498606912301,1.0195246906548334,0.36298059667822774,0.8974416396510121,1600.0,,38.7704624132221,False,False,1.0195246906548334,False,True,False,False,False,False
451,reached,27.156852316880048,-2403.4972909132994,-0.10485672658650458,-0.6664457310411933,10.91646596292855,-44.10042042955109,792.093677812445,1.0415548742207221,0.9447509044554533,0.8979869220970722,0.91036556571732,1680.0,,21.5588769225035,True,False,0.9447509044554533,True,True,False,False,False,False
452,reached,345.178194103022,23217.4427046343,2.5792931183555083,-5.436242620530322,4.66293770885514,-59.7375388838028,2447.91419570996,1.0365092147782937,0.9959071200816066,0.31458879324092887,0.530785232232632,1446.72007706869,,21.0941977994865,True,False,0.9959071200816066,True,True,False,False,False,False
453,reached,0.31190644686566515,-181.98037865580045,-0.0028017053284088433,-0.00011100443450118291,-0.3009079823847003,0.8763307547106933,362.91121403193,1.0060919790300424,1.0845183280827935,0.5348475371941044,0.937554290906316,1623.14572250623,,29.1882692734081,False,True,1.0845183280827935,False,False,False,False,False,False
454,reached,0.974667023791383,59.60090702810339,-0.002375924050298295,-0.024829337431896192,-0.005685957288100951,-1.3814918351814072,636.897452640639,0.9286172235054337,1.1556157995978866,0.4892641321331328,1.012152015415384,1480.0,,31.0819327231662,False,True,1.1556157995978866,False,False,False,False,False,False
455,reached,1.6609644504698646,119.79556701830006,-0.0021827166054038116,-0.04504218157310902,2.5405516344822594,-2.0226851554755854,382.265024267886,1.0057893359972245,1.15075268235398,0.7171847285930611,0.994512220017856,1600.0,,25.3621682076596,False,False,1.15075268235398,False,False,False,False,False,False
456,reached,41.172389017022034,115.03095011030018,-0.17736115018679754,-0.9648868358856078,5.76660924005564,-49.037245630829005,911.000821262577,1.0222415595028047,1.0303169184445,0.6323893914062222,0.666532364896276,1680.0,,18.377525971563,False,False,1.0303169184445,False,False,False,False,False,False
457,reached,0.2170665131833384,-162.03385131329924,-0.0019492071795070842,-0.00015058607320384,-0.14898479594370073,0.4223322361040971,626.823332920517,0.9470255628989068,1.07793772913876,0.6494191680735055,1.047814979874952,1461.52940845825,,26.2947872801664,False,True,1.07793772913876,False,False,False,False,False,False
458,reached,0.01117621269031857,11.826088665700809,0.00010038015510360765,5.985385087114992e-06,-0.0016493907733607927,-0.0204217003811209,793.737447536188,1.0387242892054673,0.8043040020635399,0.8790913166421223,0.968849423350612,1538.25060751055,,13.8741724283182,True,True,0.968849423350612,True,True,True,True,True,True
459,reached,2.951097766522274,110.59972271179868,-0.004013931021887629,-0.08433105674049557,8.56447085953337,-5.110185438332621,307.133650344575,1.0250736185680822,0.9641316975845466,0.5618424409505722,0.891455960931752,1720.0,,37.3477092598116,True,False,0.9641316975845466,True,True,False,False,False,False
460,reached,0.05967126814250905,-42.74251194030148,-0.0005358827617101269,-3.871916121056529e-05,-0.05306845449490005,0.0625997056554013,637.889911305493,0.9950810690357555,1.0780128757212666,0.518909479928279,0.8555751923730319,1524.81584860411,,22.5949276612159,False,True,1.0780128757212666,False,False,False,False,False,False
461,reached,0.017923479715892844,0.510960606898152,-0.00016101279049962613,-2.674736094832042e-07,-0.0010618471571994803,0.0769488599199235,368.144709822932,1.0031172948558051,1.0660527819973,0.6757468269302611,0.790397855881796,1688.02025154758,,23.5669502637925,False,True,1.0660527819973,False,False,False,False,False,False
462,reached,0.39087380489277923,-224.6244173717023,-0.0035101062369022884,-0.0002542411955062107,-0.041746878213279714,0.6290198024033771,370.319587239963,0.9917137017195009,1.0730592283016134,0.6830142179593944,1.008725409413676,1542.4926148039,,31.3605092726622,False,True,1.0730592283016134,False,False,False,False,False,False
463,reached,7.803959400365067,38.53872358519948,-0.015676031996704864,-0.20897117701179013,11.9155177864824,-21.4117868370395,451.14010246494,1.0421715488008931,0.9917424054936933,0.6704279906835833,0.8893483939737241,1640.0,,33.6390981045936,True,False,0.9917424054936933,True,True,False,False,False,False
464,reached,0.04735498381647469,-44.47438811470056,-0.00042505158519645647,5.2193361398167326e-05,-0.3035995721660498,0.34599638760730045,643.141979398289,1.0297828331946117,0.86801320723154,0.5826487670773889,0.89473157604838,1545.61258408389,,29.7843258855302,True,True,0.89473157604838,True,True,False,False,True,True
465,reached,7.356043417911434,-3.054254881099041,-0.01145356660209984,-0.17622624162370926,12.20889162801246,-15.649915503625294,412.906477187842,1.0347245498641393,0.9788001815018267,0.6484728018278721,0.972500069217524,1600.0,,34.0492458607722,True,False,0.9788001815018267,True,True,False,False,False,False
466,reached,0.01780349189967931,10.869373614299548,0.0001599166243977379,-6.639567288857506e-06,0.019687325050400162,-0.025669283140473453,819.293834709815,0.9734832587743085,1.0606975950806132,0.6510295307541388,0.7040721145134919,1522.69336200344,,18.5577480114396,False,True,1.0606975950806132,False,False,False,False,False,False
467,reached,0.09942778004246512,-69.36031528890089,-0.0008929588197901239,-5.916649371329186e-05,-0.03827808491458029,0.11563269650849861,587.856389247033,0.9833828278061416,1.0288060822836866,0.5974119159078,1.004610709245376,1490.72180285815,,25.9665587606562,False,True,1.0288060822836866,False,False,False,False,False,False
468,reached,0.017072860475318075,-5.3574576409992005,-0.00015336662301024262,-3.5861312994711625e-06,-0.10255310790089922,0.2877419241987127,448.609239569374,0.9308912276934578,1.2583101515389867,0.3603696741826528,0.63008600071956,1629.24817766744,,26.8858420616401,False,True,1.2583101515389867,False,False,False,False,False,False
469,reached,0.0035773883412734326,7.372442754702206,-3.179604010483672e-05,1.3066780809367629e-05,0.043234796293798894,-0.04774562236030988,828.55239221066,1.012338152960586,1.0095979146044867,0.5820145045660888,0.7078001458060801,1531.17523595533,,20.1440823631434,False,True,1.0095979146044867,False,True,False,False,False,False
470,reached,793.5395244705164,26337.4501441436,6.982725701046405,4.959198131474096,5.150815446920941,-53.5637126174163,2780.87877625524,1.061159830864153,0.9514870720556267,0.2793331750443722,0.49305981744892396,1446.72007706869,,21.0941977995517,True,False,0.9514870720556267,True,True,False,False,False,False
471,reached,0.034157728707076805,-8.84343366109897,-0.0003062502999995331,5.775813349373493e-05,-0.06553560326729979,0.23684449068440472,489.283659930011,0.9692130101906291,1.09489878581124,0.5205277008112567,0.6222677063197,1676.23552387063,,22.4312471562762,False,True,1.09489878581124,False,False,False,False,False,False
472,reached,0.08250744509249096,39.810571297701244,0.0007409861438958387,-5.2790157610616006e-05,0.18302421226110077,-0.2457846576094198,800.077511530392,0.9321746253897746,1.1971957858741,0.7646649317220389,1.022589051682684,1488.91773951287,,21.3912245280459,False,True,1.1971957858741,False,False,False,False,False,False
473,reached,0.13555030189548006,-90.09977491130121,-0.0012174506608033653,-7.68839709905933e-05,-0.2048375919062,0.4368431776109105,428.330424817614,1.045512411292717,0.9150632398419932,0.5181285899223,0.876335500870572,1618.13595752104,,25.7435134757472,True,True,0.9150632398419932,True,True,False,False,True,True
474,reached,53.30159433428829,19928.990832608797,0.42365369567188793,-0.6602308215699111,3.2255197270312896,-55.4182833281813,2003.92866525141,0.9911512496689967,1.1517751216731267,0.3786383659649817,0.5607544155958679,1446.72007706869,,21.0941977994979,False,False,1.1517751216731267,False,False,False,False,False,False
475,reached,0.03897730498800386,-3.6542070094001247,-0.00035014378809705704,3.951623511966318e-06,-0.0032604212745983574,0.15794556762870116,353.627956302174,1.0453898391515288,1.04891395740314,0.8660314844120556,1.0211048707274482,1736.58527398133,,26.1481929209834,False,True,1.04891395740314,False,False,False,False,False,False
476,reached,18.374592324829234,-40.38844920739939,-0.05403108920999955,-0.42715629707188896,9.628907249806275,-33.85583471310321,689.379797359744,1.0134419186102104,1.01110139914948,0.7858266173133944,1.005259857393324,1520.0,,30.8946284892819,False,False,1.01110139914948,False,True,False,False,False,False
477,reached,19.30326904121364,-629.8180345114015,-0.055163570380599936,-0.49356027502599886,12.07135037106465,-34.1699861491864,679.107650504636,1.0279906884546381,0.8754404929722199,0.7959685642315333,1.00447469893088,1600.0,,29.7299230945885,False,False,1.00447469893088,False,True,False,False,False,False
478,reached,0.32618897241258143,-195.83024457910142,-0.002929680623893205,-0.00018592517599813618,-0.09567017819471069,0.513114459335327,371.020930585089,1.01968191315521,0.9498139408380133,0.5696952353741722,0.85337585030986,1657.64385260733,,32.049597893879,True,True,0.9498139408380133,True,True,False,True,True,True
479,reached,0.01272165297894933,-8.10335747029967,0.00010309674149766579,-0.0001441580542120846,-0.21864947793079992,0.06719538602402508,569.458392906367,0.9917749546661845,0.9921416776778667,0.5646745904634445,0.994716754378036,1514.31426623302,,26.1936993777185,True,True,0.994716754378036,True,True,False,False,True,True
480,reached,375.6628355711118,13872.0144032842,-2.623333144126093,-5.523424901079437,0.4701084064300911,-48.87396323101629,1370.60438609282,0.9529001131471259,1.0508297173355468,0.40635842011445666,0.536381858437812,1446.72007706869,,21.0941977994906,False,False,1.0508297173355468,False,False,False,False,False,False
481,reached,0.010566296337814337,-1.3615280152989726,-9.490487489927091e-05,5.320035398881373e-06,-0.020003185941460444,0.14709730155439615,420.440186565954,0.9838811562586834,1.0679334456573266,0.4406606384030628,0.678578389323008,1679.22655244913,,23.9114812028675,False,True,1.0679334456573266,False,False,False,False,False,False
482,reached,0.06646989939278815,-17.57279695880061,-0.0005970360696068155,3.0177659112951005e-05,-0.03085201031800011,0.2270641065227892,442.213285574166,0.9421176783524892,1.1680484193466667,0.6435285324749722,0.68117075061944,1710.40733607999,,19.8942064051527,False,True,1.1680484193466667,False,False,False,False,False,False
483,reached,23.67441294865675,52.56724365039918,-0.10988676388370777,-0.550184679033805,8.53628581604664,-53.857909918804296,746.877814272761,1.0728491671136653,1.0335317863611333,1.0183015404971945,1.0519263107202321,1600.0,,21.5493384891336,False,False,1.0519263107202321,False,False,False,False,False,False
484,reached,0.14800244080163857,-113.70339753610097,-0.0013283920504960633,-0.00016016033640653404,-0.11604136756771055,0.24252389487588744,671.099113130466,1.0074109899305752,0.9188229456728667,0.5198664831841305,0.9034720347216799,1496.55896045967,,28.8688025399135,True,True,0.9188229456728667,True,True,False,False,True,True
485,reached,0.19248943809592856,-109.87873260989727,-0.0017286571648043036,0.0001238126293969799,-0.5379946506203002,0.6835155079702986,475.721959088804,1.0209252214885571,0.8691214486326067,0.6620056649721056,0.968949244883056,1505.10436900048,,33.2152765847893,True,True,0.968949244883056,True,True,False,False,True,True
486,reached,0.08549836179927026,-35.6561500282005,-0.0007680140004993063,-2.5511784713216912e-05,-0.019571009233649406,0.09192098615807254,465.878733131445,1.0057258954471835,1.1143110686014932,0.29426504873987336,0.638785869940852,1609.6213963435,,27.8766212352682,False,True,1.1143110686014932,False,False,False,False,False,False
487,reached,1.4083027501299517,227.46992718289766,-0.0002955631012042659,-0.03981887171360654,-0.6420343819803698,-2.259618232270782,538.922789615853,1.0093180699796909,1.0531924123702199,0.42886853595479607,0.680233264567316,1600.0,,24.4867898798216,False,True,1.0531924123702199,False,False,False,False,False,False
488,reached,0.2524793150269394,-159.11467502890082,-0.002266924140499782,-0.00020370566520000466,-0.14646577517070014,0.5626385438866919,526.306535403297,0.9939507769410189,0.94291186571444,0.48688909350110166,1.039697991835356,1466.74766142049,,26.411984542248,False,True,1.039697991835356,False,False,False,False,False,False
489,reached,31.869178599876182,18289.486620401403,-0.19299204717709983,-0.6523469934068942,1.741642663672489,-51.572785184369195,1906.54973833292,0.9816360333956712,1.0535107201698268,0.38343764014540055,0.557914244502256,1446.72007706869,,21.0941977994707,False,False,1.0535107201698268,False,False,False,False,False,False
490,reached,170.8674000360794,22415.893432244702,0.14408241899489838,4.796638845924292,3.6192526669468306,-49.0092766592571,2127.38926923903,1.0157154420853247,0.9048175004875068,0.3548636353356689,0.537799624233448,1446.72007706869,,21.0941977995494,True,False,0.9048175004875068,True,True,False,False,False,False
491,reached,0.5222805629518242,79.77236396350054,-0.0005174974460970816,-0.01373815585441207,0.31033770730171995,-0.12784563166559337,450.496716697428,1.0221194813951517,1.1996459310939267,0.4202996504368961,0.559519086055336,1760.0,,23.9211119244049,False,True,1.1996459310939267,False,False,False,False,False,False
492,reached,0.04564742099723484,-19.163565080401895,-0.000407761094010084,0.0001334116475106839,-0.21424879503559957,0.4437974646864973,426.11470214836,0.9873209976927039,1.13757762899206,0.38322440029649885,0.5509052584815121,1712.92750167311,,25.1574026778326,False,True,1.13757762899206,False,False,False,False,False,False
493,reached,0.43465858642813615,14.947241277699504,-0.0007929189106050671,-0.01161626416350714,-0.1993304746157012,-0.23786270995492487,560.663354988195,0.9701143952059456,1.0765703766932067,0.3742943427776795,0.785020150963708,1520.0,,30.7295147703219,False,True,1.0765703766932067,False,False,False,False,False,False
494,reached,0.07004226373587273,-52.91449178300172,-0.0006276107645959428,0.00012830593439616678,-0.33196396263153005,0.41813851729551743,611.95842745511,1.0034798693280584,0.9382870645278932,0.3658351487491945,0.759583217644336,1558.15634208607,,29.5497902579293,True,True,0.9382870645278932,True,True,False,False,True,True
495,reached,0.00458946312042303,10.147425372302678,4.113935179361761e-05,8.550298588261285e-06,-0.01599745394000074,-0.0036922356653974475,590.383171757201,1.006572929621052,1.0060227204758734,0.5510584521816762,0.696778133469308,1573.65088938719,,20.6907875134253,False,True,1.0060227204758734,False,True,False,False,False,False
496,reached,19.562249066837833,-323.0415370183,-0.08004179854799531,-0.43892519090920246,9.703223895570668,-45.293167932807506,661.878984189075,1.013122583895749,0.9801161339188132,0.8047402406551,0.7656535280065719,1600.0,,22.3604175042052,True,False,0.9801161339188132,True,True,False,False,False,False
497,reached,140.00006803616083,21498.8573521981,0.08866270833269141,-3.6285019515048305,2.726739347067971,-56.901136313307106,2041.41451937999,1.0364690034432202,0.9055659884091,0.3724228444573333,0.529550387683088,1446.72007706869,,21.0941977994977,True,False,0.9055659884091,True,True,False,False,False,False
498,reached,8.154404626832337,53.12713737120066,-0.012797475842887707,-0.2170442642674857,12.37783538494306,-17.571835739750213,451.905961829167,1.0651637813723724,1.0192789676945602,0.6127220780118889,0.8282424304400161,1720.0,,34.3134589717356,False,False,1.0192789676945602,False,True,False,False,False,False
499,reached,23.75289172868624,-82.85107387129756,-0.10583645710759981,-0.562671785931002,6.80856823562643,-47.57894179155329,696.69287995984,1.0265186878104067,0.9539529147513133,0.6612700939134222,0.714599070939168,1680.0,,20.1860887276728,True,False,0.9539529147513133,True,True,False,False,False,False
500,reached,25.59285261012659,220.99606168489845,-0.1266386243035953,-0.5794068931529921,6.071322367743051,-55.1256867198461,740.913971670745,1.027812576898552,1.0060692731003866,0.7401622750083944,0.7511151515471439,1560.0,,19.7976751645297,False,False,1.0060692731003866,False,True,False,False,False,False
501,reached,1.7330230587375854,54.21534448389866,-0.0028922335280014977,-0.04359303804528736,4.1491189947128895,-2.144291166824985,319.369948756558,1.0000495357062182,0.9820993286531801,0.7919786302052889,0.895938021146312,1560.0,,39.4521924769673,True,False,0.9820993286531801,True,True,False,False,False,False
502,reached,19.33824558676168,-148.67497974169964,-0.06370475403799958,-0.4257225535621103,9.072737060691024,-35.584986304437905,642.120451746763,0.9409235105889862,1.1117927173775535,0.6352033109762222,0.72039420729718,1560.0,,23.5345182249435,False,False,1.1117927173775535,False,False,False,False,False,False
503,reached,0.20147184441696855,-105.29068280700085,-0.0018098142970046638,-4.643466559173248e-05,-0.07832053253859073,0.29776418297390705,379.182595557209,0.9833435620393658,0.9441893830939934,0.5112980270334923,0.768850750516608,1614.11476136677,,29.1182627854225,True,True,0.9441893830939934,True,True,False,True,True,True
504,reached,0.07539026767158878,-19.00686721549937,-0.0006772328816992967,-1.8089378301056058e-05,-0.01940207504030056,0.08203716973429209,444.027035275141,1.1092007106507629,1.1612669896043666,0.5125191411731929,0.536062290288456,1849.49693799489,,21.9665541666322,False,True,1.1612669896043666,False,False,False,False,False,False
505,reached,0.008130107291988172,5.592462554301164,7.236492739082223e-05,-3.097553710063039e-05,-0.052249020284600434,0.01886498131460712,769.899867695667,1.035239403208832,0.9629557682250399,0.5150122031115956,0.767864578113528,1546.6118634179,,23.1113688704875,True,True,0.9629557682250399,True,True,False,True,True,True
506,reached,15.125350157763421,-577.0613499997999,-0.04239517022989503,-0.38798693795610006,13.79570625938891,-31.123710408721507,583.745812255808,1.093636767965596,0.9145650979428199,0.7117882065035334,0.8708998677378841,1720.0,,27.3852541118216,True,False,0.9145650979428199,True,True,False,False,False,False
507,reached,0.22479287393680658,-204.7648638257997,-0.0020189665268901535,-0.00011886717200582098,-0.3882670844733713,0.6917239918391829,441.991099440616,1.0077159312666069,1.0844148714113935,0.6647928527502112,1.017919073588896,1498.54169752079,,29.8098686123902,False,True,1.0844148714113935,False,False,False,False,False,False
508,reached,29.930989666296316,-100.48015427919745,-0.11876440661180254,-0.7684223614712948,6.565199591295091,-49.903000987836094,827.567988077262,1.037223334986908,0.9447309514679934,0.7456654660864389,0.949782862276124,1600.0,,22.0355728823466,True,False,0.949782862276124,True,True,False,False,False,False
509,reached,0.06026509241701002,-40.25817563609962,-0.0005364214601968342,0.0002324628547114571,-0.2636915632755308,0.4326385392718066,505.648423832268,1.0468435419852091,0.89815514818698,0.41884986431460663,0.8445482822978561,1599.4302876641,,23.9105909278562,True,True,0.89815514818698,True,True,False,False,True,True
510,reached,0.05437707105862951,-25.962111589400592,-0.0004883951826002431,2.9633967898234914e-05,-0.12737511723899964,0.23944778599440042,529.27713080649,1.0206620443099634,0.95761758022054,0.5077117186219822,1.0014523811454281,1585.84693810744,,22.5482033552233,False,True,1.0014523811454281,False,True,False,False,False,False
511,reached,0.28818679956388277,-142.35786221610033,-0.002546711985303318,0.0013998089924029955,-1.2339949194869,3.1029124160627077,239.061559337826,1.0179815218909682,0.9366020608570601,0.5432982520443739,0.88173404823512,1679.27050479251,,39.4227912815529,True,False,0.9366020608570601,True,True,False,False,False,True
512,reached,0.027465856253907687,-15.725719979600399,-0.0002467229571010421,7.387374807876768e-06,-0.2320630548396707,0.35103587315529694,581.715704656671,1.0008737901858908,1.0482001640060266,0.2714761222249261,0.628257715483268,1593.49462844972,,30.593553962989,False,True,1.0482001640060266,False,False,False,False,False,False
513,reached,0.01412754976351037,-1.443493131097057,0.00012679298589546306,1.56253269096851e-05,0.003491593896049139,-0.0028001437655120753,336.236132232089,1.02670076774857,0.82185770517454,0.3233952420204783,1.03190283652386,1512.70372045287,,29.1508543783436,False,True,1.03190283652386,False,False,False,False,False,False
514,reached,0.10745321828316287,-68.18887847759834,-0.0009651646058017604,-5.30896058990038e-05,-0.19706213339189915,0.2354261693969022,450.92206774487,1.100103972167819,0.8521924736935934,0.7484765804065666,1.03447516174576,1604.35627087485,,25.5772215022714,False,True,1.03447516174576,False,False,False,False,False,False
515,reached,395.7722207195059,24135.4110640626,1.5292711586698005,10.007836957303596,4.540493214052771,-46.8020344953826,2529.14641350925,1.050549765675166,0.9246387461596534,0.308036597969235,0.5218424810879639,1446.72007706869,,21.0941977995434,True,False,0.9246387461596534,True,True,False,False,False,False
516,reached,12.030635535110218,227.1605985688002,-0.0014943316861035782,-0.2953811542720075,9.144497592809753,0.20236262785539338,448.131069929409,1.0375271285961214,0.9983515166044533,0.7164570658265778,0.855825125151428,1640.0,,24.0129404844661,True,False,0.9983515166044533,True,True,False,False,False,False
517,reached,611.3313332425154,12608.868140137398,-4.594247369055296,-8.196532354594268,-1.5154740661698813,-47.058525673463606,1242.69727829045,0.9840709579100744,0.8311925856869666,0.40921705955113225,0.559611767191848,1446.72007706869,,21.0941977994745,True,False,0.8311925856869666,True,True,False,False,False,False
518,reached,0.04970255173413635,-10.517959893699299,-0.00044647860430302444,1.1226576702938473e-05,0.04917840912169957,-0.09858707327879301,526.410510038612,1.014810365163279,1.0835906594059665,0.30713079534824,0.609147695709872,1693.11978875821,,27.5607897066431,False,True,1.0835906594059665,False,False,False,False,False,False
519,reached,0.06694818254808003,-15.137456261199986,-0.0005759717258939645,-0.00046933282149552724,-0.15519514926231004,0.48481779643680056,503.763030226606,0.9565994964737707,1.07170482547264,0.21513045649989276,0.588842845026616,1560.0,,33.5845723439976,False,True,1.07170482547264,False,False,False,False,False,False
520,reached,16.59661928791163,-970.1808565937972,-0.05591415793379895,-0.4005190399780929,12.376342090654989,-36.50308212976091,614.725771858506,1.0203265100901853,0.9871686313237468,0.8155347823737777,0.88378463455602,1640.0,,24.3253255219288,True,False,0.9871686313237468,True,True,False,False,False,False
521,reached,1.3943975979251682,58.807178557697625,-0.0020797950054003422,-0.0356590492228861,1.3918287291501308,-2.298611908903297,425.741084637095,0.9839658679783267,0.9527821645238866,0.6549566414273167,0.955287627453132,1520.0,,29.9307413046592,True,False,0.955287627453132,True,True,False,False,False,False
522,reached,13.07723990823609,-258.5094816398996,-0.03319453155619101,-0.3354870034995088,13.68101336796991,-28.304555199512805,547.752287429745,1.0051810513519928,0.9377091089422467,0.6926265113350389,0.906139495843252,1640.0,,29.5769030542875,True,False,0.9377091089422467,True,True,False,False,False,False
523,reached,512.8727162717831,24087.0084218185,4.571626308637107,-1.7174942464453977,3.8089661885142005,-58.24121701174869,2501.54673951322,1.060399021498572,0.9057319154957533,0.31539191596498056,0.523177299394476,1446.72007706869,,21.0941977994603,True,False,0.9057319154957533,True,True,False,False,False,False
524,reached,5.557720849446793,244.23578935059777,-0.009519932667188868,-0.156352078526794,9.980583126844477,-15.464433721264982,378.387386248988,1.0040897741896424,0.9401654074878267,0.6258333895043889,0.8946502492451079,1680.0,,34.4185930446653,True,False,0.9401654074878267,True,True,False,False,False,False
525,reached,0.05743081624045511,-54.28613272229995,-0.0005146270941907005,0.0001108377475134148,-0.46506089599674105,0.49593794652810175,536.139823405057,1.0167324671064923,0.9241456157388533,0.68605052084215,0.9079885307031119,1543.9685719184,,30.666226886019,True,True,0.9241456157388533,True,True,False,False,True,True
526,reached,10.925495994848147,222.17133935059974,-0.02207894596800486,-0.2640802734092915,10.86584511681372,-21.187457342649196,546.085863480748,1.0320512004595692,1.0079056220909732,0.6476911336773222,1.034809846320324,1520.0,,34.1833205219478,False,False,1.034809846320324,False,False,False,False,False,False
527,reached,7.324885446555579,-66.44833651000226,-0.012964692999901217,-0.19009406620440927,14.30915564819331,-17.781454963204908,420.895373635255,1.0607327316999093,1.0001345585265466,0.6109509839815889,0.8793170149788561,1600.0,,34.3576315141199,False,False,1.0001345585265466,False,True,False,False,False,False
528,reached,8.989389775497889,-53.69077889089749,-0.02194658874110189,-0.22616760635449396,10.538275615300158,-27.279534747957882,478.814591242978,1.0292013487034073,0.9772654900779066,0.6459971286155278,0.862748852768016,1600.0,,29.1230125764803,True,False,0.9772654900779066,True,True,False,False,False,False
529,reached,143.59973582246138,21887.654524459304,0.9985282597876903,-2.7674018388545107,3.2593289008900106,-55.8066179900748,2198.83510304523,1.008178709430295,1.0375057701978667,0.3453189316278328,0.54741069092602,1446.72007706869,,21.0941977995019,False,False,1.0375057701978667,False,False,False,False,False,False
530,reached,0.0728220454985816,-14.546778930100118,-0.0006541711062908462,-1.2237689105631944e-05,-0.015118352768249466,0.09143735677207587,498.881431218892,0.9469375089973773,1.0569047658831465,0.3559754350966617,0.634814383159324,1613.59913778709,,28.310603480956,False,True,1.0569047658831465,False,False,False,False,False,False
531,reached,0.057950926311455375,-14.21083048500077,-0.0005205816535891472,-9.937256891134894e-06,-0.017085477510111247,0.07382309747680438,473.783106902523,1.002991432669413,1.1122051247449667,0.43600151061303277,0.605772296294192,1689.36831384817,,21.9163282393024,False,True,1.1122051247449667,False,False,False,False,False,False
532,reached,0.08141956595364847,96.31075524969856,0.0007291798929003335,0.00017117993908755125,0.1332070436506516,-0.26219264790051966,846.720746448791,1.0131013815805476,0.9366080471136533,0.9406882009829833,1.0159803595263959,1537.19032478022,,17.8359056674638,False,True,1.0159803595263959,False,True,False,False,False,False
533,reached,6.745798760928441,-121.74444912269973,-0.011968304199498903,-0.1792843010242109,13.25899332238416,-17.667267798008993,416.587621387124,1.0856404710077856,0.9936397284799133,0.6433128015911056,0.8655465213902721,1760.0,,34.7629813211486,True,False,0.9936397284799133,True,True,False,False,False,False
534,reached,0.07615005137382445,-10.800031588798447,-0.0006840814905046955,2.9433161898850813e-06,-0.02521229697320848,0.16210032723108725,542.881386022386,0.9871740477121009,1.23000858725418,0.5971497941439444,0.6526405502592,1747.39706560486,,21.1721518089822,False,True,1.23000858725418,False,False,False,False,False,False
535,reached,0.037112845631374985,8.20496061079757,0.00032749606050686,-0.00016475007220151383,-0.17813168378537902,-0.04709250012120947,675.444447861509,0.99026265716086,0.9274707138066799,0.5095120119557184,0.983442669603144,1474.81467576332,,28.0262954870888,True,True,0.983442669603144,True,True,False,False,True,True
536,reached,22.17916730705521,-858.8679103239992,-0.03892149193750072,-0.5539526518327875,7.257414785415951,-15.599933439601216,588.608283699936,1.028583002432549,1.2049970482532666,0.8890106834650056,0.860987230529684,1720.0,,21.3072682530437,False,False,1.2049970482532666,False,False,False,False,False,False
537,reached,0.08929694603959001,-62.23464108830012,-0.0007929964805981626,0.00032987169271336825,-0.48891510402172855,0.7150790831241807,430.809980985444,0.9657629270241823,0.9680386044816534,0.6431639632619611,0.97943676503408,1474.31360021627,,31.1061415879111,True,True,0.97943676503408,True,True,False,False,True,True
538,reached,0.04077305319567462,-43.663340477298334,-0.00036480302421182387,9.034977648525455e-05,-0.38298192488789873,0.4297513551478005,485.284493649932,1.0161150627642088,0.7910077799548066,0.47727332582799165,0.827782124737308,1544.21757336195,,26.5843945274091,True,True,0.827782124737308,True,True,False,False,True,True
539,reached,0.14936725080909466,-88.40615533119853,-0.0013416834884054651,-5.5419152403146654e-05,-0.07888549555756086,0.16693261406220472,443.587631249903,0.9708115888591126,1.1482786040180466,0.41143278964214447,1.024840733028896,1527.73368567443,,29.2605932164011,False,True,1.1482786040180466,False,False,False,False,False,False
540,reached,0.3038120969758247,-155.53517584769725,-0.002728949635695699,-0.0001229982024142373,-0.1370406347617994,0.5364207205358866,410.455014267656,1.0283294564702252,1.0108777464590133,0.5543420274863884,0.78568350551414,1620.67779317365,,28.767566820676,False,True,1.0108777464590133,False,True,False,False,False,False
541,reached,0.037412856296341154,0.056859306401747745,-0.0003360924666964138,9.600435078027658e-07,-0.0049766398060899775,0.12161815035790369,344.283187676511,1.0302402103241974,1.0670533225136267,0.8854311916108889,0.9821745365257201,1726.12710507524,,25.4849768511454,False,True,1.0670533225136267,False,False,False,False,False,False
542,reached,0.1196136457333806,-44.53327075409834,-0.0010745059199024354,-2.2234466513282314e-05,-0.011350008421059599,0.06442241394631765,483.848487401391,1.0264203370026996,1.1371418407411067,0.39915555430202665,0.639164351023596,1729.90265086891,,28.1201327600162,False,True,1.1371418407411067,False,False,False,False,False,False
543,reached,1.264309050032653,199.76034818570042,-0.0005215578779029784,-0.03285901803170077,-0.23250815952475,-1.213958698716283,483.510247224614,1.0134739115971556,1.1371032005112867,0.27574754388293277,0.585661237986068,1600.0,,29.4923623140372,False,True,1.1371032005112867,False,False,False,False,False,False
544,reached,41.22993643990989,-6.8478440036014945,-0.1037329926657975,-1.047622597841297,5.34602919783112,-32.0917833273503,951.221356984475,1.0533878314432255,0.8292776754878399,0.48043612992024554,0.71078101026536,1640.0,,23.136268148299,True,False,0.8292776754878399,True,True,False,False,False,False
545,reached,0.9028699245339651,-1.6429640803980874,-0.0020018841285889266,-0.022653332692812,0.9830787047569789,-0.887987779106794,354.728102942341,0.9824498927596697,0.9764767982056534,0.6180852376318888,0.8309425893581841,1600.0,,31.8150962379262,True,True,0.9764767982056534,True,True,False,False,True,True
546,reached,817.4544138972441,9365.230647576402,-7.315820108714497,-1.5469175375680777,-5.296439042534301,-33.27548099562239,895.095244913948,0.8911428254408142,1.1594229866394268,0.4174409735470022,0.550904368351244,1446.72007706869,,21.0941977995016,False,False,1.1594229866394268,False,False,False,False,False,False
547,reached,0.19395768899154953,-126.16518222850209,-0.001741829451404442,-0.00013227162838802542,-0.10042966611696968,0.30132353528659905,501.930190443803,1.0187306284920858,0.9353790461582667,0.44423307177951443,0.743437597088108,1575.85671843715,,31.3168935378258,True,True,0.9353790461582667,True,True,False,False,True,True
548,reached,0.0968452059729757,-25.901300624900614,-0.0008699899308055592,-7.691820599120547e-06,-0.1953888976024789,0.4903347432962164,516.661518024395,1.0230856193375664,1.0162628774540734,0.192546989015765,0.558528971403084,1590.46064888738,,35.1315962492904,False,True,1.0162628774540734,False,True,False,False,False,False
549,reached,0.0009730491260755791,-0.34563301829984994,-8.740860494071967e-06,2.3371759994006425e-07,0.00043665076860044394,0.05513825720811383,353.756946813651,1.0015211803275201,1.1531507499321265,0.7481274011356333,0.8972436467982601,1645.91605176078,,22.8956252045642,False,True,1.1531507499321265,False,False,False,False,False,False
550,reached,0.16791248296341607,-139.64405272419754,-0.0015029333034988213,0.0003541885234028541,-0.8675890867516998,1.0711317404865213,471.835307959442,0.9533853945974794,1.0764935787803933,0.3657513566901183,0.870165566806304,1479.04352585441,,38.8057714509646,False,True,1.0764935787803933,False,False,False,False,False,False
551,reached,1088.2213883066497,31465.6429500753,8.768445308599198,16.60813310161589,7.908900035254119,-48.52187411932499,3441.57427011674,1.1371145826284619,0.8879835753082734,0.24709766800694055,0.42306007935798,1446.72007706869,,21.0941977994784,True,False,0.8879835753082734,True,True,False,False,False,False
552,reached,306.670899801649,24239.3143465548,2.584250409553306,3.0984327705569967,4.021876032606129,-56.494687747266596,2562.55544218961,1.074938590012005,0.8531223208084266,0.3112152069895945,0.516387823551604,1446.72007706869,,21.0941977995203,True,False,0.8531223208084266,True,True,False,False,False,False
553,reached,0.03852304322359511,-11.088570076200995,-0.0003460520621985097,-8.716381302065201e-06,-0.04987733335000044,0.12781084300701195,627.755187647741,0.9577666378229874,1.1591957234568866,0.373632909336865,0.630761370990308,1602.93534831072,,25.7700263886276,False,True,1.1591957234568866,False,False,False,False,False,False
554,reached,0.06101878479397728,-12.756217233600182,-0.0005481462067109533,-8.099432392327799e-06,-0.006501438915099911,0.04435173205010301,516.953581786175,0.9868297223100613,1.1191874558139934,0.3546367089828017,0.66038822859284,1650.85664427781,,27.14854351448,False,True,1.1191874558139934,False,False,False,False,False,False
555,reached,0.027845999836405292,-10.221349112296593,-0.00024957262370151057,4.820103350766658e-05,-0.12746332824460005,0.3524681075114131,471.298880855783,0.9302449293310828,1.1629618261370334,0.37447233924986223,0.6522237829018039,1628.72042389789,,27.6934637464229,False,True,1.1629618261370334,False,False,False,False,False,False
556,reached,10.421651932427757,117.57908240910183,-0.018722957221797287,-0.2525834848445925,12.02843663750005,-18.090880465854895,489.218463539641,1.0336476530550782,0.9605544378841333,0.8157990908610444,0.931097145665064,1480.0,,29.2353915092979,True,False,0.9605544378841333,True,True,False,False,False,False
557,reached,32.708489846449616,-10.751987333198485,-0.027609954574600692,-0.8378459985443953,11.60960495887673,-8.634656070397796,747.951627562665,1.027173945254713,1.0203177927356732,0.7509576873391056,0.895217240703016,1600.0,,26.601610959392,False,False,1.0203177927356732,False,False,False,False,False,False
558,reached,0.06891930226392234,-54.20589843239941,-0.0006123241343942709,0.0002645706998123387,-0.4119956017170505,0.4844489387634212,510.923603399899,1.0061584668406323,1.0162804753555068,0.5814786473282778,0.817056585110128,1593.78719728333,,29.6324002422341,False,True,1.0162804753555068,False,True,False,False,False,False
559,reached,40.956932198219384,-850.4050272097993,-0.15757895869370486,-0.9414409620324875,7.409703117043481,-46.93819289325921,970.632315079373,1.0492247925891114,0.9658621622076,0.6698506639723666,0.7725595127503799,1640.0,,20.0600713244967,True,False,0.9658621622076,True,True,False,False,False,False
560,reached,0.15955772643645028,-86.46166637400165,-0.001433162547002098,6.476280299239079e-05,-0.29579256139689925,0.7429422231901981,369.673273522199,0.9706507032810442,1.0336692937593133,0.3685822294191533,0.689430138959792,1661.81810738037,,29.1172892150916,False,True,1.0336692937593133,False,False,False,False,False,False
561,reached,235.31684362954653,20227.171528955998,1.5020456218812086,-4.398362504028938,3.3842643165264894,-58.422151590137204,2142.49269916723,1.0101173878960314,1.0460648994550867,0.35684884196236666,0.549737502407852,1446.72007706869,,21.0941977994857,False,False,1.0460648994550867,False,False,False,False,False,False
562,reached,27.60094756428056,-744.2900777122995,-0.13442460223969022,-0.5759847638138922,7.280764313703779,-55.96365439140631,841.583234333206,1.0109826652791112,0.9958427803623533,0.8333375392382889,0.970286873684412,1520.0,,21.3008479571371,True,False,0.9958427803623533,True,True,False,False,False,False
563,reached,0.01948886551758066,29.496257096499903,0.00017506973121328429,4.324921604847987e-06,0.038972903767399814,-0.05425814015131891,1313.23212521069,0.9887775160306564,1.0849506398185067,0.8779451735715722,0.911750665725404,1434.76118112329,,16.1805692373618,False,True,1.0849506398185067,False,False,False,False,False,False
564,reached,0.07543121140415156,-27.35241735729869,-0.0006775894648995973,-2.0253631504374425e-05,-0.016748669607899558,0.04012534583279148,594.194335515422,1.0394032129312443,1.0516512944508267,0.5469320033394511,0.65512640961304,1727.22357696745,,26.7286594906186,False,True,1.0516512944508267,False,False,False,False,False,False
565,reached,19.13920082299986,116.28417890829951,-0.06943715416359453,-0.44752782946329717,8.976717355985741,-40.5223109295824,636.488731875299,1.0104919777768693,0.9590536850871401,0.7162298373344332,0.6931220525294,1600.0,,22.4799352925936,True,False,0.9590536850871401,True,True,False,False,False,False
566,reached,0.13242322654362151,-94.31813961769876,-0.0011705514461084476,0.0006548826243886197,-0.5985694379371704,0.977506304836794,418.399843830142,1.048050826976489,0.8889269965578467,0.5777968898342222,0.78103411593396,1599.77081476492,,26.4625577585147,True,True,0.8889269965578467,True,True,False,False,True,True
567,reached,0.0883851904352345,-48.571199241898285,-0.0007939602926967382,-2.2754444188421985e-05,-0.27373085111610074,0.546605173792102,498.590421893379,1.0112770121723256,1.0564068706591465,0.24375825875120113,0.70992293475722,1587.69108296648,,32.3452524700053,False,True,1.0564068706591465,False,False,False,False,False,False
568,reached,0.19216499240387971,-138.83690328390003,-0.0017249081316066395,-0.0002117862865134157,-0.12045978644169963,0.3338460058940882,598.305742123611,0.9637016299031057,1.0708354331568066,0.5192560617746205,0.9583972436499361,1498.46330302422,,26.3777898856193,False,True,1.0708354331568066,False,False,False,False,False,False
569,reached,0.028084060632536326,-0.9963892400992336,-0.0002518793467913838,4.331725889983318e-05,0.0007263444310598999,0.15225075202209837,340.226286757941,1.0106314236726281,1.00514343601,0.7530560154847555,1.016901959611152,1713.92176471346,,25.8248801969044,False,True,1.016901959611152,False,True,False,False,False,False
570,reached,0.010126096031190222,6.277082916301879,9.045418580910791e-05,-2.809211298426817e-05,-0.09569110336589937,0.04352540394461357,675.715879376696,0.9763075987246365,0.97934461377376,0.4239868118128911,0.6833368518988719,1550.44939532231,,24.3140729762524,True,True,0.97934461377376,True,True,False,True,True,True
571,reached,0.2748081472058516,-249.03670486810006,-0.0024686478891879915,-4.8165150502654797e-05,-0.38261686075937007,1.3395311732879804,322.155514830324,1.0384951548421597,0.9915087314528334,0.6913803115197333,0.8395640869634,1625.84413906809,,28.8519924397606,True,True,0.9915087314528334,True,True,False,False,True,True
572,reached,0.11439682279735654,-96.85899924940168,-0.0010271647700932363,-9.729647379685957e-05,-0.19294628826584947,0.3612572883965015,586.327079635533,1.025141428659966,0.9531517429437933,0.5580083765692945,0.8165844331940241,1541.96772495355,,26.8673072130436,True,True,0.9531517429437933,True,True,False,False,True,True
573,reached,8.4111200583224,-217.6520336591966,-0.015714078037703416,-0.2239485296776138,13.58544290489548,-18.59484167069661,460.25571731651,1.0208203758604704,0.8895435672689934,0.8538051546177889,1.032661495154972,1560.0,,36.780854315968,False,False,1.032661495154972,False,False,False,False,False,False
574,reached,837.6494106053871,29113.889868723105,7.509113077425198,-1.8178020071775052,6.71376512674515,-57.6227245188725,3241.92774940717,1.1285942753032108,0.8286844904215466,0.2552199943340961,0.447562291714768,1446.72007706869,,21.0941977994834,True,False,0.8286844904215466,True,True,False,False,False,False
575,reached,756.6403614237486,31134.1132262288,6.79682589918481,-0.24542477081320158,6.8659830688120005,-59.3033431138151,3428.82546798075,1.1157449312244239,0.9052512843474266,0.26038812602297606,0.40338470773884405,1446.72007706869,,21.0941977996042,True,False,0.9052512843474266,True,True,False,False,False,False
576,reached,12.319994190304541,-98.90831047479878,-0.033565895481999064,-0.29391964462828923,10.833512389522472,-30.64392808066171,536.506140797172,1.004155306623547,1.0239820872775933,0.7571852164658889,0.760986056154316,1600.0,,24.9620442015846,False,False,1.0239820872775933,False,False,False,False,False,False
577,reached,13.470094980609181,-562.3135016137021,-0.0492430721578927,-0.31916315435378806,12.36334219434262,-40.5510710118632,572.29468290846,1.0409990683272141,0.9271869952934133,0.8456333103614334,0.9559214765909321,1640.0,,24.5181788731423,True,False,0.9559214765909321,True,True,False,False,False,False
578,reached,27.46913960570901,-343.1812017379998,-0.14839376052050568,-0.6300389347890984,6.632370766017001,-59.9982319260301,775.797334390418,1.0788645053050319,0.9182315495740133,0.8160522195141056,0.8569554072543679,1680.0,,19.1951093034634,True,False,0.9182315495740133,True,True,False,False,False,False
579,reached,314.5889396840403,18155.9046834296,2.1185827750916957,-5.34838945809031,2.4154413686792893,-57.014699573866906,1903.06820344817,1.00173184611255,1.0597831330623868,0.38839239165587947,0.548048924101536,1446.72007706869,,21.0941977994877,False,False,1.0597831330623868,False,False,False,False,False,False
580,reached,26.06620236263428,153.93169523329925,-0.0765442738709936,-0.6833343206322127,7.091161485931581,-35.19371865440891,753.401572582319,1.0308607366621443,1.04292957800264,0.5297822752463978,0.868475847592528,1680.0,,26.2574054374533,False,False,1.04292957800264,False,False,False,False,False,False
581,reached,160.09796536033662,19693.3126969561,0.9536579608013085,-3.05407948990009,4.1265450124568,-57.227212592708895,2064.3034834676,0.9909119172518872,1.0775599118670867,0.3633937532957328,0.5572709205142881,1446.72007706869,,21.0941977995121,False,False,1.0775599118670867,False,False,False,False,False,False
582,reached,13.835398883364704,-671.5758483805002,-0.04199474579519347,-0.3378131478347939,13.10399065476974,-34.59390960523601,568.929108246652,1.0102749321669227,0.9500294797129667,0.9042429348499611,0.9534367157123439,1600.0,,23.8763648765259,True,False,0.9534367157123439,True,True,False,False,False,False
583,reached,0.01961015137877057,-1.7918984995994833,-0.00017616470729819866,-4.4798531462220126e-07,-0.004504327007399667,0.04503169102588345,424.590634357237,1.0562361844579011,1.0057709070516332,0.5274764845660961,0.692017722880448,1689.95818486189,,20.788923649323,False,True,1.0057709070516332,False,True,False,False,False,False
584,reached,545.4991317139131,27882.917287347198,4.4120694227434,7.202173250178106,5.73882194941056,-51.55610255928181,3013.68497772748,1.0733418144297011,0.96811618938928,0.2652352171806428,0.46091056585137197,1446.72007706869,,21.0941977994679,True,False,0.96811618938928,True,True,False,False,False,False
585,reached,41.003586421513845,-50.101801688000705,-0.2630522145022951,-0.7919398810786902,4.18075944639688,-74.38050288985261,980.971660037297,1.0602475018361213,0.9487464904243333,0.943230272896639,0.9192102577724921,1560.0,,15.8440219227432,True,False,0.9487464904243333,True,True,False,False,False,False
586,reached,0.11104148164900912,-66.11920937980176,-0.0009973922395971613,-4.6855345203766774e-05,-0.12118792943775958,0.19722135414588138,449.591766306889,0.9874419076320557,1.0052032900710466,0.39368323419597834,0.660830603826484,1565.78557694078,,26.703649233863,False,True,1.0052032900710466,False,True,False,False,False,False
587,reached,0.02389493970757656,-7.178411915800098,-0.00021463867641102752,8.146150292986931e-06,0.004914019197180153,0.212301055412496,320.664244918331,1.053212317492876,0.9598857951300866,0.85383422101765,0.934068265838188,1699.89626548994,,26.8967415170614,True,True,0.9598857951300866,True,True,False,True,True,True
588,reached,2.0585956841741284,192.3371964757025,-0.002117780640404021,-0.051151551536605666,1.193697396159891,-3.3515034301476874,461.38807878371,0.9778884702035343,1.0427039531788667,0.38682886709990333,0.801696369797888,1560.0,,34.0119312080327,False,False,1.0427039531788667,False,False,False,False,False,False
589,reached,0.755454279206197,123.07990097239963,-6.5203961980841996e-06,-0.018578169803504352,0.10215693581034024,-0.14609507625590368,461.651857390547,1.0372270293733978,0.92066910581434,0.4023950696158239,1.033856936475928,1560.0,,20.88602161826,False,True,1.033856936475928,False,False,False,False,False,False
590,reached,0.24275437747795167,-129.80442217970267,-0.0021806327988969088,-6.282135601054506e-05,-0.09839188963270118,0.37808176322789677,392.090957279306,1.0168778163207157,1.0042410449660533,0.5561770223802778,0.847362769215788,1576.13251845227,,28.1425131610796,False,True,1.0042410449660533,False,True,False,False,False,False
591,reached,17.625798954788515,217.0908652456019,-0.07352648834799425,-0.4309328896453053,7.332442249797269,-48.0984257565257,651.459836202989,1.0324657412100757,0.8959757690801533,0.7329086289951612,0.98715862227978,1520.0,,24.6269258218518,True,False,0.98715862227978,True,True,False,False,False,False
592,reached,0.1709651443743604,-110.68251863200203,-0.0015357881330970713,-3.7419235297875275e-05,0.14716991652687028,-0.012007938324700262,471.858634041162,1.0480983291391428,0.8906727745825934,0.5724150127002666,1.002776828121204,1490.87570565307,,31.9721795051491,False,True,1.002776828121204,False,True,False,False,False,False
593,reached,0.05032035657834678,-11.242339713597175,-0.00045201030840757994,1.7018136787783078e-05,-0.12021070462443895,0.4724183513515925,410.733419679678,0.9748867681076775,1.1006174164268268,0.2581654001799289,0.5722469594355599,1639.30217773032,,29.469058490539,False,True,1.1006174164268268,False,False,False,False,False,False
594,reached,0.10681497433106438,-60.956004291299905,-0.0009595051801909449,-3.086180799982685e-05,-0.15201006608440082,0.29948229215688116,538.683092374718,1.0619848439284638,0.8406125596750533,0.37857946501103223,0.9157248874087079,1578.85510847304,,24.1340011589755,True,True,0.9157248874087079,True,True,False,False,True,True
595,reached,1.6166293419757438,219.67441075679744,-0.0015450716049087987,-0.044823788847111246,0.9568915948383001,-2.1940126030854117,480.349248020618,1.0419621786197908,1.0295987850325667,0.40008115213864,0.729168575885476,1600.0,,30.805009754969,False,True,1.0295987850325667,False,False,False,False,False,False
596,reached,0.14008254862703012,-98.8085439608003,-0.0012529363074094135,0.0003751575744956881,-0.7835011988590992,1.0950520555356036,425.123969431374,1.0318334264172135,0.98728403384704,0.3315947140555383,0.768283128116324,1676.9992336503,,36.9961336103152,True,True,0.98728403384704,True,True,False,False,True,True
597,reached,12.265249795392089,95.57555586859962,-0.034949886034098654,-0.29349039272420896,9.856019669944185,-32.6715734573541,546.520502618096,1.0329888414847206,0.9914125133688,0.8310517881624278,0.811397496300392,1560.0,,24.9723116436059,True,False,0.9914125133688,True,True,False,False,False,False
598,reached,0.03154574092731109,-18.919121450500825,-0.00028286804389665576,5.3179030885530665e-05,-0.2802545917364192,0.46387923141281817,418.80244041158,1.0903417951510832,1.1270903979623066,0.3637784450557328,0.6513198967674401,1673.04075137554,,26.4287055564308,False,True,1.1270903979623066,False,False,False,False,False,False
599,reached,0.2766446608074039,-116.48550967539995,-0.0024850973082095607,-6.426645870760694e-05,-0.09693727486440018,0.5811195113687972,332.371608318063,1.0206705190345629,1.1233402500394933,0.47165457518788884,0.737994413358812,1781.12777718987,,30.1446682730452,False,True,1.1233402500394933,False,False,False,False,False,False
600,reached,0.12324958977525176,-77.70963611170009,-0.0011070682681975086,-5.04637393134999e-05,-0.09746134916150062,0.22719466467160032,454.530832576086,1.0123511311223745,0.9765976019591134,0.49982726291201945,1.023628853224192,1533.0141409558,,24.6723697027627,False,True,1.023628853224192,False,False,False,False,False,False
601,reached,682.1024393452658,28074.3523496769,5.105519390749407,11.568211886553996,6.315216115938171,-49.97297376708221,3078.43983373417,1.1266641374604518,0.8176131962195067,0.2617272752763311,0.47793069231505597,1446.72007706869,,21.0941977994553,True,False,0.8176131962195067,True,True,False,False,False,False
602,reached,0.31421604237822004,-215.20142369500172,-0.0028219330976924084,-0.0002002454315856994,-0.2751677847781995,0.6390550338080061,468.082513508053,1.0068061156170447,0.8907103333822,0.5888295957730723,0.8900173464704,1540.34964177189,,30.2252153182779,True,True,0.8907103333822,True,True,False,False,True,True
603,reached,0.049554022521211695,-16.090910500301106,-0.0004451608216982095,-8.865586949013959e-07,-0.1512388323038003,0.3493223798832048,462.342678113618,1.0016099434031394,1.0485750364864,0.28113834498688944,0.59333032351922,1627.46226481633,,28.9057729454277,False,True,1.0485750364864,False,False,False,False,False,False
604,reached,0.030601814035093922,-22.29748635519718,-0.0002744756670978177,4.316031620987815e-05,-0.18825662909249985,0.21718077618658072,593.360553705426,0.9867011195774145,1.0759790776187468,0.5790352538878334,0.982852228072584,1511.17912425166,,24.4081979334097,False,True,1.0759790776187468,False,False,False,False,False,False
605,reached,0.22076757027909158,-186.3450501551015,-0.0019829522697989432,-0.00010196053500521884,-0.09714157110063049,0.36493724980110187,410.341680830605,1.0610023303819802,0.8579733802301399,0.6470039874393112,1.021880737148884,1492.40327894492,,31.22457706463,False,True,1.021880737148884,False,False,False,False,False,False
606,reached,0.17488699864867094,-108.32430899560131,-0.001570847414399168,8.380405060393059e-05,-0.38833593612890027,0.694966436980792,431.55194404053,1.022509079282598,0.9062325384221266,0.6384434297337722,0.90741990094962,1585.49280228524,,28.8773983030541,True,True,0.90741990094962,True,True,False,False,True,True
607,reached,444.46033289930926,15756.692570790703,-3.6810928965311973,-4.223740722518585,0.6704667364837107,-48.78956208891799,1493.45490657489,0.9894003227137887,0.9058537797758134,0.39458595184887774,0.531286162026236,1446.72007706869,,21.0941977994875,True,False,0.9058537797758134,True,True,False,False,False,False
608,reached,11.794385891883671,-385.26287865669656,-0.031091637586698084,-0.28352232901880825,9.273817040574592,-30.151650079147004,532.863782254016,1.014711118660653,1.0070386602003067,0.6705692933620111,0.977688625650968,1560.0,,27.6371657155098,False,False,1.0070386602003067,False,True,False,False,False,False
609,reached,0.0128871226166263,10.180876302798424,0.00011574877720477161,-6.5262997850368265e-06,0.004132098709298759,-0.006838524217499753,814.700675553933,1.009387214631259,0.92794026550594,0.564605395648,0.761652757742812,1522.52815438777,,21.6210137023038,True,True,0.92794026550594,True,True,True,True,True,True
610,reached,0.08734517542329338,-40.95412341590054,-0.0007808520007017705,0.00022545055409750603,-0.39916314188820046,0.8655160447788148,370.546764260144,0.941073406504476,1.1401382787906333,0.36109801489658,0.619841699475304,1678.12249174508,,27.4797958770008,False,True,1.1401382787906333,False,False,False,False,False,False
611,reached,0.11069964312779623,-77.65463304150035,-0.000993961243310082,-9.081677649191988e-05,-0.07582439092129967,0.16698402988890848,610.084291245196,0.9891960974456094,0.9950155562046734,0.43498343611680224,0.8298632615375441,1533.94888016839,,28.2260093616516,True,True,0.9950155562046734,True,True,False,True,True,True
612,reached,0.03197555032709007,-21.806496199897083,-0.0002842505916049731,0.00012925729140533804,-0.20239873003323083,0.29504555295559953,481.101778476239,1.020119298213922,0.9110963107486466,0.49926448284569164,1.031321467616952,1546.65448305277,,21.629258955457,False,True,1.031321467616952,False,False,False,False,False,False
613,reached,0.11035194370309881,-20.6933523892003,-0.0009913288439094003,-3.729862697809949e-06,-0.06914918241658974,0.21210456460812566,591.0094911052,1.0983369424229534,1.0704348488645667,0.6046424678107778,0.632828735262688,1752.80732665936,,24.5011523103031,False,True,1.0704348488645667,False,False,False,False,False,False
614,reached,0.9995285663577056,155.49324744300247,-4.8036228008641046e-05,-0.026208629202187694,1.86454761209479,0.0588829437032814,314.982118098307,1.0372354558243335,1.0405895846207267,0.9779340544932333,1.009921039703604,1720.0,,26.5863775870392,False,False,1.0405895846207267,False,False,False,False,False,False
615,reached,0.25583497039637926,-162.28054317809801,-0.002297950697794704,-0.00010101891450631229,0.01914335991600069,0.09572440732688392,401.473538389154,0.9593145787229802,0.9479568689697334,0.33751191550579,0.9022921894040319,1569.14190964541,,37.7625469214154,True,True,0.9479568689697334,True,True,False,True,True,True
616,reached,0.016555632908654618,-12.842401853402407,-0.000148383891399817,2.7805103712807977e-05,-0.12314160573630062,0.1313326656099889,615.631365344379,1.0242337992722006,0.9136000354874599,0.4410469309395928,0.8084001597711319,1549.62626513105,,22.9786476651614,True,True,0.9136000354874599,True,True,False,False,True,True
617,reached,0.1968116466820849,-69.72371525749986,-0.0017680169022042946,-1.9402709312998923e-05,0.03189948660559061,0.05162550863209958,392.392034099172,0.9997879990570907,1.14474809553054,0.43312368908536997,0.683227556721328,1733.71503039753,,28.9465513914482,False,True,1.14474809553054,False,False,False,False,False,False
618,reached,0.056250239200874505,-13.026712826500443,-0.0005053014075997453,-1.1738234292124616e-05,-0.024807322806958965,0.08879346689548129,549.10696428765,0.97658838644031,1.1138523640243065,0.23636162725283721,0.635011426830808,1604.95638155539,,31.3698022787486,False,True,1.1138523640243065,False,False,False,False,False,False
619,reached,0.08833390580140182,-63.42472958529834,-0.0007931448136986319,6.787810630726199e-05,-0.5480632689400995,0.6895406062191114,520.496031394055,1.017667671198155,0.97817381715174,0.24824843549993222,0.684989593327728,1594.5269483389,,36.6770009726588,True,True,0.97817381715174,True,True,False,False,True,True
620,reached,23.421625706362533,-890.0683825513006,-0.11423262134869105,-0.5636668132902116,9.876946760575944,-56.943234849839,751.013890998463,1.0445333942993145,0.9858589611210332,0.9840117867598555,0.990979570245336,1600.0,,21.7018156190615,True,False,0.990979570245336,True,True,False,False,False,False
621,reached,10.112536021357451,125.96014502419712,-0.0227500213887879,-0.27790553328520673,9.621203159755241,-25.99245339112099,464.765510694058,1.0365340944705184,0.8658588015231867,0.7111946358396778,0.929578722449604,1640.0,,27.9699611850271,True,False,0.929578722449604,True,True,False,False,False,False
622,reached,0.09761050186124272,79.78088701460001,0.0008765980279008545,-6.618284979253986e-05,0.20406446307075043,-0.44302851525009146,815.745938963552,0.9985570684760119,1.0369972118681465,0.9796069516299055,0.995643986263984,1546.82261713816,,17.6877143904375,False,True,1.0369972118681465,False,False,False,False,False,False
623,reached,0.035642398770839474,-30.449749219202204,-0.0003194383070024287,6.844989999876816e-05,-0.23666147916549107,0.25941355021399204,605.842742186542,1.057022262306037,0.8494221594527933,0.40345067953264724,1.023093035520816,1512.3901732516,,25.6857608147359,False,True,1.023093035520816,False,False,False,False,False,False
624,reached,0.08589067284916205,-35.913273229100014,-0.0007715209967074088,-2.969936500107906e-05,-0.015224496131908793,0.06305412959761725,492.581026625852,0.9840199963937282,0.9717546015657267,0.24790399195624388,0.619864282455084,1607.38596347942,,31.2090274188476,True,True,0.9717546015657267,True,True,False,True,True,True
625,reached,0.0485042936255963,-36.180696785100736,-0.0004349916555099753,7.306099848847225e-05,-0.3262775992416991,0.3786555943758003,550.214213485341,0.9594926396448968,1.02778546227054,0.3618402126247667,0.9583242064581439,1474.09498196302,,29.5105055709225,False,True,1.02778546227054,False,False,False,False,False,False
626,reached,0.2709185387358193,-237.93156503180217,-0.002433070004698834,-0.00017555056041373973,-0.2767994964205993,1.0969418869954097,417.278062298943,1.021267678204083,0.8349608831725133,0.6985413234966389,1.036160330267508,1549.55876204565,,27.3092660873238,False,True,1.036160330267508,False,False,False,False,False,False
627,reached,0.24330200538545219,-210.90458801050045,-0.002185397953795132,-0.00010323710858983759,-0.22361527860303987,0.5550688064998042,347.619748612126,1.0321329795606067,0.9139840619839866,0.6832551644746722,1.00953021711414,1572.82528001913,,32.0134646904877,False,True,1.00953021711414,False,True,False,False,False,False
628,reached,0.13720837393964158,-109.12955247339778,-0.0012264499654008887,0.00037157013281330364,-0.6953010292804507,0.8849713047171122,501.466792043229,1.001681240806933,1.0569673744623,0.5247499959971328,0.80818649042044,1599.17617081756,,33.6443192198907,False,True,1.0569673744623,False,False,False,False,False,False
629,reached,63.97667698225296,18286.171842897802,-0.35215717640380717,-1.3255053401798875,3.6533566471671994,-51.308314414799696,1926.37555253017,0.9975206229563478,1.0809390591575332,0.38674104801336,0.549692828060224,1446.72007706869,,21.0941977995211,False,False,1.0809390591575332,False,False,False,False,False,False
630,reached,0.1417440806390386,-90.79255424129951,-0.0012732807292934467,-3.4592070704775324e-05,-0.2542486991477002,0.5448216815556179,375.269912555381,1.0209303204937883,0.8779955707125533,0.39716493774711165,0.8589350053698,1576.76326054945,,29.6804684345622,True,True,0.8779955707125533,True,True,False,False,True,True
631,reached,0.19729457888695934,-143.6652645125032,-0.0017721647122073136,-7.707260451184084e-05,0.014297421922099929,0.171798081832776,445.04998317593,0.9776310648185269,1.0601674102205867,0.6377947209619055,0.9518250672951639,1491.17862794379,,26.7971493070976,False,True,1.0601674102205867,False,False,False,False,False,False
632,reached,0.6419080524589242,62.09423510290071,-0.000587144532502748,-0.01726923052450502,-0.01609307235526991,-0.4895471652740184,598.634941947616,1.0463121587133968,0.9714618617773134,0.4793125161988822,0.872500343285784,1560.0,,26.8363548954148,True,True,0.9714618617773134,True,True,False,True,True,True
633,reached,0.12104496261271962,-54.21881624890011,-0.0010873271211977453,-3.6353285395307466e-05,-0.030512909533999988,0.12130648964108559,439.618750820076,0.9882182428364656,1.1209022483534334,0.35099544177612724,0.584830098682008,1689.91739728237,,27.679650454778,False,True,1.1209022483534334,False,False,False,False,False,False
634,reached,0.028394668762338832,-3.8886136566979985,-0.00025464527979579543,4.4165962407305415e-05,-0.02461388404429954,0.24081535408839727,394.741048792309,0.9657142462747417,1.1515595285728801,0.7124313136629111,0.781540128051744,1707.94416033994,,22.4441385899333,False,True,1.1515595285728801,False,False,False,False,False,False
635,reached,0.006202457371764746,-3.085138115700829,5.5714732695832936e-05,2.038710107399311e-06,0.00535557805570086,-0.005930525823600874,367.110844834934,1.0342508814630889,0.9087031322277667,0.35485447552102556,1.0471043713138959,1544.1127262671,,26.1637906800533,False,True,1.0471043713138959,False,False,False,False,False,False
636,reached,0.12306773594448084,-110.95415334579957,-0.0010975984700962726,0.00038940010659871405,-0.9888761238651007,1.1809236749286924,399.831179793,0.9761014293212777,1.1050968975079265,0.4320961110271783,0.946663652546972,1550.46044389256,,36.1280223502227,False,True,1.1050968975079265,False,False,False,False,False,False
637,reached,0.06279063105552884,-51.02955557630048,-0.000562401058090245,0.00012696708139969815,-0.4077497392486009,0.5123171511397118,527.485411032948,0.98314743084714,1.1085651047918466,0.7895411700300723,0.9410601950411159,1553.17508390823,,29.2307660038546,False,True,1.1085651047918466,False,False,False,False,False,False
638,reached,0.09583314935805534,-61.58974111419957,-0.0008608792097106743,-1.8976722913066624e-05,-0.17038759239005863,0.33759484842471466,565.611919888111,0.9699829496020548,1.0063565055978532,0.43042709468337775,1.062403889322972,1501.25727326589,,25.799203940527,False,True,1.062403889322972,False,False,False,False,False,False
639,reached,1.465026378734896,245.64712418560157,-0.00021376084279722818,-0.03724343283280973,-0.07563387170240077,-3.5549304934791053,625.095137067746,0.9589989280905349,1.1244759091204,0.49474172759900276,1.011569211547164,1520.0,,29.4471224444565,False,True,1.1244759091204,False,False,False,False,False,False
640,reached,3.061761967915934,40.53004580970082,-0.004516183387494266,-0.08131078173400397,12.34888655903973,-5.790170519413692,283.587509904384,1.0440542449021364,0.9380334459224866,0.6312221534223944,1.028258356192072,1680.0,,38.499710273815,False,False,1.028258356192072,False,False,False,False,False,False
641,reached,0.11511426687909498,-68.9455486859988,-0.0010142419279048909,0.0006054101853010252,-0.5053514284303002,0.960940121867992,376.527218609924,0.9439174224217406,1.1524526152974,0.5287724484641494,0.837561575461336,1595.84586501216,,27.8967255699826,False,True,1.1524526152974,False,False,False,False,False,False
642,reached,0.1230229051783917,-92.70907324810105,-0.0010944031905921747,0.0004750996294262677,-0.5124095561521997,0.8319777361797094,457.926441242729,0.9807728106687733,1.0229021357278065,0.5423616826820973,0.937578415640744,1518.26915072972,,27.5632890785061,False,True,1.0229021357278065,False,False,False,False,False,False
643,reached,32.4828912294657,-1016.4132295355012,-0.1384357259102984,-0.8017819784305971,10.713930481157064,-47.70349471916251,839.089267936465,1.066611361515561,0.9768469567988,0.7930408701139778,0.859554314081732,1680.0,,21.3829543908787,True,False,0.9768469567988,True,True,False,False,False,False
644,reached,6.840662444016406,112.04750661199796,-0.012135246675299527,-0.17312869805840592,11.47806461974054,-18.16912942011379,417.500521682134,1.0040114860545948,0.8723344949685067,0.6804324530703111,1.012587478805836,1600.0,,34.5055068930502,False,False,1.012587478805836,False,True,False,False,False,False
645,reached,16.340093543951877,-768.6867771186007,-0.04995409936459794,-0.439589647769111,12.325738712167771,-33.894381156567505,607.417252094841,1.0313290097976686,1.1958479208953001,0.6890024753067555,0.82189675024732,1760.0,,25.1428273434748,False,False,1.1958479208953001,False,False,False,False,False,False
646,reached,486.381720710557,24446.177628399004,4.297262519541505,-2.7171635677304096,4.56403148843705,-57.9708859807518,2583.4195166785,1.0769269769695395,0.83363048168114,0.3085446230442267,0.5126526628076881,1446.72007706869,,21.094197799502,True,False,0.83363048168114,True,True,False,False,False,False
647,reached,0.06501439209639452,-18.883752329700656,-0.0005840365574982798,-1.0678432403210536e-05,-0.020990240825298656,0.07481930055379848,450.304478565549,0.9972617812473341,1.19611793085138,0.41087729118963223,0.606371955675204,1727.8319707387,,23.8374019284821,False,True,1.19611793085138,False,False,False,False,False,False
648,reached,0.046580417355862845,-5.061005049901723,-0.00041842244559120445,1.343176577961458e-05,-0.019242118181299617,0.20129901349949364,439.29994610586,0.9821389431799844,1.07988597997104,0.5485238647617823,0.72610339814758,1670.17415575195,,24.5023740204509,False,True,1.07988597997104,False,False,False,False,False,False
649,reached,19.371915226666342,-30.161677532400063,-0.07118226152360307,-0.4689107736755034,9.147272559512569,-43.8746261670517,706.797497459081,1.0091734289545395,0.9957977449403933,0.7150869799701,1.0099367025641919,1520.0,,27.4152230944901,False,False,1.0099367025641919,False,True,False,False,False,False
650,reached,0.030900609928652616,-12.214874404999136,-0.00027754061071050273,-1.5652580913183556e-05,-0.017845056686800476,0.04190115044468712,455.228526350316,0.9724059637606847,1.03488498504546,0.34137033919321386,0.634739567438108,1606.23719409238,,27.6259115622159,False,True,1.03488498504546,False,False,False,False,False,False
651,reached,0.2077431398953538,-120.48137112380209,-0.0018658941170031085,-0.00010757135740391277,-0.1536684522241405,0.4078054539742766,444.090431743855,1.0015725455790367,0.9647735674392933,0.5264425082890022,0.7837288310259319,1537.59294358832,,27.230715495338,True,True,0.9647735674392933,True,True,False,False,True,True
652,reached,385.40500335186437,15822.750201142404,-3.1046131285133924,-4.223044335799614,1.0249696341840302,-48.75570032306419,1436.1867499406,0.9463269435180937,1.1417589457139599,0.40772978960722334,0.541061439718004,1446.72007706869,,21.0941977994562,False,False,1.1417589457139599,False,False,False,False,False,False
653,reached,9.91130205134908,-149.06243590650047,-0.022314246573003516,-0.260831238570006,13.2470127794298,-22.627742923104393,495.707157700776,1.0140525280355737,0.9024425133378133,0.7038547011416388,0.8831509220283481,1600.0,,31.8027414481755,True,False,0.9024425133378133,True,True,False,False,False,False
654,reached,0.03445064294792349,-4.322441491098289,0.0003094459076038447,1.4775559492363755e-05,-0.039006157668419306,-0.3231440465139883,381.630907030909,1.042725515919676,0.85741103257944,0.2863700354424483,1.03845754453616,1475.9395182364,,28.652420059416,False,True,1.03845754453616,False,False,False,False,False,False
655,reached,0.8469106177972171,25.865663110100286,-0.0015427978782014407,-0.020554506815813056,0.40547865457029886,-1.4194359840631137,437.335465334718,0.9715880742198115,1.02895663176688,0.6139537480437278,0.9925838137838919,1520.0,,29.4658211086533,False,True,1.02895663176688,False,False,False,False,False,False
656,reached,0.07805020082101975,-31.161055934499018,-0.0007010314543975937,-4.202868339575616e-05,-0.0925769806810699,0.19683919226059743,566.262735323203,1.0053308028775396,0.9895128231334468,0.32319276401824504,0.658466966899016,1576.06278807168,,27.6422556867566,True,True,0.9895128231334468,True,True,False,True,True,True
657,reached,4.315968153310927,205.76799021089755,-0.005103838921101556,-0.11362933119809782,9.875742757018243,-7.508307010888302,343.97211131019,1.0667031674044607,0.9524122365402067,0.5568341033231055,0.8468899397755161,1800.0,,35.6455455900669,True,False,0.9524122365402067,True,True,False,False,False,False
658,reached,0.04307440438673834,-58.18035532869908,-0.00038508623059385627,0.00010842952190159849,-0.4207819103112005,0.43117517324168375,489.119789264388,0.9790937875785364,0.9990769257628866,0.587452739632289,0.9922296365822201,1463.38854149901,,26.8811252684063,True,True,0.9990769257628866,True,True,False,False,True,True
659,reached,21.150067204568497,-1099.5457025465003,-0.08404306354418623,-0.5304535654400127,11.628746908141201,-44.786618372433594,701.397031003266,1.0540856046700888,0.9513147505038334,0.8945022793087111,1.0321606209410479,1640.0,,23.4510081456886,False,False,1.0321606209410479,False,False,False,False,False,False
660,reached,0.10141435504551882,-49.54723348020343,-0.0009109407994003504,-4.121429529391207e-05,-0.02193821491561998,0.10372530827498849,537.659920918759,1.004777302620201,1.0430291159387066,0.30718360001629114,0.771246300741788,1571.29903549156,,27.3939400539206,False,True,1.0430291159387066,False,False,False,False,False,False
661,reached,10.56341837349312,-405.9756939877989,-0.020228042182992567,-0.28293367696468863,13.48294246145212,-21.3952072542165,514.596650371784,1.0219022195662084,1.0010016916672666,0.7075995155823722,1.0318643296672358,1560.0,,33.8096935297334,False,False,1.0318643296672358,False,False,False,False,False,False
662,reached,0.19392351537499491,-109.54479637950135,-0.0017420678288004865,2.118209110335556e-05,-0.22922676756619076,0.5941531984199742,457.224479053357,1.021883142283889,0.9337122676581133,0.5473823775461861,0.993821788306392,1550.24405090961,,25.2801409235344,True,True,0.993821788306392,True,True,False,False,True,True
663,reached,19.3681245630234,-676.2758034153994,-0.07005941964980877,-0.4590473967141975,10.496053236277284,-42.83143079583721,712.647855103821,1.0096047392833518,1.0097294722759866,0.8573826930610167,0.977068208567688,1560.0,,26.2653574206747,False,False,1.0097294722759866,False,True,False,False,False,False
664,reached,0.02210449380526049,-3.4786012935001054,-0.00019856714749266757,-4.393408289615763e-06,-0.0023571165982012587,0.02621959601378876,399.703981065388,0.9716217528166591,1.05301260277846,0.2922716440760928,0.591423682688488,1650.15125396989,,25.6377184423733,False,True,1.05301260277846,False,False,False,False,False,False
665,reached,9.698238256524691,-119.17345350269898,-0.01814588013699847,-0.2679437559920075,11.061490629218321,-20.40243175811372,491.962058514504,1.0164435185599132,0.9286124924050133,0.7186249053886,0.870586510864084,1640.0,,32.1044515227021,True,False,0.9286124924050133,True,True,False,False,False,False
666,reached,0.05035293551488377,-40.05586743349704,-0.00045190222769520005,5.72686840030201e-05,-0.29921062840370105,0.31695515771340865,556.165252015111,0.9178856773769601,1.16176636501998,0.5314260122853305,0.845066452513664,1509.15743842787,,28.1258726951189,False,True,1.16176636501998,False,False,False,False,False,False
667,reached,0.07390217074830327,-19.95760327559765,-0.0006638806606105163,-9.929229804583883e-06,-0.026796628911570863,0.10619893149731752,399.731035509871,0.9827104362422611,1.0704566328304135,0.5265959867901899,0.592183915685636,1729.21838224103,,23.1165870948025,False,True,1.0704566328304135,False,False,False,False,False,False
668,reached,0.055522773045805864,-15.753096668697253,-0.0004987592059961798,-1.3213183393645522e-05,-0.036095116899000246,0.1370593419123054,389.889302253718,0.9750976478252101,1.04966884658586,0.27974809178404275,0.576886879272648,1612.2517235803,,30.1231764563952,False,True,1.04966884658586,False,False,False,False,False,False
669,reached,54.68317362972683,19740.265411056098,-0.005088555288097041,1.4629486143358008,2.5392528047615404,-50.56363474561772,1998.92078735573,1.008009205465135,0.9608235697631934,0.3742325647860656,0.54355200467744,1446.72007706869,,21.094197799584,True,False,0.9608235697631934,True,True,False,False,False,False
670,reached,0.10483982484029193,-65.40554668800178,-0.0009417062774019769,-4.4179650899422995e-05,-0.1530951637160296,0.2159338910258839,412.616416773482,1.0304027812692187,0.9613168557277201,0.5468584163043433,0.7470143003076279,1645.20699317864,,25.4999933054617,True,True,0.9613168557277201,True,True,False,False,True,True
671,reached,0.15180197823927202,-44.40090095370033,-0.0013636869366990823,-8.529686112979107e-06,-0.03158879181849983,0.13511515338768731,346.489764529402,1.019618458509963,1.1222381605176466,0.4358607659861689,0.611023644243148,1769.0108839763,,27.804446384997,False,True,1.1222381605176466,False,False,False,False,False,False
672,reached,0.1842343431952527,-136.01193541750035,-0.0016547838239091561,-8.396044131586677e-05,-0.04720951985637001,0.16109232848498323,523.878111993523,1.036668358868691,0.9244152272457733,0.6655490671483612,0.998287273294096,1488.98430142924,,27.7412146045239,True,True,0.998287273294096,True,True,False,True,True,True
673,reached,0.12883478130575418,-114.7041594414004,-0.0011564812125044455,-0.00013869866918980733,-0.22295458990252115,0.3661885881670912,563.216136409128,0.998629531538104,1.0771082346743934,0.6030744022792556,0.852835305146332,1537.24209840942,,29.7978888408382,False,True,1.0771082346743934,False,False,False,False,False,False
674,reached,23.525717878971697,-860.0601998286984,-0.08058601129729936,-0.5639384744092979,6.66797857669315,-40.5622986109002,753.730889833163,1.0531918880139102,0.9425144877495666,0.6357746719730778,0.9348701699024,1600.0,,24.0791178076447,True,False,0.9425144877495666,True,True,False,False,False,False
675,reached,0.12427341248837497,-100.77113134869796,-0.0011163766457968904,1.6956635505493978e-05,-0.36807706603052104,0.6637186024759103,430.3201781873,1.0048961941655223,0.9270950261175,0.4464808793156256,0.8129957948445681,1582.2635449338,,28.2721282758734,True,True,0.9270950261175,True,True,False,False,True,True
676,reached,0.0679100751502127,-23.782373495698266,-0.0006099573955964388,3.2722461412504344e-05,-0.11525985639963032,0.34992757987669165,472.197430456629,1.0435251235863485,0.8811568444240999,0.3492455751477389,0.50810433778154,1746.28673571105,,25.985046527443,True,True,0.8811568444240999,True,True,False,False,True,True
677,reached,0.07663154963464727,-29.29286222600058,-0.0006883502485948156,-2.5345907602059015e-05,-0.07834488369129922,0.19983377332030727,411.613880702338,0.971964956751277,1.0142286099207867,0.27639782847704947,0.62649292781918,1605.17616624702,,29.7247589676486,False,True,1.0142286099207867,False,True,False,False,False,False
678,reached,29.249566736972877,-1204.7739670921,-0.12723100546769217,-0.7121867170314715,9.730915405270434,-50.075819888350196,846.244003342734,1.0243019350978904,0.86382425267228,0.8355137425189055,0.9295819713474399,1600.0,,22.2163229927586,True,False,0.9295819713474399,True,True,False,False,False,False
679,reached,0.07573926153858061,-28.72232409050048,-0.0006803732483007252,-1.587201069241928e-05,-0.07293890195759012,0.2533855823933777,423.119635052823,1.0153141103810013,1.0533069903062,0.2797062218818222,0.574011316839744,1655.80585207213,,29.4660924316389,False,True,1.0533069903062,False,False,False,False,False,False
680,reached,0.14290039942781463,-183.86784166620055,-0.0012817735509997874,-0.00020755684079176717,-0.44322542944040144,0.6777935444243894,461.069989300312,0.9944156740581702,1.06338005721776,0.5369142452384911,0.98623834372432,1498.83464779868,,32.3767709841945,False,True,1.06338005721776,False,False,False,False,False,False
681,reached,0.047782304245033366,-8.86811014039995,-0.0004292442683038189,-2.1312758917702013e-06,-0.004992272633700168,0.033005634041217036,516.0932765166,1.0272184324868836,0.9850082475356,0.5252961710919667,0.66957628659778,1769.45784736665,,21.5005785705189,True,True,0.9850082475356,True,True,True,True,True,True
682,reached,152.2200185059518,16656.786205053897,-1.1239018033007966,-2.1734870822135974,2.12682871743389,-49.02383525122241,1586.51232619836,0.9778315627636257,1.05624659558532,0.39770297781866776,0.5347612597658,1446.72007706869,,21.0941977995766,False,False,1.05624659558532,False,False,False,False,False,False
683,reached,0.02785323405518792,39.40213984030197,0.00024863443910305705,8.617245330810874e-05,0.130342587379209,-0.12260782694971795,1248.93976868533,0.9882888167289656,1.04082224017182,0.9937524847438833,1.018941751743252,1417.59360403046,,17.5603114208913,False,True,1.04082224017182,False,False,False,False,False,False
684,reached,0.017818983662667345,-1.3744506274015293,-0.0001600394968903629,9.859561799885341e-06,-0.008114296294451151,0.13913438189788963,404.792234804178,0.9642807969817613,1.1381079315608733,0.5536070980508423,0.706138727805308,1673.52709160869,,22.7234350565835,False,True,1.1381079315608733,False,False,False,False,False,False
685,reached,0.05029098980779642,-65.10151274689997,-0.00045034009720268386,0.00010459912269311644,-0.43262418741081987,0.42171077110850774,550.536058884448,1.0274433468477286,0.8557590699769734,0.5112026763347116,1.034035711446648,1430.61116312805,,30.4361704695909,False,True,1.034035711446648,False,False,False,False,False,False
686,reached,0.34164995825718464,-236.6697795591026,-0.0030688011135993065,-0.0001430174814061047,0.03038054739460172,0.179341145444198,400.650115591841,1.0018709125787497,0.94099674766156,0.49107825054577775,0.958087426424312,1610.82249595381,,36.1155063186652,True,True,0.958087426424312,True,True,False,True,True,True
687,reached,21.430544447852032,-900.4237871482983,-0.09605613589179995,-0.4705545942524054,9.342100405248738,-52.27684800713389,706.356345166811,0.964636182743791,1.06573341398282,0.8881146893136332,0.95051212789304,1520.0,,21.9391238968985,False,False,1.06573341398282,False,False,False,False,False,False
688,reached,20.789484468653413,-567.4062120872004,-0.051615629457401724,-0.5163493209826129,10.415493644491468,-31.054705877544308,652.184358188713,1.0401501658912946,1.0095975083188133,0.6515241883371056,0.9284897081628201,1600.0,,26.4092455263249,False,False,1.0095975083188133,False,True,False,False,False,False
689,reached,0.0012154323549331662,1.9352439422000316,1.0902353196229342e-05,1.67653189464545e-06,0.014997776205889934,-0.05555965549208963,478.105644844529,1.027656726323725,0.9095526863620401,0.41027664741639003,0.760521023049836,1610.866052192,,22.3562585501462,True,True,0.9095526863620401,True,True,False,True,True,True
690,reached,18.655733585294165,-576.9356427497987,-0.08402297239879886,-0.43140719678359574,8.77607513729378,-50.480612986587886,655.107175792178,0.9806211332207416,0.91965691908302,0.8444950520869834,0.873836363490996,1600.0,,21.546082230506,True,False,0.91965691908302,True,True,False,False,False,False
691,reached,22.368048893509076,-788.6555395299984,-0.09720617310850344,-0.5015961022201054,9.00791990773695,-48.633203237331685,721.147223089003,1.028284202392627,1.0022669926817933,0.8185539305559,0.844677255714964,1560.0,,21.851661447682,False,False,1.0022669926817933,False,True,False,False,False,False
692,reached,0.291367145719026,-197.3916054151996,-0.0026165027936997376,0.00019980325140522837,-0.5236195119743012,1.486037088368306,332.515790947225,1.0012829280937532,0.96446590275708,0.39867190627090776,0.7773186518562121,1628.49666337744,,34.1052281601425,True,True,0.96446590275708,True,True,False,False,True,True
693,reached,0.1087538664529547,-76.78137927419812,-0.0009583274461988367,0.0005285368243050925,-0.62038977869015,0.9670872362979139,386.879940558031,1.0058020566219261,0.9741467732258133,0.5198667524598584,0.9233368348566919,1554.69974154238,,28.1201611988226,True,True,0.9741467732258133,True,True,False,False,True,True
694,reached,0.12027213108806123,-57.78359467610062,-0.0010804265562995852,-1.906010470520414e-05,-0.21938492604280135,0.5076426325704801,491.694008671297,1.0377188242874171,1.11313082794934,0.2544154796685611,0.609977248930372,1621.37241545262,,30.7641795812086,False,True,1.11313082794934,False,False,False,False,False,False
695,reached,0.038906988593535745,-32.077640430099564,-0.0003478323179990639,0.00010131604270213757,-0.2785190250347114,0.35912620362961434,520.428104754487,1.0412483004906488,0.91699413474812,0.5875358458291888,0.91415314151772,1549.3763886232,,25.1970196709433,True,True,0.91699413474812,True,True,False,False,True,True
696,reached,32.11522312760915,-462.038958051402,-0.146833178272189,-0.683971511611702,8.16867354906283,-51.091986575460595,796.999933939287,0.9968941623761989,0.9799193950128801,0.7762299223996055,0.737680089377396,1600.0,,18.9647519952364,True,False,0.9799193950128801,True,True,False,False,False,False
697,reached,27.339746348127072,-461.84409435039925,-0.09658375395689234,-0.6376789479243996,8.03492263563625,-44.1701452257698,809.766481068821,0.9866544369934525,1.0057223628090333,0.6937095243599444,0.9546974894062601,1560.0,,24.1769395093524,False,False,1.0057223628090333,False,True,False,False,False,False
698,reached,228.22832483754152,21103.5671959568,0.6685589700361021,-5.80499808050817,3.7476923047736204,-57.6458848961895,2138.14624435926,1.002456801438796,1.01661505208888,0.3519676309174494,0.548690097480316,1446.72007706869,,21.0941977995381,False,False,1.01661505208888,False,True,False,False,False,False
699,reached,156.1224459749887,22273.4769296325,1.3499278461188027,1.1611623560141027,3.33081509530106,-55.922299141520995,2278.17440205843,0.9795889086033888,1.1060289579211067,0.3190819229225856,0.53990342119776,1446.72007706869,,21.0941977994385,False,False,1.1060289579211067,False,False,False,False,False,False
700,reached,0.2718466708407651,-157.96478144080174,-0.0024419185094046725,-9.974042029625707e-05,-0.26530768637400115,0.6999711145940068,384.403743471523,1.008345522127183,1.0019798192251799,0.7385574714729334,1.061142582295208,1580.77835185525,,28.2100132662613,False,True,1.061142582295208,False,False,False,False,False,False
701,reached,0.012282861588285092,16.85078544729913,0.00010606430249993082,-9.82326982068571e-05,-0.004858131888001438,-0.021666732846711056,1066.79904908769,0.9940381643210664,1.0456120941009999,0.5804891567996111,0.789723913855624,1512.98062145412,,20.1458714930207,False,True,1.0456120941009999,False,False,False,False,False,False
702,reached,0.009508600113114817,-4.2751391980018525,-8.529395660161754e-05,1.2979058311657354e-05,-0.09897256921903974,0.1829416710223768,434.595608296046,0.9389517649127992,1.08497951799086,0.25069199176721835,0.54012195478332,1617.87655883824,,29.7340326133079,False,True,1.08497951799086,False,False,False,False,False,False
703,reached,549.1408068780805,23998.6380046795,4.898636154735399,2.006595892317506,4.31357535997539,-53.8710727005174,2572.25979924458,1.0811171124245451,0.8552485020711601,0.3125265656412578,0.517403249416076,1446.72007706869,,21.0941977994567,True,False,0.8552485020711601,True,True,False,False,False,False
704,reached,0.1603076379078925,-98.92109537060242,-0.0014399550804995442,-6.366522339362746e-05,-0.08018416622091884,0.2400967268868044,420.551686670858,0.9779416650033905,1.02124629320296,0.42446318449344667,0.7034912280008759,1571.80178936838,,28.9358385296939,False,True,1.02124629320296,False,False,False,False,False,False
705,reached,0.02702666503201361,18.181711979901593,0.00024261731049080026,-2.8513603808733023e-05,0.013087591198379656,-0.08185132248229365,798.27442214227,1.0054392550924764,1.0472171558023267,0.7508186112218556,0.757751514443144,1550.6873511504,,17.6656965410089,False,True,1.0472171558023267,False,False,False,False,False,False
706,reached,0.1422724483322141,-39.65153182589711,-0.0012780692699010388,1.78400806873924e-05,-0.04624193355940065,0.29428266938111847,448.878501591137,1.0162652998836472,1.1059089664476867,0.5488203032567833,0.579035231389056,1783.86521037318,,21.9175224095961,False,True,1.1059089664476867,False,False,False,False,False,False
707,reached,0.08352618070270913,-81.51562919279968,-0.0007503412349052496,6.36660951158774e-06,-0.40648587237989986,0.5032570971667951,523.576393406322,1.010572466015942,0.8659604841875667,0.7227809137776723,0.9271781170666961,1501.99629869398,,31.2785456728195,True,True,0.9271781170666961,True,True,False,False,True,True
708,reached,0.135896653677534,-62.31925815539944,-0.0012207309040945802,-4.039020640789204e-05,-0.022577139015099945,0.11057786838080119,408.209846724303,0.9794081610461688,1.1441389612060133,0.31065622200090837,0.6127787448295721,1688.94718318603,,30.8336675067981,False,True,1.1441389612060133,False,False,False,False,False,False
709,reached,0.05757047279207789,-80.28111999710018,-0.0005161892066922746,-9.224963071119419e-05,-0.2776974326688002,0.3731498451335824,408.699498079886,0.9659036518489297,1.0686584051873933,0.4379476081684372,1.034477437493756,1572.59545202839,,35.3880855117954,False,True,1.0686584051873933,False,False,False,False,False,False
710,reached,0.2522838260869321,-162.1666329635991,-0.0022661437474056356,-8.877617540292704e-05,-0.025374479946201234,0.20638780040820848,396.275348350595,0.9936438018288459,1.06317973202282,0.46278552804463613,0.8595318629758599,1609.64201603305,,32.4736791950424,False,True,1.06317973202282,False,False,False,False,False,False
711,reached,0.11679368720764537,-62.49587292599972,-0.0010488335604037502,-7.876630820646824e-05,-0.09361505447100882,0.2250629375095059,614.61591976033,0.9792137839196613,0.9824574287520933,0.2747186123243511,0.747603418535872,1496.46062393928,,30.5187851577924,True,True,0.9824574287520933,True,True,False,True,True,True
712,reached,0.7275672357021264,103.24004862580114,-0.0005025887090965853,-0.018942092954006284,-0.07402773514736971,-0.5540051163661133,467.96229545476,0.9945072391690364,1.0617557658690466,0.2740966800680055,0.60540598975352,1600.0,,29.3853312979122,False,True,1.0617557658690466,False,False,False,False,False,False
713,reached,0.10970504641037418,-67.08316409710096,-0.000985277105897353,-5.9739504109757036e-05,-0.13532533646529998,0.29141650612382364,558.978390178898,1.0094189237488556,0.9124068365329934,0.4351116896803583,0.912199798407024,1538.07259510972,,24.8675695879897,True,True,0.9124068365329934,True,True,False,False,True,True
714,reached,0.03287589097163675,-3.4625972149005975,-0.0002947576138012664,5.0666651901565274e-05,-0.009822021141429715,0.21469624976572277,374.138193107931,0.9879104939110994,1.1181167998852268,0.6866585426590556,0.8328888499285639,1670.86201691251,,25.0825790258315,False,True,1.1181167998852268,False,False,False,False,False,False
715,reached,0.01986458955066622,7.505362150499423,0.00017774717649388094,-4.636044499761738e-05,-0.05584934118303053,0.01967133723178449,783.127535565602,0.9923737328622142,1.10675406213834,0.5643815277724666,0.717064592930844,1557.88044035799,,20.7589602322259,False,True,1.10675406213834,False,False,False,False,False,False
716,reached,137.83733701513506,24249.856660240803,0.7282994006278045,3.1300067080281053,4.23215538210855,-52.110975486527295,2377.51604288881,1.0529765705701766,0.8625177629515867,0.330993914527075,0.524926941724716,1446.72007706869,,21.0941977995221,True,False,0.8625177629515867,True,True,False,False,False,False
717,reached,0.043508248539414915,-37.93741582579969,-0.00039082167100445986,1.3939069106072566e-05,-0.2878440587527997,0.30076544013050466,631.033171709484,1.0026462183068878,0.96465544870844,0.5597259407127279,0.8853312272534801,1511.38475238291,,28.9510595075385,True,True,0.96465544870844,True,True,False,False,True,True
718,reached,2.435138946320932,204.8980848284009,-0.002908523986604905,-0.0644108553601086,3.31402553465902,-5.336660511947201,406.698662284846,0.9465729006732269,1.0789863749919602,0.7726372699072944,1.042622120827064,1480.0,,31.5108993414529,False,False,1.0789863749919602,False,False,False,False,False,False
719,reached,29.201572188955854,-682.3400830766004,-0.16735088565189926,-0.6531096657558635,1.7459177341391197,-58.2278767459907,723.009416617099,1.0858711104494998,0.9915056318998601,0.7351150139426778,0.65501684416556,1800.0,,16.1378630279713,True,False,0.9915056318998601,True,True,False,False,False,False
720,reached,0.06971112257477619,-55.382208810497104,-0.0006218672236002476,0.00023104768280290955,-0.3838756436652009,0.4645486675769064,537.798945850074,1.052786144099138,0.7753127065028333,0.4427212533685283,0.985558803917416,1512.50754369665,,29.7822975319211,True,True,0.985558803917416,True,True,False,False,True,True
721,reached,0.5583282600550287,51.43327284870247,-0.0006713490293890345,-0.0144559735882126,-0.04676658964030089,-0.5735527144873913,581.149065189152,1.0467039883232572,0.8524333009782533,0.4641649781544933,0.8366024568000681,1520.0,,27.912435484856,True,True,0.8524333009782533,True,True,False,True,True,True
722,reached,0.06147865159528251,-52.87896381110113,-0.0005515937805995463,8.104172761136397e-05,-0.3047305511801994,0.3742033668594047,608.134331717627,1.0170251001930677,0.90115500440254,0.6989289812981111,1.018221530160392,1479.27576093692,,27.484435870778,False,True,1.018221530160392,False,True,False,False,False,False
723,reached,0.04934080486632757,-34.74878529160196,-0.00044127254599857224,0.0001225340047028567,-0.26879692044197867,0.35790424893968975,567.785969454589,0.9582284341188753,1.05908168828296,0.36174984066135557,1.035590360603936,1514.43943418168,,26.1881556356461,False,True,1.05908168828296,False,False,False,False,False,False
724,reached,14.092154991103572,-220.25207648330252,-0.04782834456929663,-0.34287557205180974,9.569147076154515,-37.793028163393814,563.595435922678,1.032068986678504,0.9159790348948734,0.6905034301103,0.7694130744873681,1640.0,,23.2948381497847,True,False,0.9159790348948734,True,True,False,False,False,False
725,reached,0.09097011376760851,-35.0710458545982,-0.0008171466672024508,-3.142641071463004e-05,-0.06326092231701885,0.27773820185620934,441.535976300934,0.9682485206629725,1.0965310790586933,0.23759146100565057,0.56880105189062,1617.04697247637,,31.7994008370254,False,True,1.0965310790586933,False,False,False,False,False,False
726,reached,0.23938475856701572,-80.45754034159836,-0.0021504630956030724,-2.0984603992246775e-05,-0.03639074032359879,0.43961469506820094,370.257019776085,0.9620685746450439,1.2575864118201334,0.46914911223210504,0.689692666600028,1744.03847840921,,27.8612634187226,False,True,1.2575864118201334,False,False,False,False,False,False
727,reached,29.8969929744775,-485.4180287449999,-0.15256310138660467,-0.6412542675423083,8.57128007442258,-57.65569731958941,822.745783756184,1.0193050968088035,0.9693705284624133,0.86513111206905,0.835815165393852,1560.0,,19.7201718513561,True,False,0.9693705284624133,True,True,False,False,False,False
728,reached,0.005773564047365015,-0.058808893900277326,5.156154240637534e-05,-1.6806126808432964e-05,-0.01951563454313998,0.08083394818771694,432.576437141051,0.9912641712945504,0.9553425338599599,0.3433075866024494,0.8187229226073001,1591.97195889671,,23.3276305818563,True,True,0.9553425338599599,True,True,False,True,True,True
729,reached,21.217414895320974,182.38816204360046,-0.053675940335196515,-0.513233705991297,7.74667400072544,-33.38652532992489,704.003054352394,1.0610063550878468,0.9688600432325867,0.5994541840933,1.006791864932592,1520.0,,29.7073777593766,False,False,1.006791864932592,False,True,False,False,False,False
730,reached,0.4184512182102708,-307.64138124889723,-0.0037590827040929753,-2.5339537501167797e-05,-0.601646528228601,1.1452780656995003,384.735752350617,1.0555497177822424,1.0064991958306666,0.9308272033411222,0.996834150163264,1543.71904326535,,36.9861470620937,False,True,1.0064991958306666,False,True,False,False,False,False
731,reached,0.40467350952119024,-338.19968997499745,-0.0036342566366016626,0.00028162767671346955,-0.8543913572283515,1.9195081779928955,327.993191497337,1.009479163043201,1.0375934901278134,0.6462581527953556,1.004536826124948,1627.97634955768,,34.6760743436404,False,True,1.0375934901278134,False,False,False,False,False,False
732,reached,0.22884919233190587,-159.53858462510107,-0.0020147799210974426,0.001198820562109404,-1.2542034022481996,2.1937571394198017,316.245399781353,1.0153334343428697,0.7819705994601734,0.4432027207992883,0.945090677580348,1597.08074540696,,36.5043415246187,True,False,0.945090677580348,True,True,False,False,False,True
733,reached,127.4420946763355,20830.671388317303,1.129698733153603,-0.5447895823454019,3.1377152081487596,-53.8486107374175,2071.88260113618,0.9840538965854023,1.08581980173218,0.3594321968633611,0.558593604568696,1446.72007706869,,21.094197799442,False,False,1.08581980173218,False,False,False,False,False,False
734,reached,0.0913608687139284,-56.92831357400064,-0.0008093787930079088,0.00040251810239055885,-0.44546447176039905,0.7864520208448766,393.554234181073,1.0636042393038792,0.8613030833378267,0.5461591281388273,0.935929451215004,1554.45513556603,,26.7609866494587,True,True,0.935929451215004,True,True,False,False,True,True
735,reached,0.007128112477494429,13.511737541201,6.364585220808294e-05,2.1112812589763053e-05,0.05979695169842003,-0.06293785916219008,949.435489315861,0.9852191731905462,1.1183611049141267,0.6602755112150833,0.726011480464992,1530.7047489679,,18.7764181279351,False,True,1.1183611049141267,False,False,False,False,False,False
736,reached,0.0023206316143822817,-0.0456775132988696,-2.0846384799710904e-05,-4.430108049291448e-07,-0.0013602227037683434,0.025518012679583535,420.217573187919,1.0107475559143406,0.9226618677144,0.3879237630123866,1.00341339298348,1564.85136552896,,21.7445486168119,False,True,1.00341339298348,False,True,False,False,False,False
737,reached,0.14546828371343562,-99.12340829700042,-0.0013061027410969928,-0.00011482116448746638,-0.14991516719451958,0.279967039656583,614.258928720872,1.0195493715955362,0.8341243579125533,0.3577792422178822,0.944849320635144,1497.02084804891,,29.96876593414,True,True,0.944849320635144,True,True,False,False,True,True
738,reached,29.847724440036135,-751.0604579188002,-0.111213423433,-0.7122277276652085,8.495324050722859,-41.731019772618794,789.211669599421,1.0190612676796467,0.8577764103254599,0.6926905697200111,0.757050515166208,1640.0,,21.3308328982795,True,False,0.8577764103254599,True,True,False,False,False,False
739,reached,0.04718006994961172,-2.7628096814005403,-0.00042383018909220027,-5.846953200716598e-06,-0.009264257410398713,0.11727107503830325,353.809115541511,1.0490437816134568,1.0551540540586333,0.8222826172412389,0.952693070799624,1771.38434719762,,25.9960718076379,False,True,1.0551540540586333,False,False,False,False,False,False
740,reached,279.02201200814545,16760.228966218598,-2.4967205874120992,-0.6539800983084945,3.5227873192122496,-51.29513703451738,1733.19280583602,0.9570979599216124,1.07316242744384,0.3958099445594494,0.563884367853016,1446.72007706869,,21.0941977994878,False,False,1.07316242744384,False,False,False,False,False,False
741,reached,0.1783827631133275,-129.14169718019912,-0.0016021737871056985,-9.513106849112773e-05,-0.1589363572800906,0.5252701674324953,470.483980788789,1.0395488038492553,0.80344901132658,0.5808450488702112,1.04100205853132,1503.25291548572,,23.5417658254533,False,True,1.04100205853132,False,False,False,False,False,False
742,reached,0.11674154346243817,-104.1760981514999,-0.0010372918548995358,0.00048085391719610016,-1.0480487982349,1.2949271755776977,360.215094437436,0.9522127180355096,1.1182120434545333,0.41314034432518665,0.863102120039764,1555.63821044633,,37.4300034696294,False,False,1.1182120434545333,False,False,False,False,False,False
743,reached,0.015720440492683195,-1.6191769853976439,-0.00014122019850049128,-2.068262205057181e-06,-0.0067478870294106486,0.10060480686840378,441.460759980753,1.0263931519665472,1.0129355484909066,0.78400080625115,1.008072677052188,1700.47859881727,,19.8919677480325,False,True,1.0129355484909066,False,True,False,False,False,False
744,reached,0.08691252037985674,-31.762707030600723,-0.0007807307423917109,2.0226355417207742e-05,-0.11552688902662922,0.41171238198489846,422.969232684379,0.9520295888936559,1.1236519051438068,0.2935758249513239,0.592966906245624,1621.66593114778,,27.0147538128411,False,True,1.1236519051438068,False,False,False,False,False,False
745,reached,0.3697343791478418,-240.7496228891032,-0.0033199130629952833,-0.0002902287320978303,-0.15781560543270068,0.7794236983718008,489.1893795829,0.988480412074888,1.0844572272166801,0.5862297573168112,0.992689862787012,1508.12154489617,,28.0984484824696,False,True,1.0844572272166801,False,False,False,False,False,False
746,reached,0.029349991662323827,17.044497187700472,0.0002636197305037058,1.358350309033085e-05,0.04556026571420091,-0.051533340895275614,842.96788232382,1.0037908012532535,0.9932648284035333,0.8173544731698611,0.787216583719684,1562.35510981791,,17.0802109727112,True,True,0.9932648284035333,True,True,False,True,True,True
747,reached,0.1658133041314158,-130.09983691789967,-0.001486621480495387,-0.0002700139172020499,-0.23044684307571117,0.4882881766288847,588.743182599814,0.9820198191395834,1.0417562023291733,0.3626669809806261,0.88890151331812,1463.93593887394,,31.4028196781524,False,True,1.0417562023291733,False,False,False,False,False,False
748,reached,9.687306591881487,4.945313092197466,-0.015691938371190872,-0.2563429078107049,11.490855447404419,-18.204273913392797,491.384252131962,1.0655227331668062,1.0296365329337867,0.5648168912103501,0.9945741900337121,1760.0,,36.243771868577,False,False,1.0296365329337867,False,False,False,False,False,False
749,reached,17.191451965469714,-116.55142238239932,-0.04654667927960077,-0.4223858474852875,7.67601663271825,-31.857238192340105,639.692870853847,1.074886083264955,0.9426395244986068,0.6027778489885778,0.9232054646935399,1600.0,,28.9786209012836,True,False,0.9426395244986068,True,True,False,False,False,False
750,reached,0.1270287433182504,-32.162135745500564,-0.0011411311938047675,-1.514258909196542e-05,-0.040812352676189434,0.17661520918360907,495.713289303441,0.9956927133424746,1.0951569516967734,0.5697028452352834,0.653969890030916,1697.50098012985,,27.1912130693668,False,True,1.0951569516967734,False,False,False,False,False,False
751,reached,0.05952796126584143,-26.376373148999846,-0.0005334927587057336,0.00010253053909536902,-0.2904175330712011,0.6623920257441966,386.119190127326,0.9684454572464166,1.0785606747573533,0.32484933339157335,0.606845156527828,1597.11331983823,,28.011247593513,False,True,1.0785606747573533,False,False,False,False,False,False
752,reached,0.009611939124827183,-2.401269139299984,-8.63185730963778e-05,-6.177249190386647e-06,-0.041243537337299685,0.2177797028359123,402.780801522942,1.0226336181669593,0.9349789868745401,0.29097629892068333,1.006901635073156,1559.23016896051,,26.6314992061861,False,True,1.006901635073156,False,True,False,False,False,False
753,reached,11.378140333966535,-153.50415158739997,-0.038774521082089564,-0.2814028983713115,9.68853193440806,-37.5928392070891,531.494587078523,1.0269123579362671,0.99813587381442,0.7128856164045111,0.845583221749344,1600.0,,24.4273835611714,True,False,0.99813587381442,True,True,False,False,False,False
754,reached,5.002141166602124,146.0819052821971,-0.006443240059695654,-0.13461970831488657,9.85200263096627,-13.3440603560922,353.132260024078,1.0416155681883184,0.97098707131088,0.5680456901394945,0.841545671676412,1760.0,,35.1452216526088,True,False,0.97098707131088,True,True,False,False,False,False
755,reached,0.03483695648797719,-7.423721754799772,-0.0003125611602996514,4.7643804208519214e-05,-0.07014067387950007,0.29116508909319805,466.355894812626,0.9834478299372421,1.1347665151002333,0.26877220007438885,0.585124864589964,1638.62944695597,,26.4535897539059,False,True,1.1347665151002333,False,False,False,False,False,False
756,reached,0.05609244528285705,-12.662471324500075,-0.0005038974938003093,1.7554619944348815e-06,-0.05235055100774133,0.26069461956211626,433.602689154096,1.0460289752715026,0.9209454942186334,0.6099825198992722,0.680868772322776,1739.18207220459,,21.8628597100334,True,True,0.9209454942186334,True,True,False,True,True,True
757,reached,17.385067536702902,-157.1893882389013,-0.048211643868100396,-0.4574893813413041,8.50518010101503,-34.725424250818804,597.973932269767,0.9908846653815933,1.0493134209900867,0.8584424491653166,0.932933335060252,1560.0,,25.9156357820842,False,False,1.0493134209900867,False,False,False,False,False,False
758,reached,9.564619696262882,156.6621425288031,-0.01304163167429806,-0.262296261099209,10.97585091061917,-15.964791005257808,450.223653265781,1.007465520621349,1.1593969006565532,0.5256849301607267,0.8270707859896561,1760.0,,30.0276526080768,False,False,1.1593969006565532,False,False,False,False,False,False
759,reached,0.05974662437613842,-24.377084759500576,-0.0005364801642002703,5.024018008725761e-05,-0.15217154622532014,0.42737476897360693,434.317266370067,0.9910135757799697,1.18083519506872,0.32775356703536834,0.6014917152342,1670.08728072616,,25.5176237107341,False,True,1.18083519506872,False,False,False,False,False,False
760,reached,0.06509312913003203,-27.999801401201694,-0.0005846998271010762,-2.3865325090355327e-05,-0.014993669026200251,0.04835688484499201,519.246537420066,0.9825633495038244,1.1084088624693134,0.26164440312386,0.619942271251832,1566.37013780773,,31.1146605099963,False,True,1.1084088624693134,False,False,False,False,False,False
761,reached,0.06113248860711622,-18.84376569719825,-0.0005491639555970096,-9.465614994041971e-06,-0.051562757344710164,0.1811779503722164,454.549746593621,1.0156907682334715,1.1185901229624,0.42439575308560723,0.6166215550691321,1695.97071115656,,24.0065042076037,False,True,1.1185901229624,False,False,False,False,False,False
762,reached,0.0920851239306064,-51.223780844298744,-0.0008271548432077225,-3.568136790477183e-05,-0.028430428153701115,0.07876783205898619,553.365014744715,1.0402226496220541,0.9376230121914533,0.4543676702357172,0.80077751313974,1568.2286326389,,25.2819980965804,True,True,0.9376230121914533,True,True,False,True,True,True
763,reached,0.04362900150195601,29.61386551490068,0.0003915336464928032,5.162853079809793e-05,0.12760932727980112,-0.17630314485469967,942.023313310583,0.9917254747977718,0.97134859355684,0.9919080011942333,0.804216376086468,1529.1227644463,,15.046876915221,True,True,0.9919080011942333,True,True,False,False,True,True
764,reached,0.7759661078190054,71.58393479110237,-0.0008887310287946093,-0.021311935335603494,-0.07380977799830113,-0.7480682393619986,563.409860505215,1.0146861572555763,0.9000878470365067,0.46444984307843284,0.8116651269025841,1560.0,,30.2741305079204,True,True,0.9000878470365067,True,True,False,True,True,True
765,reached,0.22117778758957007,-157.8146775712994,-0.001940755208494238,0.001219373182294703,-1.2066053962568901,2.2260054929857915,307.192649352811,0.9990260991386559,0.9549372802709066,0.4621519476970166,0.969896652061316,1597.26689284819,,35.4706433836337,True,False,0.969896652061316,True,True,False,False,False,True
766,reached,23.101535728133527,-563.6228391203003,-0.07900693663209779,-0.5843837080145988,7.66738231399955,-41.45328901064181,762.855481340339,1.0110960367050001,1.0028683507288734,0.7120557906694,1.010195129419648,1560.0,,26.1080927783606,False,False,1.010195129419648,False,True,False,False,False,False
767,reached,18.79817910702348,-640.824058376802,-0.051987298240902646,-0.44245582950020435,12.53756776052263,-33.7383013774205,677.147383691339,0.9758642956532376,0.9795758324773467,0.7869955791807833,1.03233567071426,1560.0,,30.4675569449647,False,False,1.03233567071426,False,False,False,False,False,False
768,reached,0.0282790137495485,25.009905206999974,0.0002535244504002776,5.135662900102034e-05,0.09039329737059987,-0.1645254841208157,1028.31761001191,0.9978886501771522,1.0464375045409733,0.9944853361999889,0.987428958017696,1496.73519469873,,17.4598190776257,False,True,1.0464375045409733,False,False,False,False,False,False
769,reached,62.15571292957261,-235.30192359899957,-0.37996027107860186,-1.1314783258564773,8.776196601261349,-68.66034286078181,1128.33477600879,1.0310912248635025,0.9576743331605201,0.9478788950180723,0.9589001011970799,1440.0,,16.3762634414515,True,False,0.9589001011970799,True,True,False,False,False,False
770,reached,12.051811913105844,61.15056172300319,-0.02144887710819887,-0.33934283497478646,12.02023338675606,-18.833357037418097,529.610633088616,1.0094366539920825,1.0126081696202134,0.6436525599781,0.979363198341248,1560.0,,32.8483614854405,False,False,1.0126081696202134,False,True,False,False,False,False
771,reached,0.155153060272939,-118.62482499840189,-0.0013929511604970912,-0.0001454744277964437,-0.20033910638211871,0.4374570370923152,611.165821843155,1.004213464725726,1.0535321770159,0.41655366741847666,1.00610278414648,1504.26036881066,,27.6818168109941,False,True,1.0535321770159,False,False,False,False,False,False
772,reached,0.016031520314811556,-0.1003698863023601,-0.0001440163767085778,8.843925911605766e-07,-0.001734362264800282,-0.09473291081380353,434.212120667703,1.0414637245705285,1.02483640792906,0.6402053931389777,0.981984741111496,1734.2922258967,,23.1134329265954,False,True,1.02483640792906,False,False,False,False,False,False
773,reached,0.06758239537213548,-31.762036473697663,-0.0006070859511027038,-1.6428074303576068e-05,-0.07772710225259871,0.18263545355739552,511.972776452036,0.9863856163195553,0.8169627720291668,0.5202662160428778,0.801545584194044,1536.94178933748,,20.8659131031216,True,True,0.8169627720291668,True,True,False,True,True,True
774,reached,0.08228560735368175,-53.341419253501954,-0.000738962530405729,-5.58321291066477e-05,-0.013370105690199807,0.06770021409670335,684.337706997377,1.0386634270973407,0.7602258779334199,0.41877832661605663,1.011927498631524,1491.43581797615,,26.2267536077387,False,True,1.011927498631524,False,True,False,False,False,False
775,reached,14.760642227356184,179.29950762509907,-0.0457214761266016,-0.3643466491461993,9.601258178308651,-37.85131201473129,570.744984150845,1.0318856049275165,0.84959008769692,0.7545536589069001,0.9824774842721361,1560.0,,25.7947940037717,True,False,0.9824774842721361,True,True,False,False,False,False
776,reached,0.04373962795294103,-9.334841312898789,-0.00039280267638730493,2.8928326599952925e-05,0.009062258573900195,0.1742764834741024,359.239968922459,1.0177103209638203,1.0068255624232134,0.6509602971121056,0.805879935948812,1706.37903990604,,25.5762657700558,False,True,1.0068255624232134,False,True,False,False,False,False
777,reached,10.988458850365857,-162.9891503962972,-0.028420634409400236,-0.24523286098229846,10.60699522013135,-29.181140133269594,522.318003285214,0.9842294826034736,1.0404272067474334,0.7546363285943611,0.78586207697618,1560.0,,27.0510622183927,False,False,1.0404272067474334,False,False,False,False,False,False
778,reached,8.475084657123228,100.36549677999938,-0.019286597859206722,-0.21639755188820686,10.589661693219501,-23.749680831088483,474.018413366234,1.0540337988517121,0.9859707134430334,0.7010844886263333,0.91378493195744,1600.0,,32.7502245478085,True,False,0.9859707134430334,True,True,False,False,False,False
779,reached,23.66622428213286,-181.33917192760055,-0.09842194530421011,-0.5415354188077117,9.53741242926397,-45.361039389045686,695.843398596902,1.0286764797771337,1.0357864316496133,0.7563034434330334,0.7241539424532519,1600.0,,21.1841675280306,False,False,1.0357864316496133,False,False,False,False,False,False
780,reached,0.2417102076208505,-97.02311067250048,-0.002171358888503505,1.6818748491687074e-05,-0.080660316849821,0.4743136569234139,430.47580832918,0.9969893564010298,1.0554694999272667,0.6265283171000056,0.7345698718711879,1704.69824014105,,25.3276805706895,False,True,1.0554694999272667,False,False,False,False,False,False
781,reached,0.09863262912148427,69.7457606231983,0.0008860162626973533,-2.2184896693033807e-05,0.11904493585599951,-0.34297905233012216,870.508322739344,0.9820372727082443,1.13822620476118,0.9835136347445557,1.009312357429372,1518.43159333481,,17.8286824541438,False,True,1.13822620476118,False,False,False,False,False,False
782,reached,21.366460648552554,188.10980705949987,-0.07949259605710779,-0.4908961890118064,5.051120862905431,-43.7841178790888,667.858925526008,1.0033470286892126,0.96567816821808,0.7388402859067611,1.00996666172016,1520.0,,22.4707063849976,False,False,1.00996666172016,False,True,False,False,False,False
783,reached,0.14970194254867014,-107.6025973688993,-0.0013444484805944512,-9.111937930583736e-05,-0.08834483249890113,0.13852950178437595,565.104022615634,1.029840345418752,0.83866531029806,0.3736498615469256,0.9735109951813801,1487.01211897692,,32.749110497331,True,True,0.9735109951813801,True,True,False,True,True,True
784,reached,0.05297048924999834,-8.964136222399247,-0.0004757855110000264,2.242191504819857e-05,-0.11224918766699865,0.31349239743730095,408.5555952932,0.9288655773926944,1.15331951404036,0.3307052987605389,0.566001407728688,1621.09944031713,,25.5389662259346,False,True,1.15331951404036,False,False,False,False,False,False
785,reached,25.808906239615283,12.389166984299663,-0.1181237786653071,-0.5651548782012128,5.9893667143598694,-52.0457985008307,747.557608216507,1.0682002608018446,0.9692599220217533,0.7159788947060611,0.760677542640132,1600.0,,20.3558721797166,True,False,0.9692599220217533,True,True,False,False,False,False
786,reached,18.11132028001354,-156.6415037709994,-0.06989873943020086,-0.40304401756009156,8.298882634581009,-43.321712833922504,628.147361591722,1.0660012634799558,0.8327427076253666,0.6586118453159834,0.780596079167948,1680.0,,22.6078400960118,True,False,0.8327427076253666,True,True,False,False,False,False
787,reached,0.40615322275226645,-272.03959896800006,-0.0036476125683009286,-0.00025052881750298184,-0.06314292947685018,0.44812633316828965,444.060691771195,1.0367811910251314,0.7851558810959933,0.4365039009557961,1.056013217978516,1616.92219704927,,37.3251605398564,False,True,1.056013217978516,False,False,False,False,False,False
788,reached,0.030796581033206545,-2.490780291002011,-0.0002759624805861449,-5.63255441079491e-05,-0.03725895953713909,0.03111766118749415,721.319970550129,0.9647007341610314,1.0492924071551466,0.4280337363890678,0.64388934877526,1547.54788193491,,23.2469984467532,False,True,1.0492924071551466,False,False,False,False,False,False
789,reached,0.2820851578355683,-173.1673539279982,-0.002533956240512225,-7.669312870461908e-05,0.07693276285310091,0.06972834278428763,377.066956985881,1.0176234243899478,0.8919170873333799,0.6096030711093389,0.8664845253259881,1609.40245806567,,28.108394254798,True,True,0.8919170873333799,True,True,False,True,True,True
790,reached,0.02834451101185348,-3.6543216722966463,-0.00025453316479229215,2.0238290915131074e-05,-0.02732424179459869,0.19993310073510884,492.565048227136,1.0140751903505358,1.00462756232924,0.30867593509936,0.8310410912566321,1597.73196970926,,26.9931456581186,False,True,1.00462756232924,False,True,False,False,False,False
791,reached,0.319847873407616,-160.24953014760104,-0.0028731871766041195,-7.362768948837584e-05,0.08052312874320045,0.08506033500958665,375.628264524296,1.0370565766376263,0.98942270493232,0.6902127162073167,0.916852422973936,1571.96093989684,,26.9733082574698,True,True,0.98942270493232,True,True,False,True,True,True
792,reached,0.09613172803779625,-37.254782844902365,-0.0008635727723032005,1.316494510206212e-05,-0.12392846774879906,0.3997973419250229,423.071382542974,0.9980949592095166,1.0955927560657532,0.3326959212327583,0.528284158900304,1701.58223852812,,24.681600679686,False,True,1.0955927560657532,False,False,False,False,False,False
793,reached,0.3167131357035869,-315.4891869439998,-0.0028444018213917843,-0.0001832236305006063,-0.6263496687511996,1.3188478364593834,356.502762270994,0.9839295440475218,1.03473144494388,0.69262035214215,1.039775513489672,1542.98735600979,,33.2387383785444,False,True,1.039775513489672,False,False,False,False,False,False
794,reached,0.02037716335237176,-8.340346324701386,-0.00018291557280747384,2.142594121323782e-05,-0.14118234158759968,0.28427216991289583,492.831817721092,1.03077423813205,1.0397248545042401,0.3199367108003583,0.609719506837928,1621.72199618832,,27.558572531963,False,True,1.0397248545042401,False,False,False,False,False,False
795,reached,30.432247148328294,-1209.0057845915035,-0.17081308922620053,-0.643444294770319,5.88713187767137,-64.26088319375131,873.418927528365,1.090130270382357,0.9620791933509935,0.9973629810567389,0.9827294665835961,1560.0,,18.5505577965511,True,False,0.9973629810567389,True,True,False,False,False,False
796,reached,0.02058258640648972,-1.8648461263983336,-0.00018487264989630603,9.410407812993071e-06,-0.005992122283998924,0.18067912862949242,409.2151515238,1.0825479019265307,1.00477187206994,0.6804480433116333,1.051271606225652,1661.9822830996,,22.0961306152722,False,True,1.051271606225652,False,False,False,False,False,False
797,reached,9.23883246884089,-125.65673166060151,-0.025628631111402456,-0.23785197106349187,11.392023344864116,-30.700847177674802,481.34659239282,1.0187044416287814,0.9952027244762266,0.7083377312295334,0.8397421954793319,1680.0,,27.0451211208482,True,False,0.9952027244762266,True,True,False,False,False,False
798,reached,0.19946143212846337,-170.00501680329762,-0.0017912059505960087,-0.00013218879340115564,-0.2948244602686998,0.6009041247448863,362.862206949884,0.944844844738163,1.1182288329851866,0.6305275447973056,1.024452552211388,1454.04620908049,,32.0999095690441,False,True,1.1182288329851866,False,False,False,False,False,False
799,reached,0.05680476753784863,-42.502303755001776,-0.0005043739368062461,0.00021543931529777183,-0.4376847021372008,0.6365875819973041,413.528393608587,0.9728502463578487,0.9504074050517267,0.5339553673527205,0.68436817933456,1587.08029610616,,27.1065217417417,True,True,0.9504074050517267,True,True,False,False,True,True
800,reached,0.5395647583516132,-113.03592065449993,-0.0027357440847026737,-0.012384322203587317,0.6570844666015088,1.2880812710704959,267.382949351908,1.0559877489293026,0.9767782794259667,0.7290976100138056,0.876863567421584,1640.0,,39.2313041951063,True,True,0.9767782794259667,True,True,False,False,True,True
801,reached,0.018325176554307588,-4.3539722636996885,-0.00016430200639661052,2.942209670209195e-05,-0.044883836973109936,0.15335535489748509,486.798017010762,1.038628929157214,1.0574270862825266,0.5171290382544417,0.5471987397600999,1786.51779487773,,19.7607822545667,False,True,1.0574270862825266,False,False,False,False,False,False
802,reached,0.18408850761399195,-131.93578781979886,-0.001653015738298791,-0.00012789129689849688,-0.29410869525867867,0.7535133358761072,379.576317838085,0.9546169118103102,0.9895305137402333,0.3462977203392216,0.707852207179008,1579.45968770678,,33.6887731128659,True,True,0.9895305137402333,True,True,False,False,True,True
803,reached,0.46852013661716013,77.43005974229891,-0.00014141990089910905,-0.012302503439400425,0.3781982975210312,0.0199515478842045,387.846812144914,0.9882853531204975,1.08693905925954,0.7204962764401223,0.857120822716556,1680.0,,23.1943778234963,False,True,1.08693905925954,False,False,False,False,False,False
804,reached,0.025861343652727572,-4.364840906699101,-0.0002322327114967493,1.831285891285006e-05,-0.11024799229100068,0.30160972798591956,444.730509815564,0.9809692828304961,1.0184613246922132,0.2766809833376305,0.544846885528396,1625.66737084423,,28.0392711991458,False,True,1.0184613246922132,False,True,False,False,False,False
805,reached,14.772116758229823,72.16870376139923,-0.03734818994780653,-0.35951187708690213,9.040139472501563,-29.900470119967906,598.092263787298,0.9830924748562893,1.01448420254978,0.7515702242734056,1.006483234651532,1520.0,,30.6224765539731,False,False,1.01448420254978,False,True,False,False,False,False
806,reached,0.03217494353029211,-6.057561818699469,-0.0002886839420028764,4.1008839104961226e-05,0.0017538209381005032,0.20059252686081663,348.735366507503,0.9863034000693923,1.0729063316578333,0.7819243099541889,0.927424934058212,1708.07807294567,,25.4046441165041,False,True,1.0729063316578333,False,False,False,False,False,False
807,reached,0.32662228559125794,-140.29738402349903,-0.002934008368498553,-8.891215429684962e-05,-0.0017808556873806225,0.4434534874903022,376.054372363339,1.0505947998567766,1.0724728572383533,0.5193529027475422,0.800360343032844,1783.09858196873,,30.5483373376044,False,True,1.0724728572383533,False,False,False,False,False,False
808,reached,19.444077722247247,214.94032018299913,-0.08531844536879873,-0.4501022201991134,6.56452345226602,-48.46841652214158,632.898711572697,1.0149974309465997,1.0039350218895466,0.6657443113638389,0.734080050362192,1720.0,,20.9021060651486,False,False,1.0039350218895466,False,True,False,False,False,False
809,reached,0.22969843210506385,-101.13057525900149,-0.0020633413718087468,6.144689820075655e-05,-0.2524826106042699,0.7554049707960075,387.504014086287,0.9774088764023454,1.05850846253504,0.36931607766330443,0.7293826180132761,1665.56336690608,,30.3095554390322,False,True,1.05850846253504,False,False,False,False,False,False
810,reached,207.43594188974436,15864.344947382102,-1.6911562311297956,-2.1408463393591433,2.322609292203401,-46.40830262012702,1548.25892848114,0.9838625225764126,1.0598984524546533,0.3938278169742845,0.524247204357,1446.72007706869,,21.0941977995296,False,False,1.0598984524546533,False,False,False,False,False,False
811,reached,24.16466865025293,-1250.8603753456991,-0.10840206140690611,-0.5176128603980885,10.506494458554323,-51.386472324968196,750.380830969016,0.9869917114441092,1.001839641658,0.9292695707330724,0.936079887684144,1560.0,,21.6869408647992,False,False,1.001839641658,False,True,False,False,False,False
812,reached,0.30535010063661777,-203.28252728260122,-0.0027428802206941327,-9.015096981102033e-05,-0.0070956113227396145,0.32572434295460084,367.013184369987,1.0026583012869523,0.9945610763489799,0.6705498666658499,0.8657771581496281,1573.58267709365,,30.5374379085487,True,True,0.9945610763489799,True,True,False,True,True,True
813,reached,123.5670236920546,21424.371835626902,-0.19968002113459704,-3.259743542344097,3.39655626320633,-56.6974482223615,2214.82691606685,0.9982344150123015,1.0460884548105267,0.3376059031704555,0.5463532998405081,1446.72007706869,,21.0941977994314,False,False,1.0460884548105267,False,False,False,False,False,False
814,reached,0.08861668786567664,-63.65080432800096,-0.0007958668743128783,-5.309992241109285e-05,-0.035307992329601134,0.07734194305328401,608.264039293516,1.0459182183991742,0.9604170072315534,0.4398893332776844,1.046427208609396,1527.26007902755,,25.4406259323482,False,True,1.046427208609396,False,False,False,False,False,False
815,reached,0.19934583334278974,-156.51650667830108,-0.0017562823132948324,0.0010965209710889212,-1.2097857224350985,1.9529193826945175,326.948788983009,1.0107553690669415,0.97175790320616,0.4736608535978789,1.033606647471024,1599.15350922563,,34.1228652265938,False,False,1.033606647471024,False,False,False,False,False,False
816,reached,21.334699750868992,-1042.6061227712016,-0.07561442042910471,-0.5004255166641087,11.09943257350219,-42.5915956489649,718.137902198132,1.0077565588815494,0.97149590086546,0.8322941084160945,1.004071903152832,1600.0,,25.8561821268483,False,False,1.004071903152832,False,True,False,False,False,False
817,reached,0.029320949913246516,15.336118530700332,0.00026178886371042154,-9.0195498586354e-05,-0.0470786963237515,-0.04100237583600119,746.9504418691,1.0343839285140366,0.9625434418011399,0.6291817249065944,0.784031505076052,1557.0153841037,,20.4847923077731,True,True,0.9625434418011399,True,True,False,True,True,True
818,reached,0.08943534899367502,-33.12825674779742,-0.0008032884570070564,4.562004230024286e-05,-0.14061259643739987,0.33064736881198087,480.963683077338,0.9961132225948446,0.97004953594404,0.3415040435579183,0.658861449681996,1583.88020743293,,24.0016580155219,True,True,0.97004953594404,True,True,False,False,True,True
819,reached,0.19719722976465004,-64.27764322339863,-0.0017714877342029922,9.258847995852193e-06,-0.04701454050037057,0.448176865254311,365.505932789552,0.9784213143822428,1.06798401448522,0.5225180590188839,0.673330592045916,1744.43663205063,,26.2111580790971,False,True,1.06798401448522,False,False,False,False,False,False
820,reached,3.950580336149265,136.9793212272998,-0.005485200399789392,-0.10531585894278805,10.968058417441208,-6.368808183595803,331.429078923034,1.05926266623814,0.9962726540427601,0.5294130550798761,0.870098556708448,1640.0,,38.6265362847368,True,False,0.9962726540427601,True,True,False,False,False,False
821,reached,0.07953992287811373,-53.21769383530045,-0.0007144584703979717,-3.1494007714627514e-05,-0.005789082746339602,0.06547766074800165,520.122982364794,1.0187880327635856,0.9826244570866134,0.7264550415292944,0.868357077101264,1569.28649757462,,25.4918257681738,True,True,0.9826244570866134,True,True,False,True,True,True
822,reached,0.015843830579716715,7.2550847387028625,0.00013911857719506315,-8.580353670595287e-05,-0.12140784037770125,0.0006785538158169402,770.580342912249,1.009904980500755,0.97323705338416,0.49198155578228386,0.977151126143676,1559.44748083703,,27.7159189250101,True,True,0.977151126143676,True,True,False,False,True,True
823,reached,32.924600089328415,233.27178362009727,-0.1678714873299043,-0.6878954162393995,4.63875182400082,-54.7726993788674,808.401916970199,1.101860915834067,0.9318199616767067,0.8340293288063223,0.8017226155823,1720.0,,18.3171246457561,True,False,0.9318199616767067,True,True,False,False,False,False
824,reached,0.33535604041757194,-177.7923794085982,-0.003012414490996207,-0.00010523769751102918,0.13352485150300097,0.048463711554916244,370.182124058803,1.028652242495987,1.0097513200739,0.7200677378809223,0.959579966202712,1572.73751210588,,28.3849962437868,False,True,1.0097513200739,False,True,False,False,False,False
825,reached,5.981180709385339,168.92048794669972,-0.008742897193201316,-0.15805615462218725,11.4667002923825,-12.9695312907958,378.191675090736,1.090429924656009,1.1018388740775933,0.5554907194022016,0.931594250807448,1800.0,,34.8549404206193,False,False,1.1018388740775933,False,False,False,False,False,False
826,reached,0.015335667683476417,-9.830450741799723,-0.00013774986780390464,5.6071764049647754e-06,0.015045661947590716,0.18832740334278242,292.147568315439,1.0507194942570446,1.0406085979942132,0.9270265346622222,1.020946268811088,1739.17981248548,,29.6431900435727,False,True,1.0406085979942132,False,False,False,False,False,False
827,reached,0.024760899856561183,-18.11024053519941,-0.00022167621619928468,5.156110529469515e-05,-0.19122868993750153,0.2261574564940929,578.884484064926,1.0089022482924361,0.9134591792268134,0.45495635099716725,0.7811685748807,1552.45215990067,,25.5316768837409,True,True,0.9134591792268134,True,True,False,False,True,True
828,reached,0.023723858036235165,-1.820808607400977,-0.00021311828290038193,2.052279370445831e-06,-0.036965309005399405,0.14275069719599287,440.512467661756,0.978101436273726,1.1112933774973934,0.3369588274322239,0.586067418578248,1618.70275266516,,23.8313675953083,False,True,1.1112933774973934,False,False,False,False,False,False
829,reached,350.5012080504448,17615.275703412597,-2.923440321641394,3.4334966137840013,2.3939516439748703,-46.978214065234,1788.53759312869,0.9787630304320636,0.9460086713564534,0.3880954219033122,0.55121412882554,1446.72007706869,,21.0941977995506,True,False,0.9460086713564534,True,True,False,False,False,False
830,reached,0.15557676590345826,-142.94364193920046,-0.0013700915438050743,0.000798336370138486,-0.9389407586484406,1.2471091876475953,403.537335852442,0.9856119850159059,1.06974668447974,0.5951568685007333,1.014119578731068,1473.61015747849,,33.202597105933,False,True,1.06974668447974,False,False,False,False,False,False
831,reached,678.026652368337,25264.4371409916,6.088099734729198,0.6114684228668068,5.98848052287069,-57.48213618186489,2664.00633513375,1.055184573592992,0.9726696891437867,0.28859596199499504,0.5106368008197639,1446.72007706869,,21.0941977995644,True,False,0.9726696891437867,True,True,False,False,False,False
832,reached,4.639915794792876,198.33006583070164,-0.006286155848300723,-0.1126108152731149,9.77867728794139,-8.236729777649884,363.514334243265,1.001625923473191,0.9515675992800201,0.7647752959770889,0.9090028226263559,1520.0,,33.5300403767565,True,False,0.9515675992800201,True,True,False,False,False,False
833,reached,0.07835121420405738,-69.61245986480208,-0.0006976557168911768,0.0002936214046087571,-0.4679995321555399,0.6035153438770067,481.155011420882,1.0375709265808577,0.7894675996328667,0.503392230624041,0.8714391969028281,1550.91370591238,,28.5023272549966,True,True,0.8714391969028281,True,True,False,False,True,True
834,reached,0.16640361875727103,-119.54237342760098,-0.0014937890124002706,-0.0001623525338914078,-0.07736498558902838,0.37762879132128546,592.24427123346,0.9746052480849065,1.0323396012607733,0.6299055967011611,1.0125253781250518,1506.18627284046,,22.4009806974096,False,True,1.0323396012607733,False,False,False,False,False,False
835,reached,0.312292391459743,-213.76139152920223,-0.002804467493703555,-0.00022435821179556115,-0.23009419049751045,0.6420764395587071,433.173851007585,0.9729149516913732,1.1186155566969866,0.49697605681354,1.00191842023562,1578.89313454449,,32.5518653117796,False,True,1.1186155566969866,False,False,False,False,False,False
836,reached,0.0943908116622522,-30.65992540139996,-0.000847890326298284,-2.8881378511869116e-05,-0.05547600256040042,0.2435738098996012,450.487682542435,1.0205006100065623,0.9165485506851601,0.2218357377868628,0.547682731224496,1616.96389866652,,32.3995173072475,True,True,0.9165485506851601,True,True,False,True,True,True
837,reached,0.3530034277964817,-225.10793600639954,-0.003170874697687509,-0.00012361469001120895,0.11796990209372105,-0.0022024226611847553,391.885063172848,1.0300496878647263,0.9898280634366666,0.7622543085524611,0.9311452248066561,1529.91605040146,,33.2468072576668,True,True,0.9898280634366666,True,True,False,False,True,True
838,reached,0.05985126256760985,-45.291406466400076,-0.0005344654280037275,0.0001682330486119099,-0.3153114581505001,0.4097070462224792,558.269441066524,1.0289925036973222,0.9294545739972268,0.5206094802049455,0.831557363537996,1558.04839052101,,27.557965735261,True,True,0.9294545739972268,True,True,False,False,True,True
839,reached,0.07463000853131929,-15.973234140597924,-0.000670424141205217,-5.706291290152876e-06,-0.021362298348099884,0.08766714143121135,484.741925807063,1.050674316209936,1.24981745410706,0.546238949649525,0.561819907461968,1812.75784060261,,22.24571600024,False,True,1.24981745410706,False,False,False,False,False,False
840,reached,0.10544531706303137,-63.505148650299816,-0.0009471674116099393,-3.5255503604503247e-05,-0.06820052947667854,0.17692877853238542,367.886149410614,0.993654979876188,0.9481527182495667,0.36437494853833946,0.981794724096796,1528.15161319911,,31.9526785986533,True,True,0.981794724096796,True,True,False,True,True,True
841,reached,0.13202583938593826,-88.61293576490061,-0.0011849470647007365,-0.00015909297658822652,-0.18968938263209978,0.3614791349016002,585.919771068159,1.036248451690576,0.6969175608189067,0.289032007241505,0.8655486756999681,1538.87272393707,,30.9329787320201,True,True,0.8655486756999681,True,True,False,False,True,True
842,reached,546.6974613778556,23133.9105270139,4.0566873390053075,8.809763751893513,4.073989595559991,-47.83087675253489,2347.97224619332,0.9772547122955998,1.1565976068114399,0.3076167093334428,0.535521020736652,1446.72007706869,,21.0941977995082,False,False,1.1565976068114399,False,False,False,False,False,False
843,reached,3.4753454845867764,229.29141965669987,-0.003723798864896821,-0.09713882789608874,8.72849483972391,-5.627555030384201,323.778454230945,1.0108680026046961,1.02977372453782,0.5231341633257055,0.8030339552329959,1760.0,,33.1845162188049,False,False,1.02977372453782,False,False,False,False,False,False
844,reached,20.182247693912828,-182.70821939139933,-0.04771184105349846,-0.5216632015062999,11.21399967707564,-27.377790095921,698.869067405946,1.0251112974171988,1.0088929597711134,0.6489958235994056,1.03448121361268,1520.0,,33.3228309165761,False,False,1.03448121361268,False,False,False,False,False,False
845,reached,0.07431097584378898,-25.54251205949913,-0.0006675471307033831,-1.3012027892500555e-05,-0.0036113967871997943,0.06668132030938523,417.805052229071,1.0058306940519068,1.1208873787299867,0.25593324077261276,0.591980661783688,1652.86502833386,,31.0865543173684,False,True,1.1208873787299867,False,False,False,False,False,False
846,reached,14.558825290728912,-53.12867220730186,-0.034725463675798096,-0.3638101144663892,8.44714614969712,-27.8791505669478,560.99819150138,1.023625825857048,0.8848377065083133,0.5402080979922539,0.754234951573864,1640.0,,26.1362951315659,True,False,0.8848377065083133,True,True,False,False,False,False
847,reached,0.06423458523164444,-24.46913164919897,-0.0005770159168889677,-1.6131237146055355e-05,-0.002742577619590847,0.04885828154249339,468.217143219604,0.9745421673161857,1.1695084219447534,0.28438749865006774,0.587224374219236,1609.25487585138,,29.9249633276276,False,True,1.1695084219447534,False,False,False,False,False,False
848,reached,308.8425005858892,14026.414633295597,-2.7107822258628005,-1.552082074924897,0.9138671625183417,-46.833410869395095,1424.73834583617,0.9373430254847727,1.0837519247629668,0.4103684312548878,0.548991880023176,1446.72007706869,,21.0941977994426,False,False,1.0837519247629668,False,False,False,False,False,False
849,reached,0.0663114363010498,-57.19531194639785,-0.0005930620165059963,0.00015403428798776986,-0.3762745946298889,0.4362346922329152,560.296545239525,0.9570184476409604,1.1476577783818867,0.45359716031953556,0.826847380221268,1509.91050702728,,29.3386305021519,False,True,1.1476577783818867,False,False,False,False,False,False
850,reached,32.96019872152987,-719.5571830207009,-0.11586450398969816,-0.7827650748438941,9.01774919040077,-41.64139019499609,854.172595764816,1.1032474444269122,1.0697322140523868,0.6506701402029611,0.755288200704224,1720.0,,22.1724598035388,False,False,1.0697322140523868,False,False,False,False,False,False
851,reached,0.3285770451703595,-188.48027910889869,-0.002951503516001708,-9.873229629420166e-05,-0.16466310331420075,0.8855293137082754,389.026448885893,0.9597939199045873,1.1430297541498067,0.5837152842654056,0.865431141437768,1550.20279424595,,28.1040214103717,False,True,1.1430297541498067,False,False,False,False,False,False
852,reached,26.36190826800071,14.577587375100848,-0.14163255928419005,-0.5739382094502048,4.92451663040069,-61.72628036652121,763.075695673056,1.0539790145216645,0.9373728035486466,0.8142427384999277,0.9958292238520521,1680.0,,19.0006159492688,True,False,0.9958292238520521,True,True,False,False,False,False
853,reached,20.634218138676736,-133.84010224140002,-0.10033036894989777,-0.4439889376249937,7.38048501432546,-53.44445962364239,679.792019869368,1.0314428210183029,0.91013709834092,0.7664231901557944,0.808132710010284,1600.0,,20.6327565855702,True,False,0.91013709834092,True,True,False,False,False,False
854,reached,100.89099938045747,18802.3777745805,-0.3689390106301005,-2.3256831184760074,2.7583223745013,-55.899631703660305,1923.35622144258,1.0075521638704004,0.8905837695351934,0.3777064903766422,0.5427026845963321,1446.72007706869,,21.0941977995486,True,False,0.8905837695351934,True,True,False,False,False,False
855,reached,0.08324771071781736,-152.14544394619952,-0.0007474715651909491,-6.600521999189368e-05,-0.95534770789628,1.0166817208184113,430.056273135954,0.9797746707405856,1.0634136502892733,0.4995037431120973,1.0323950397635842,1464.88924180651,,38.1661919895187,False,True,1.0634136502892733,False,False,False,False,False,False
856,reached,0.02428759607767903,-0.6196371685000486,0.0002181829879077668,-1.7651971120358212e-06,-0.004772136939799054,-0.13959819766938608,320.402292851682,1.0198478946948357,0.8209579819506201,0.3429772241412389,1.016712840778736,1478.20933958509,,28.3059975638312,False,True,1.016712840778736,False,True,False,False,False,False
857,reached,0.20470516263851077,-114.02697168570012,-0.001838766134000025,-7.006531680531225e-05,-0.12245261903639992,0.27576039923968665,330.529912800946,1.0104073914732266,0.9716614629701399,0.43956069204933057,0.78795245749376,1647.08101752535,,30.8798455190049,True,True,0.9716614629701399,True,True,False,False,True,True
858,reached,0.011181737323460785,15.867429446898313,9.92228148106733e-05,-4.912209340091067e-05,0.0014681182017000083,-0.034835263641582515,898.844970336464,1.0061917748471387,1.0875453885915534,0.585608180120561,0.762456593966688,1552.40621599225,,19.3662496084884,False,True,1.0875453885915534,False,False,False,False,False,False
859,reached,0.3577623078326962,-228.9375490038983,-0.0032133461770911254,-0.00017765640689049178,0.03852029700160031,0.3178943986911804,401.086700725537,1.0438561207287584,0.9565357598579667,0.7010664314610167,0.8897360801489601,1655.39523527164,,28.0363767948457,True,True,0.9565357598579667,True,True,False,True,True,True
860,reached,0.222436699750447,-174.19528682460077,-0.0019959252566081886,-0.00026934075191320517,-0.23499109116302996,0.6164264707417999,595.960033473447,0.9645781432744291,1.0624124699348598,0.4438069913293511,1.003889942273968,1468.59007906256,,29.8243021655704,False,True,1.0624124699348598,False,False,False,False,False,False
861,reached,0.5555768705446102,64.40127433359885,-0.0007523439225991524,-0.012627179525196652,-0.053257642744698686,-0.3867537438810871,386.934731447736,0.976437894084224,0.8321648623850934,0.3058973773390545,0.6084076269130241,1640.0,,30.0357818294131,True,True,0.8321648623850934,True,True,False,True,True,True
862,reached,13.246113422135656,-643.493364825099,-0.03152752292629657,-0.3167998273248145,10.402392240423417,-26.40511830862991,548.437138111562,1.0495293588395302,0.9423334584596,0.5867835449146223,0.9267578817358719,1640.0,,27.7587902363787,True,False,0.9423334584596,True,True,False,False,False,False
863,reached,0.37186378366561657,-212.1996205396972,-0.003339794234491933,-0.00022295265719662893,-0.17051257741739967,0.7219257183292882,412.278536201476,1.0306024314562496,0.7926727622273734,0.49822136781861,0.872975422244752,1624.12079325823,,30.6131521930625,True,True,0.872975422244752,True,True,False,False,True,True
864,reached,129.5095778592597,18158.764933149498,-0.886136390913606,2.0591238857738006,3.0163033439341698,-47.6283202473432,1772.27266950856,1.0211573987547262,0.9014986307173201,0.38282795567351274,0.520130370275132,1446.72007706869,,21.0941977995142,True,False,0.9014986307173201,True,True,False,False,False,False
865,reached,9.32538364568596,228.30604642230173,-0.02165460981349554,-0.22735840018410158,8.62302263552364,-25.994608229106603,480.711806103165,1.0003774386896518,0.92876708441212,0.5866411950737056,0.737078829342372,1640.0,,28.4179728075114,True,False,0.92876708441212,True,True,False,False,False,False
866,reached,0.07735242223220984,-26.8830949002986,-0.0006948593907907252,-1.7348604956168856e-05,-0.06409069883666874,0.139276836615295,480.362011101192,0.9949612951183543,1.1688773823237133,0.4744980110975733,0.5927729636366961,1724.95570172589,,23.6783642011706,False,True,1.1688773823237133,False,False,False,False,False,False
867,reached,0.9665830167819732,188.73258247620106,0.0003771448149052503,-0.025961386710406487,-0.08857606938988916,-0.9602360390049967,1018.43399893616,1.0022864387006407,1.0401329437480533,0.9774423335983,0.878874550064076,1480.0,,15.9928602424943,False,True,1.0401329437480533,False,False,False,False,False,False
868,reached,0.03696883442712504,-21.616922292199888,-0.00033207580300143036,1.280888929500179e-05,-0.2450028989124995,0.43872453286797963,503.899989581953,0.9853923427531598,1.0526747158389134,0.29114937859784334,0.6369295451261879,1597.44921322691,,29.5080873104171,False,True,1.0526747158389134,False,False,False,False,False,False
869,reached,0.05257952817469492,28.423863575699215,0.00047162011540535786,-7.289875568972093e-05,0.03435514654409921,-0.1763567623625022,768.47619296763,1.0200092755949017,0.8693907533222733,0.9044909685520389,0.7932223457951479,1553.4714045489,,15.9500715674394,True,True,0.9044909685520389,True,True,False,True,True,True
870,reached,0.0009240695232218672,-2.1250844681017043,7.507900079417595e-08,-2.2855878796690376e-05,-0.07685441078201016,0.21695043530380076,477.793667101756,0.9652273582091984,1.0201645864004933,0.26400848676941335,1.0183564907829479,1515.29608708175,,29.0468274225631,False,True,1.0201645864004933,False,False,False,False,False,False
871,reached,0.11111332065127522,-81.6871615341006,-0.0009775528897080221,0.0005797968752858651,-0.6576548486319904,0.9490294612838,382.431088724863,0.9637923601742807,1.0079284582352934,0.6439958016931,0.964358818354512,1555.18339968609,,30.3851135100245,False,True,1.0079284582352934,False,True,False,False,False,False
872,reached,0.07181839756394627,-63.657111904198246,-0.0006445078780075164,-9.540598600210615e-05,-0.1505650734686892,0.21577298621531327,616.321866450926,1.0038591489186943,0.9893914807491067,0.5662447340962389,1.006692826764668,1535.68680886123,,27.5826197336263,False,True,1.006692826764668,False,True,False,False,False,False
873,reached,355.49521057721245,16340.261117350397,-3.1789723247338912,-0.8721699475399021,1.6270985001697404,-47.1096937062203,1635.72960566395,0.9718083324273522,1.0858362802216,0.39922269352227446,0.542460299709016,1446.72007706869,,21.0941977994582,False,False,1.0858362802216,False,False,False,False,False,False
874,reached,0.18918325100625788,-127.96451019589949,-0.00169850901920654,-0.00018916360238563357,-0.14370717801955024,0.3223524201193868,640.967996146531,1.0453404904563681,0.96870741299732,0.40610203707634057,0.7908775567798559,1537.97277370879,,29.1759827795915,True,True,0.96870741299732,True,True,False,False,True,True
875,reached,124.02378643433994,20173.2961206708,0.8977895121587949,2.0355474474480957,3.4030283625159106,-51.1472350216458,2031.47417084767,1.0236025261546617,0.9368550519094733,0.37296367095245775,0.536508835752556,1446.72007706869,,21.0941977994816,True,False,0.9368550519094733,True,True,False,False,False,False
876,reached,9.118267377842317,-199.90321438319734,-0.021607691865199286,-0.24038488123019874,11.49654292693217,-27.445673419894604,482.578212471068,1.0259482789207515,0.9205453910191866,0.7294676930165722,0.8821360151955521,1680.0,,28.9474347048884,True,False,0.9205453910191866,True,True,False,False,False,False
877,reached,269.45105726069426,22576.952488807998,2.4168033417781913,-0.4217712986848028,4.2758573641321895,-55.55738709621829,2357.019286722,1.0891920649045912,0.7412787628427733,0.3414100806189806,0.50124097758236,1446.72007706869,,21.0941977995748,True,False,0.7412787628427733,True,True,False,False,False,False
878,reached,25.410777455608507,-1214.3760559369002,-0.10189904060089816,-0.5744328573044868,12.91060815904857,-45.454426642928695,741.057527895629,1.0006831286815885,0.9595620730665334,0.9205091500707777,0.939859304338696,1560.0,,22.3202330693284,True,False,0.9595620730665334,True,True,False,False,False,False
879,reached,356.2432024519334,21968.7789448404,2.6472298547861044,-5.2807401924175394,4.172890231631729,-58.50566597112629,2282.97605044253,1.0062414707279606,0.9990659801492466,0.3274971703611967,0.53572763111308,1446.72007706869,,21.0941977995159,True,False,0.9990659801492466,True,True,False,False,False,False
880,reached,0.14138198120512846,-121.57591902249987,-0.0012577004891056731,0.0004745906360881236,-1.0285283844843995,1.3822931642221192,364.844119019285,0.966928135940905,1.0900320285550467,0.49013082543457503,0.9436690824560839,1513.47626338592,,34.1911163324791,False,False,1.0900320285550467,False,False,False,False,False,False
881,reached,0.3237115170248654,-226.22952737840023,-0.0029073207296050896,-0.00018983821229312525,-0.19295438572440027,0.6621075765070259,419.009211006378,1.0547187012477897,0.8331899983520533,0.7319173669871166,1.010410134159884,1579.14730129922,,26.8658862856703,False,True,1.010410134159884,False,True,False,False,False,False
882,reached,0.09740141035787311,-32.56126740680338,-0.0008749866062061074,7.465096388159509e-06,-0.10279241154460017,0.4192333189263877,412.779938012814,0.979038319266231,1.1845669880961067,0.2686389142562261,0.54239609137456,1622.19217467987,,29.0116102677431,False,True,1.1845669880961067,False,False,False,False,False,False
883,reached,0.022985058111934277,21.122876772500604,0.00020622172461060018,2.9857068398086994e-05,0.0775579293333486,-0.07945680857730508,1066.47320367295,0.9866068215444831,1.1200388797548133,0.8535865749118723,0.732008948564536,1528.83534986633,,15.5019619412426,False,True,1.1200388797548133,False,False,False,False,False,False
884,reached,28.230782800113683,-28.80857714619924,-0.08351978628169832,-0.7274598209301075,6.84123901829623,-35.31122158814088,760.929207556895,1.0651486956869767,0.9888799562672267,0.8502979888725166,0.8042196898224161,1600.0,,21.7089049330653,True,False,0.9888799562672267,True,True,False,False,False,False
885,reached,0.0687694448327895,-23.51931309630163,-0.0006177346271982742,-2.2034651408375794e-05,-0.08542238384327128,0.24341087758239155,555.033420831156,0.9910580402574191,1.0905117914007534,0.20465368573929998,0.59423428645458,1603.28431989015,,33.0254024517161,False,True,1.0905117914007534,False,False,False,False,False,False
886,reached,200.01951457626743,16728.132371437896,-1.5196212425671973,-2.7620950504110624,1.74851442501752,-51.0146205136775,1646.43231996693,1.0204766177564986,0.7913017419168733,0.38328341485469336,0.52837601041474,1446.72007706869,,21.0941977995266,True,False,0.7913017419168733,True,True,False,False,False,False
887,reached,0.12800240751040468,-61.90302939319736,-0.0011498892982046982,-3.8354372975391016e-06,0.011833858381940843,0.08869984803408215,439.394622196943,0.9992328821112008,1.0573357887628667,0.365849879996835,0.698223831122028,1653.93094276656,,29.3309695386945,False,True,1.0573357887628667,False,False,False,False,False,False
888,reached,0.11662737601348606,-91.49738111690021,-0.0010407762558060085,0.00037586394509503407,-0.48273300712950906,0.680707115604406,527.159985668608,1.0241820628735192,0.9166158134909533,0.8587352276721499,1.037609045204488,1518.87824422191,,29.7653446481907,False,True,1.037609045204488,False,False,False,False,False,False
889,reached,17.51434992210792,-47.82116183840117,-0.054742943194199256,-0.4341407101532866,6.62306000655208,-36.40665237357348,618.967942425026,1.0782995687529593,0.9326750901643867,0.6372700393874555,0.937920245979852,1560.0,,26.3269420102828,True,False,0.937920245979852,True,True,False,False,False,False
890,reached,323.9007082034401,16357.204059762,-2.319477773656601,-4.683000096672316,2.2439327861655203,-52.80058187349,1699.46434651869,0.9851100437395575,1.0732754703622867,0.3962180934402328,0.539876238951172,1446.72007706869,,21.0941977994876,False,False,1.0732754703622867,False,False,False,False,False,False
891,reached,23.32852548779088,-777.3679899982999,-0.08095495249509099,-0.5731241582774942,8.07254887687066,-42.24171367893911,774.223776159742,1.0426281975377993,0.9977532282213266,0.6989037692890167,1.0173306801953361,1560.0,,25.7736047673012,False,False,1.0173306801953361,False,True,False,False,False,False
892,reached,0.03886471575052666,-15.868980238999939,-0.0003479261339123241,8.709439251219919e-05,-0.19039144555449994,0.43719632023129407,441.977891623415,1.0231724414811871,1.2384785510204401,0.29255508578767725,0.525462483472864,1713.29943806748,,26.8558311947827,False,True,1.2384785510204401,False,False,False,False,False,False
893,reached,0.03171155649368398,-52.44065342890099,-0.00027634706630408346,-0.0001927106187906702,-0.37384474013739855,0.4085385691284955,526.659713475485,1.009616367390677,0.89807672491066,0.5144694484080662,1.0156503351342638,1460.73321427246,,33.7851642696187,False,True,1.0156503351342638,False,True,False,False,False,False
894,reached,0.21898654690598113,-115.57869259389918,-0.0019671052145042722,-7.003454578580204e-05,-0.15006695132263026,0.27914907508028364,397.731590400709,1.0224192801256218,1.1185128224785332,0.4642773885891561,0.760881759809708,1726.21811548243,,30.4761238498592,False,True,1.1185128224785332,False,False,False,False,False,False
895,reached,1.4038682570411303,183.72073156999977,-0.0010160219363086753,-0.036983966998406004,1.0442520000971705,-2.1095894038194842,363.39310249921,1.0555152807262802,1.1009038087801932,0.36547906071562836,0.6276360408431281,1760.0,,28.2268153384059,False,False,1.1009038087801932,False,False,False,False,False,False
896,reached,1.0479477416900036,165.39782343959814,-0.0007347304019873491,-0.02620370679591133,1.17623878584223,-0.5727983638819865,411.947283033164,1.0629684517953621,1.2732932109887867,0.49309526844909496,0.66187427585046,1800.0,,25.6746227542808,False,False,1.2732932109887867,False,False,False,False,False,False
897,reached,0.20461456009212042,-132.0110852354992,-0.0018378612887062218,-9.04597594058032e-05,-0.05099016686039981,0.2087187047392831,441.108219626314,1.033015348634666,0.9525165454809601,0.5779610725164167,0.7675801664306919,1530.4949404197,,29.290249138785,True,True,0.9525165454809601,True,True,False,True,True,True
898,reached,15.093343436195287,224.96357174829973,-0.05960022913339458,-0.3700759917931009,8.97324892422327,-42.39170518920719,588.632666615406,1.0426824500955525,0.9809609136541932,0.7876607154174722,0.749699856281772,1640.0,,21.0440039021205,True,False,0.9809609136541932,True,True,False,False,False,False
899,reached,7.287447589678053,169.7623805990006,-0.008616729029512271,-0.18188013292621008,10.323564298768861,-12.398007932223777,407.18900595595,1.1394779050156154,0.9716096363553,0.4861710053645728,0.816201094771208,1840.0,,32.0689328836047,True,False,0.9716096363553,True,True,False,False,False,False
900,reached,0.07450211922297488,-75.51601324130024,-0.0006624227711995445,0.00026414794760398763,-0.5662085115994007,0.6757500937169993,475.628193129687,1.0171322736644188,0.9831738147392733,0.45338213697179336,1.016607341232792,1508.02022893603,,29.371526520501,False,True,1.016607341232792,False,True,False,False,False,False
901,reached,0.02574039814884026,-9.367614220300311,-0.0002309051921969285,3.780900340188964e-05,-0.09785191558959916,0.2008578483091128,601.147965396906,0.953126985770502,1.2689767333651933,0.4516031723196872,0.581506573022616,1675.52192304033,,24.2148849755601,False,True,1.2689767333651933,False,False,False,False,False,False
902,reached,0.010648446655607083,7.981960982298915,9.565569209257774e-05,2.0653843932905147e-06,0.00888885303077025,-0.026534335689007094,753.11503373431,0.9755598062948455,0.96378741810252,0.9679111046718333,0.677451888443252,1533.03231991613,,13.4580935618673,True,True,0.9679111046718333,True,True,True,True,True,True
903,reached,0.073539611371077,-20.266800651403173,-0.0006606082662017343,-1.7654856605986424e-05,-0.039584902671279565,0.1339693627654981,543.313960063333,1.067620640939246,1.0831390161611598,0.22631320667868554,0.5467702190858119,1654.72291125043,,29.6497223354162,False,True,1.0831390161611598,False,False,False,False,False,False
904,reached,0.09544081774883874,-36.46777903649854,-0.0008573116178069995,3.1550978292216314e-05,-0.16421274177900003,0.5166400672181055,407.217280425182,0.9918579095618019,1.0145524064399467,0.27264128580465113,0.9150175041436279,1621.69423204568,,30.2034103823955,False,True,1.0145524064399467,False,True,False,False,False,False
905,reached,27.375059421482607,-1443.1342735623002,-0.12249466586619917,-0.6410507106542127,10.88362039709693,-52.614445013314395,838.496273773714,1.0937980902231867,0.9408743579434533,1.0041612856241833,1.019031204706532,1600.0,,22.3818414801018,False,False,1.019031204706532,False,True,False,False,False,False
906,reached,0.12610009510421682,-57.47453858640074,-0.0011324476826075625,-9.466742139352391e-05,-0.11732666081269905,0.3624110286402811,499.093687177844,0.9847596025189228,1.0522800156025267,0.22927830032222335,0.611321907526552,1618.63193458345,,33.1347215166119,False,True,1.0522800156025267,False,False,False,False,False,False
907,reached,0.4067624847366742,-239.44581207570081,-0.003653525534588198,-0.0001912336782083912,-0.1463762487337501,0.9526073641782205,398.374293370296,1.0154570196943213,0.8591693869909799,0.8725659413258999,1.025985156788392,1550.23593615191,,28.662412359044,False,True,1.025985156788392,False,False,False,False,False,False
908,reached,0.009730110678836237,-0.21888247880269773,-8.740879648883038e-05,-4.887563136435347e-07,-0.0015152528444595248,0.02190753383149513,395.713606234809,1.0437138552539162,0.86257836468384,0.27832160254399835,1.01385111217946,1572.39174163414,,26.6091563971477,False,True,1.01385111217946,False,True,False,False,False,False
909,reached,0.12781094432619686,-91.25828566679775,-0.0011478294152027502,-7.69583220971981e-05,-0.05704338093259942,0.10093839031958396,603.533151771456,0.9828275133886746,1.0729494783593598,0.39384209536472775,0.829140884992556,1486.904609891,,31.8075802646484,False,True,1.0729494783593598,False,False,False,False,False,False
910,reached,19.077643254195173,-743.7498147140032,-0.07932256020190209,-0.4543529556808039,10.946614477417931,-45.5796700708614,663.602980132716,1.0266337007202293,0.98711108274062,0.9081958886264445,0.853170580875308,1560.0,,22.7020051991328,True,False,0.98711108274062,True,True,False,False,False,False
911,reached,91.03456924429348,16329.7293136513,-0.08444567091591182,2.237683504374388,2.47585140765156,-46.5521448752481,1682.75065765727,0.9778680310488411,1.0031252506772868,0.39563782252556,0.544625604248532,1446.72007706869,,21.0941977995448,False,False,1.0031252506772868,False,True,False,False,False,False
912,reached,66.81439711899101,-809.9366307208002,-0.41812872847418703,-1.2848914857510465,4.26908985267655,-73.4850711931677,1236.42130001966,1.0598902268866075,0.8090504373999466,0.9932594419726779,0.840541330485592,1560.0,,15.5346843294619,True,False,0.9932594419726779,True,True,False,False,False,False
913,reached,21.35457994517389,-126.66184864390016,-0.02745470789159299,-0.5575790667681986,4.05609665580327,-10.533351843259993,513.468044433718,1.0040777072530187,0.9502968682501066,0.5645152820773277,0.6909387160864681,1680.0,,18.8263373587484,True,False,0.9502968682501066,True,True,False,False,False,False
914,reached,0.07596330409623772,-49.77940902749833,-0.0006823308705037334,-3.023782539912645e-05,-0.019548948269799027,0.0896425489424928,508.293319802236,1.0281089009826792,1.0247377030481732,0.71388131742535,0.824725483460524,1611.17522634785,,24.4617008874697,False,True,1.0247377030481732,False,False,False,False,False,False
915,reached,0.5137873313621475,84.80710853369965,-0.00025518208819619304,-0.013673285324813378,0.27936916240212106,-0.06327649844649841,438.286628290197,0.9440021868834724,1.1274353525919467,0.488774727747465,0.718369418066968,1680.0,,24.7351195649415,False,True,1.1274353525919467,False,False,False,False,False,False
916,reached,0.23765243619256107,-90.39391345530021,-0.0021348618871996905,-4.35357628134625e-05,-0.02673220130760079,0.17214494469681085,329.67078750613,1.010504667434083,0.9805151280406801,0.44311460948043446,0.7323430544766001,1729.5885851683,,31.4176359933059,True,True,0.9805151280406801,True,True,False,True,True,True
917,reached,0.056849989788202764,-36.58112317279665,-0.0005106368908087688,-2.5912519504345255e-05,-0.02958795242869172,0.08081455537728743,518.570666234,1.0467109604115608,0.8469864065235,0.5603738410096277,1.031244739890016,1489.33179955475,,23.8774022353662,False,True,1.031244739890016,False,False,False,False,False,False
918,reached,0.08632810396411007,-65.24111315410119,-0.0007754912180075735,-1.791535439110703e-05,-0.34294913506650104,0.4070699646584899,596.831039642307,0.9894047132165686,1.0007851047201266,0.37746347083790666,0.882496881777536,1505.27398769192,,31.8764160072028,False,True,1.0007851047201266,False,True,False,False,False,False
919,reached,2.9279218726894656,48.42112929289942,-0.004680672526703233,-0.07354697839710411,7.95126684761737,-6.514508521370999,327.796256535854,1.02315263575727,0.98136290310408,0.6539346804684723,0.983775996217984,1720.0,,38.6195723447899,True,False,0.983775996217984,True,True,False,False,False,False
920,reached,0.08298020297244905,-20.443957012001192,-0.0007454222888867434,-1.4927466992276095e-05,-0.05267879998670999,0.16646372575269197,388.516413662123,1.150621993759125,1.1045651813618267,0.46076229627845056,0.55316325343844,1885.6237326325,,24.4355030653581,False,True,1.1045651813618267,False,False,False,False,False,False
921,reached,0.017842459025366277,-5.081309110100847,-0.00016020345459821783,1.4338158507598564e-05,0.008550485802098606,0.13286515199831683,334.267727895428,1.0270086027591863,1.0486876673649066,0.7970324037723501,0.902780103997468,1702.22395199372,,26.4234186918415,False,True,1.0486876673649066,False,False,False,False,False,False
922,reached,0.06890102808389025,-34.38487825919947,-0.0006188906116904036,-2.769606689412285e-05,-0.03174463608402078,0.06985370774418698,495.922801236993,1.0071641225759107,0.9217936812962733,0.5434684491814417,0.8193138692025119,1566.0174135369,,20.4173017393244,True,True,0.9217936812962733,True,True,False,True,True,True
923,reached,0.08039982302837145,-26.085663823800132,-0.0007170325038003966,0.0002460945441100648,-0.21538318018830083,0.6560799767891012,375.154448048616,1.127423390152665,1.2160704383949266,0.49074974883995504,0.651291731604972,1879.90043289873,,26.8946632111238,False,True,1.2160704383949266,False,False,False,False,False,False
924,reached,0.17844067377791897,-152.40420621480007,-0.0016025438722948593,-0.00011327985811249164,-0.12930592967719967,0.31357693225589856,404.751810205072,0.9891059651945125,1.0424751430502999,0.49524885143684394,0.93348381633244,1529.82624248232,,34.413048037391,False,True,1.0424751430502999,False,False,False,False,False,False
925,reached,0.12676741725754548,-38.48396309440068,-0.0011387820104005186,-1.6227468591978322e-05,-0.039595040237099255,0.2045758980204937,600.407951459356,0.9939581516000238,1.0409306329667467,0.4590178778098862,0.651349311661832,1667.37222609277,,24.619866606364,False,True,1.0409306329667467,False,False,False,False,False,False
926,reached,18.175192756014777,-490.04390240729845,-0.057178152958996975,-0.45232651050420714,11.583351678529317,-37.97179546828551,640.44134934849,0.9925191356392793,0.9269624274477133,0.8556357503492611,0.9988181555040241,1600.0,,27.4107992819459,True,False,0.9988181555040241,True,True,False,False,False,False
927,reached,43.494689865277174,-111.1925751566996,-0.2707712860600111,-0.8271396333690859,4.35480276004918,-72.5077974585745,968.826847878639,1.0409721294607652,0.9690079911455467,0.9404201472610667,0.8280239829551,1560.0,,16.0097724340067,True,False,0.9690079911455467,True,True,False,False,False,False
928,reached,0.33715950873653217,-201.85938999889913,-0.0030282033475117487,-0.00016109197559899258,-0.16411437045019994,0.5923344325306914,432.681297417596,0.9864233014370469,0.88158719307328,0.5928898746866779,0.9000812234499079,1458.82046107939,,31.8903599294097,True,True,0.9000812234499079,True,True,False,False,True,True
929,reached,12.70759639907049,140.80012467289998,-0.03336544872350089,-0.32373791488399206,9.99681330730913,-31.649648708396,571.400864890497,1.0249279987177502,0.9046178000237467,0.8364573177692056,1.011849752124056,1520.0,,28.4922421255131,False,False,1.011849752124056,False,True,False,False,False,False
930,reached,122.33080396768129,17114.9986300213,1.0546852830683093,-0.9049293885011878,2.0504790933591,-49.02231601550409,1787.47941823005,0.9983212347327667,0.9593860933968867,0.39011596713190666,0.5399547474190041,1446.72007706869,,21.0941977994918,True,False,0.9593860933968867,True,True,False,False,False,False
931,reached,3.266138260691573,151.02032120090007,-0.005145641919497734,-0.08730744563828807,8.86208214418457,-11.362540663311307,317.168670449476,1.0112197864519408,0.9642810001002333,0.6100443733615667,0.851037163949316,1680.0,,38.220612964739,True,False,0.9642810001002333,True,True,False,False,False,False
932,reached,0.07903889197837587,-67.66769351889889,-0.0007040463118102025,0.0002589697963060189,-0.4141116020070008,0.4677976339829968,540.128076028966,1.0004236929972055,0.95822636244706,0.598566577098839,1.0379866101192359,1477.50981388861,,29.7572268956867,False,True,1.0379866101192359,False,False,False,False,False,False
933,reached,0.029958725357245482,-11.473475996797788,-0.00026887351540949567,3.3844402310023725e-05,-0.15193263400341017,0.3940643317421859,459.311392644869,0.9829040924982627,1.0354676771813467,0.26896773350152997,0.551810724715136,1596.38724753541,,28.6553346329526,False,True,1.0354676771813467,False,False,False,False,False,False
934,reached,0.021893458907096035,-13.995043900999008,-0.00019667464140127322,2.3675038107739965e-06,-0.21295107213795994,0.3319800928657912,543.813461246059,0.9657268684923701,1.0650199164700533,0.30287151380501,0.630069614762936,1548.45473614578,,29.0135553366727,False,True,1.0650199164700533,False,False,False,False,False,False
935,reached,1093.8290324238199,31795.359161640503,9.395319389553492,11.47690896821831,5.964533063233109,-49.4662748055874,3474.69923146195,1.0800056218740994,0.9745980636393667,0.2765930164533545,0.39372819589452923,1446.72007706869,,21.0941977995503,True,False,0.9745980636393667,True,True,False,False,False,False
936,reached,0.08159363940953472,-71.00029431639996,-0.0007302369455999269,0.00018123567369343618,-0.8726911095899297,1.009471723307115,400.210448606732,1.014584277401093,1.0267202893872134,0.34302880806400665,0.8135839638885439,1590.70868754126,,37.8839493699902,False,True,1.0267202893872134,False,False,False,False,False,False
937,reached,32.78285510823093,-578.2638284079985,-0.20186301128200057,-0.657095732576181,5.48978558993682,-71.5095048350522,881.139972066079,1.0279843260365789,0.9272234656118733,0.9846378045849611,0.949113993691,1640.0,,17.3221551018876,True,False,0.9846378045849611,True,True,False,False,False,False
938,reached,3.0993603234461373,73.48692232089888,-0.00473830678789966,-0.08663723743990204,7.573766619878421,-7.795562387960786,329.705341100533,1.04289472975618,0.9044040079948933,0.7893776717881111,0.889135128871348,1720.0,,38.7399504979167,True,False,0.9044040079948933,True,True,False,False,False,False
939,reached,0.16466777945533267,-113.0851801475983,-0.0014628024721048405,0.0006784208352996757,-0.9516020818130304,1.5794932145727216,364.86069352707,1.04214176570678,1.0305880841325732,0.355863288068385,0.910725459046852,1634.82221588557,,36.1675007846034,False,True,1.0305880841325732,False,False,False,False,False,False
940,reached,0.06941707494731278,-13.361041983000177,-0.0006235944944990024,-5.2944326114356954e-06,-0.032458018139799094,0.15833015141788565,446.276863343542,0.9857774190851724,1.2269202902580933,0.5252381192106823,0.6410433012682281,1776.00264607191,,21.9113720536737,False,True,1.2269202902580933,False,False,False,False,False,False
941,reached,0.17843717506073006,-85.98965337530171,-0.0016026910888911061,8.394804279987511e-05,-0.34881018043307144,0.7545323147008958,386.20630097859,1.0025895859591436,0.93398075292542,0.5037537504845762,0.796142578774852,1582.88803344934,,28.268431164729,True,True,0.93398075292542,True,True,False,False,True,True
942,reached,789.1355286455446,27995.5312437395,6.974898783151403,4.567007200070208,5.7520809410302105,-53.90102295960449,3037.69533402862,1.0829150329474397,0.9354693383295399,0.26622966226953837,0.45850512068817195,1446.72007706869,,21.094197799487,True,False,0.9354693383295399,True,True,False,False,False,False
943,reached,5.563428344907812,-8.011945440302952,0.0015557539278887589,-0.13632777124161066,8.963143297939485,0.7207982618148208,346.332406001371,1.0761911324120408,0.9877558741579799,0.7117139660508278,1.061019989267508,1680.0,,32.1791479293025,False,False,1.061019989267508,False,False,False,False,False,False
944,reached,1.5484974423145892,140.79372010660154,-0.0016142815047999193,-0.03813808292480303,0.5640228593322103,-2.6991920517205017,435.680455045135,0.945570522547709,1.1894562112766867,0.39382188751663944,0.8186787466980681,1560.0,,32.4058140493304,False,True,1.1894562112766867,False,False,False,False,False,False
945,reached,0.03650121287593694,-9.93681725120041,-0.0003278467824117115,1.760833640673809e-05,-0.10538925776500108,0.3455904076857905,532.045681968044,1.037889239822932,0.8460525588519067,0.21012746986396777,0.8137725321008,1558.06597438297,,32.9116595237873,True,True,0.8460525588519067,True,True,False,False,True,True
946,reached,15.23417817468757,-302.86367135830005,-0.037543875871492105,-0.38506814126401423,9.08850487446604,-29.639843952932694,579.773302053985,1.0010152751115766,0.9392688633655734,0.5996543304821333,0.914181658463316,1600.0,,27.7677923441339,True,False,0.9392688633655734,True,True,False,False,False,False
947,reached,0.06750488416187835,-15.682036560701818,-0.0006064140911945515,-8.179318712109307e-06,-0.012863708833201315,0.05483285436451979,491.635380596258,1.0393621196919585,1.0683149358988466,0.4489025746049878,0.563159310289,1768.61651540291,,23.782296463079,False,True,1.0683149358988466,False,False,False,False,False,False
948,reached,0.18813890932567628,-75.1609838867007,-0.0009212021860918185,-0.003897129302600888,-0.371746145777351,0.2545488469739041,519.291533291567,0.9845380456443034,0.95554090771256,0.6616128953316778,0.9990668834152681,1440.0,,26.7829207764745,True,True,0.9990668834152681,True,True,False,False,True,True
949,reached,0.09633847681950831,-43.79589651259812,-0.000865432111396558,1.195367531181546e-05,-0.2015994057874,0.4297252866862209,479.499418973043,0.9778717014195449,0.9570317684743467,0.30981061857518943,0.668349227566944,1544.3461450781,,27.4300010371407,True,True,0.9570317684743467,True,True,False,False,True,True
950,reached,6.415405166001698,-30.26237667680107,-0.012080075596102802,-0.16373628320761213,12.698973801985069,-18.61697506324029,404.571237507585,0.9944676547026206,0.9895142310165199,0.6991931928210444,0.8390084163872039,1680.0,,34.4399699564101,True,False,0.9895142310165199,True,True,False,False,False,False
951,reached,0.036038436256756075,16.510881729700486,0.00032361799230784527,2.7494086594970213e-05,0.15181313859640966,-0.27514841135180745,815.6700079219,0.9999519649700421,0.99861995766996,0.9971849791505166,1.072991663533584,1488.68050367483,,15.6293897039534,False,True,1.072991663533584,False,False,False,False,False,False
952,reached,11.45591286918495,69.31760896999913,-0.033800360978702315,-0.2712888423824893,9.40851402481084,-34.051656027354795,529.27481689842,1.0341280527052412,0.9938785889092066,0.6568279792769722,0.854939786068764,1600.0,,26.6773199698105,True,False,0.9938785889092066,True,True,False,False,False,False
953,reached,0.27423073635378514,-116.96543037509764,-0.002463446909899858,-4.86604768923371e-05,-0.08612418446631942,0.6913222450291983,383.632777676237,1.0605862604256195,1.12584703376786,0.46770195541331716,0.685354559341084,1830.50476034695,,27.1942840894775,False,True,1.12584703376786,False,False,False,False,False,False
954,reached,0.2251209122669794,-168.17357105950214,-0.002022074791099726,-9.691232628483704e-05,-0.1332001114673993,0.36437610609459625,430.385025142447,0.9934286974507885,1.0695554064096067,0.6361091437061722,0.919383055634372,1533.80105602154,,27.4577202701863,False,True,1.0695554064096067,False,False,False,False,False,False
955,reached,2.211461852174595,106.95704715940155,-0.0030011172495960636,-0.056295430784700784,7.90332534625529,-4.65881336453981,270.086249988228,1.0488799001342577,0.9948894956737667,0.5212437028801317,0.8969206058867,1800.0,,38.1376441111679,True,False,0.9948894956737667,True,True,False,False,False,False
956,reached,0.01939548980742073,-10.864085120199888,-0.0001742304894918334,-4.5346708077431686e-06,-0.19201292744866905,0.363686677029591,482.78607963074,1.0232131645161333,1.05699607316954,0.2900295908139961,0.592808277669872,1631.89364538928,,28.8456491415799,False,True,1.05699607316954,False,False,False,False,False,False
957,reached,209.5020884033203,21155.615837875197,1.8521192736137948,-1.033020282880699,3.66374090580961,-50.60906211170919,2107.56905006302,1.0066526322965217,1.07204204926364,0.3638796895783789,0.551723274149692,1446.72007706869,,21.0941977994889,False,False,1.07204204926364,False,False,False,False,False,False
958,reached,35.90169675250185,-1505.676836078601,-0.21168183825099618,-0.7229535576859405,3.3619580893861896,-66.4835170122413,917.950956568826,1.1145683406368543,0.93163980125102,1.0067034601324667,0.943983362383768,1640.0,,16.884696278625,False,False,1.0067034601324667,False,True,False,False,False,False
959,reached,49.157025711042216,-43.04702802850079,-0.32508324146390066,-0.9298845733891881,2.7685507063787904,-75.90953320348909,1081.8470186852,1.0203951528505943,1.0053646212960532,0.957386072566689,0.835108385148972,1600.0,,15.8869509651735,False,False,1.0053646212960532,False,True,False,False,False,False
960,reached,4.530737072725411,164.9458946755003,-0.0060085478598068676,-0.11337951901521137,11.182459946155245,-8.148140499291515,342.990197828136,1.0059179343084057,1.0061532302724399,0.5520327349166761,0.8612761363154681,1640.0,,36.4799189496496,False,False,1.0061532302724399,False,True,False,False,False,False
961,reached,14.117574012946623,-878.2280753539999,-0.04228824941749565,-0.36735894608059994,14.40922376671004,-34.57409595284071,580.088459972232,1.0436846684337373,0.9834697266526933,0.8278781888603611,0.9240638071680201,1720.0,,26.1001712822771,True,False,0.9834697266526933,True,True,False,False,False,False
962,reached,28.558645593698213,-1414.8656231593013,-0.14711417003429972,-0.6147273499894084,8.67667130173097,-59.044970058004,847.041720265155,1.0258125686014004,0.9231646035363201,1.011354825869939,1.000229881435268,1560.0,,20.1661529436054,False,False,1.011354825869939,False,True,False,False,False,False
963,reached,0.1792799950940622,-103.46751699069864,-0.001610462116502731,-4.205254120392965e-05,-0.1337407012729006,0.4018243130811925,547.710321098526,1.0111704458048065,0.8706594364903266,0.47184805102336386,0.735358209983392,1544.79889650125,,23.9851691696468,True,True,0.8706594364903266,True,True,False,False,True,True
964,reached,0.136829661379263,-87.37241841930154,-0.0012285114299999123,-0.00010806200560864454,-0.12240401803570045,0.2702941105378045,609.897540314858,0.9919699609529739,0.8393528962058999,0.32769906607858723,0.8207706332723159,1418.38405346041,,27.4258806107847,True,True,0.8393528962058999,True,True,False,False,True,True
965,reached,0.04448699482035143,-24.922319591598352,-0.00039890513259877025,7.201329918871124e-05,-0.26181026009331987,0.48017525780068127,455.107875192126,0.9993285371741788,1.0489755080418401,0.36004070011391887,0.635908801364664,1596.36162591953,,26.0082852175619,False,True,1.0489755080418401,False,False,False,False,False,False
966,reached,16.99674056108052,-160.29339849969983,-0.060298179498389004,-0.38191938874729203,9.285836215916131,-40.9333505681081,658.95944295786,0.9940729585220854,1.00006790962792,0.6737955752705389,1.0135498785908559,1520.0,,27.8103698808887,False,False,1.0135498785908559,False,True,False,False,False,False
967,reached,0.18082471151936227,-146.08992340519762,-0.0015760026153941453,0.0011978075573892966,-1.1592804726032,1.6984582395168957,332.040659285515,1.0049276645278826,1.0415608008197066,0.6950609266742611,1.039998452116492,1555.49241636736,,32.4427885246922,False,False,1.0415608008197066,False,False,False,False,False,False
968,reached,1.6397531822994076,213.81760335750005,-0.0014529646214072045,-0.043718703931489244,0.4079010071820015,-2.2917478041691766,502.78430674496,1.016140430764061,0.8655283608363533,0.3208315585211039,0.711526774950976,1560.0,,29.5283212749931,True,True,0.8655283608363533,True,True,False,False,True,False
969,reached,0.15168634891253924,-116.13074464249803,-0.0013418151096971087,0.0007207906496944361,-0.7737141658807012,1.2043277486978923,399.987234793521,1.029693055317969,0.8961943228302933,0.543138481298084,1.001452211103764,1518.03492347052,,29.7602138242215,False,True,1.001452211103764,False,True,False,False,False,False
970,reached,0.11850497113505051,-35.07979829329997,-0.001064527884395261,-2.617305770513667e-05,-0.07530878027001897,0.22846280909459438,366.765146910519,0.9632532007311109,1.1960855471314467,0.5156030082068306,0.690871305965428,1765.61860455398,,24.7605488019601,False,True,1.1960855471314467,False,False,False,False,False,False
971,reached,2.562903402942957,-44.388721069699386,-0.004120206781109914,-0.06347217192319476,11.95906311363532,-5.37684489885811,272.458106171184,1.0350004359087415,0.97836448095076,0.6156112726559111,0.985647819151532,1640.0,,39.1509811219173,True,False,0.985647819151532,True,True,False,False,False,False
972,reached,23.898806321373435,-542.3973674394983,-0.0759015433007022,-0.5688275365176025,9.02682654694186,-39.58122677720689,715.758512692197,1.0426113412426243,0.9465892469271266,0.8766677233214277,0.9252438353925599,1560.0,,24.0661373864281,True,False,0.9465892469271266,True,True,False,False,False,False
973,reached,0.08277111828976894,-67.07323668800018,-0.0007296212955054671,0.00042148736719127555,-0.6255873282749,0.7599397272344959,398.631636054422,1.0612006358527095,0.82708722060404,0.5525861130831167,0.9902555046458961,1550.92561147818,,30.7759715278919,True,True,0.9902555046458961,True,True,False,False,True,True
974,reached,0.27698965271671594,-206.04515652720147,-0.002487612470005729,-0.0001886949042955166,-0.2175576274727007,0.5678313170324145,397.766259550509,1.0516547847670565,0.8354827435990734,0.5117143778217094,1.015408653120512,1575.57638264997,,33.31440245316,False,True,1.015408653120512,False,True,False,False,False,False
975,reached,0.07170497896925723,-30.029215810202004,-0.0006441497931888307,-2.7288737101116567e-06,0.10656789441259917,-0.18516071555899316,425.822824863102,0.9699041037219044,1.0787004453199467,0.23779152892348557,0.5858133313481,1611.68112445011,,34.1212054116918,False,True,1.0787004453199467,False,False,False,False,False,False
976,reached,0.14576178728433742,-76.86140605880064,-0.001284981498798743,0.0006746281351865946,-0.5342421079441007,1.2155076365893933,338.623275422659,1.0001966343483586,0.9143235548104267,0.5778208860860777,0.877782040171792,1599.4258947047,,30.0275705012545,True,True,0.9143235548104267,True,True,False,False,True,True
977,reached,1.4821559108011526,233.5552380010995,-0.0006328387787988277,-0.04427424608820729,0.10125880366454965,-2.6444577901932007,656.564469207212,1.0064162858486472,1.0276455642891666,0.5072364220498862,0.8604874042811639,1600.0,,23.5744680120964,False,True,1.0276455642891666,False,False,False,False,False,False
978,reached,413.8139903480404,21219.2400009908,3.6418693230749994,-2.2342064594851934,3.8737823734005996,-57.557893704661396,2136.67252345639,0.9429911751514306,1.2435673744077933,0.32906720526192945,0.56080427181002,1446.72007706869,,21.0941977995146,False,False,1.2435673744077933,False,False,False,False,False,False
979,reached,0.03637010665515873,-39.44211660130168,-0.0003264547153918329,3.868442820476048e-05,-0.28387718657192984,0.3008058247561962,604.638557220043,1.0181077133746952,0.8585411731259867,0.7777337727023222,1.045855339967164,1462.23611021979,,26.8110446658819,False,True,1.045855339967164,False,False,False,False,False,False
980,reached,38.837503507230934,-1179.4594086653015,-0.12724788017709443,-0.9974937680034657,8.61506703685379,-39.9274724681174,916.169353265545,0.9940682575592049,1.0943058598078268,0.6670730733195112,0.705212357471776,1640.0,,20.1896126880802,False,False,1.0943058598078268,False,False,False,False,False,False
981,reached,404.7357658835011,14228.098036208,-3.5835227897960067,-1.7306324181026582,1.908985180056419,-47.43770208067721,1444.22344443787,0.9512631069173237,1.14730413940014,0.4052287314548411,0.535899842986292,1446.72007706869,,21.0941977994798,False,False,1.14730413940014,False,False,False,False,False,False
982,reached,19.252908747529816,-90.3304015147005,-0.0852624074390036,-0.4293556636995959,9.49733636395264,-50.28153559584641,657.970066190936,1.0008104219258407,0.9790135842630866,0.788236689967811,0.8375082857523839,1560.0,,22.096672927613,True,False,0.9790135842630866,True,True,False,False,False,False
983,reached,10.420236013735176,-350.48035390899895,-0.02584015461829381,-0.24612604215400324,11.78232867276953,-29.194327667538204,506.476252295003,1.0032330390368673,0.8466372229015933,0.7307848323980334,1.0158009509344441,1480.0,,27.5486497064717,False,False,1.0158009509344441,False,True,False,False,False,False
984,reached,0.023908785605516562,-11.952208425802382,-0.00021470342549889665,1.7975556602323195e-05,-0.1945629171806207,0.3663650904906035,506.474774762653,1.027624388293311,1.1063698780348334,0.26190183679748386,0.591324043649328,1591.26957459209,,30.0936036425866,False,True,1.1063698780348334,False,False,False,False,False,False
985,reached,0.05891547592632674,-17.279376708800555,-0.0005291734630077372,-2.795138360056626e-05,-0.06226689945299846,0.15268351692080273,585.540913355695,0.9767272255938071,1.0474076689419534,0.31886054186362944,0.5957204497945441,1577.19233345192,,26.6943626284345,False,True,1.0474076689419534,False,False,False,False,False,False
986,reached,0.024965754787622543,22.14569742579988,0.00022362788830321279,-4.97685566074324e-05,0.005460264380269919,-0.058655526790801105,1010.03664092701,0.9631561837189395,1.1579035228043266,0.6426064851632389,0.721493732736624,1510.69220200812,,19.0543720127006,False,True,1.1579035228043266,False,False,False,False,False,False
987,reached,0.2195095699497022,-175.37378495150188,-0.001971688788600545,-8.821006429116096e-05,-0.21216241059732077,0.46663025525049306,411.020248063283,1.0184058227850161,0.9089627380507665,0.5240958634279661,0.984544989028916,1533.36986831679,,31.8406282370369,True,True,0.984544989028916,True,True,False,False,True,True
988,reached,43.264731380406,185.79243022559967,-0.22191484482280543,-0.8849229032261121,4.9858502679487495,-60.36036486391771,984.145272762136,1.0305372305156502,0.9449546225611,0.8254176650101833,1.021019944399568,1480.0,,14.5319724027498,False,False,1.021019944399568,False,False,False,False,False,False
989,reached,284.4106419827514,19303.582126693997,-2.545702417442101,0.6593770638930891,2.9932156933962997,-49.5103353896437,1844.68159997507,0.9983098049185837,0.95887326649396,0.3872331397401511,0.5430919914435439,1446.72007706869,,21.0941977995316,True,False,0.95887326649396,True,True,False,False,False,False
990,reached,0.5562647868487234,-277.44559632739765,-0.004995885667099742,-0.00030780443938738244,-0.0813518736250014,0.5263519669505001,469.777270098665,0.9244392840563191,1.1632466913474666,0.6778783508242556,1.01229009560604,1495.7661788197,,27.2904064594568,False,True,1.1632466913474666,False,False,False,False,False,False
991,reached,0.043386133883448724,-21.484776706602133,-0.00038919075819876525,5.8019727191549464e-05,-0.26107382775860977,0.47500800616720085,507.254330158921,0.932597127535281,1.1111134726869,0.25207671128521114,0.598571551840112,1586.93870178083,,30.9198226423061,False,True,1.1111134726869,False,False,False,False,False,False
992,reached,328.1948613694523,18977.7748098767,-2.851703389047401,-2.1192676968458954,2.4267033079402296,-52.526312704687,1964.46388382068,1.0103279729475645,0.9695847401929333,0.37903548991696556,0.54119709112442,1446.72007706869,,21.0941977995057,True,False,0.9695847401929333,True,True,False,False,False,False
993,reached,1.4615921989374137,98.24345707559769,-0.002499993997105321,-0.03898450822160271,4.080890787176569,-1.3094593790212912,297.933354266205,1.0383630439581506,0.8909224536241801,0.5221904976663934,0.7953134936414721,1680.0,,33.3447781105323,True,False,0.8909224536241801,True,True,False,False,False,False
994,reached,0.020854359646030003,1.4400470994005445,-0.00018677962600577303,-4.063081360072829e-05,-0.08108551452565926,0.0684944423751972,561.948274090363,0.9895673829987317,0.9766804401036133,0.37621410638103886,0.626692289410368,1586.33219361901,,24.8587199755223,True,True,0.9766804401036133,True,True,False,True,True,True
995,reached,0.3543740623471034,-187.01315008489837,-0.003183099479102225,-0.00015289191171063976,-0.06992017419280039,0.6601746200299203,344.295455012132,1.1224126116550188,1.0278504795584333,0.5248289553850206,0.8436213524499321,1862.27890124049,,31.5812135040316,False,True,1.0278504795584333,False,False,False,False,False,False
996,reached,0.007529444231326397,-0.4951967252018221,-6.7638746898524e-05,-9.659300985731534e-07,-0.0018204817653000305,0.022124694891402896,429.607267764765,1.0545045670263213,0.8908237242163466,0.36222218304560166,0.964734691684396,1565.93902219797,,22.4767031391694,True,True,0.964734691684396,True,True,True,True,True,True
997,reached,0.015680844802559178,5.783485009000287,-0.00014076893140213542,1.503201110608643e-05,-0.009119160455600905,-0.014715231062723433,1015.51049761339,1.0114922573699776,0.9676549840280001,0.5694777406576611,0.8319068669875721,1493.90447127815,,22.2314367158843,True,True,0.9676549840280001,True,True,True,True,True,True
998,reached,0.036318959857478475,25.57953634200021,0.0003262565864901035,7.041443495836575e-06,0.0571469621464189,-0.13817564332669008,931.09365219742,1.0130212117206554,0.9748225612587467,0.6333948716428889,0.751415614628904,1542.00105555713,,19.8012292823462,True,True,0.9748225612587467,True,True,False,True,True,True
999,reached,21.587724832934374,-170.85049154060107,-0.048556067863501085,-0.5515990356300051,10.5272147043278,-26.154800696713608,728.235398228877,1.0156528920475927,1.00735244729062,0.5445736698791644,1.008877937056668,1640.0,,33.542281360524,False,False,1.008877937056668,False,True,False,False,False,False
1000,reached,0.07320109124183295,-28.54166514929966,-0.000657546034503298,-2.1322091299680324e-05,-0.04112189062137084,0.12035904347030169,417.118154250158,0.9864636268209335,1.1349316093237534,0.27806070682603107,0.572895530855568,1606.28119769592,,30.1198948403568,False,True,1.1349316093237534,False,False,False,False,False,False
