id,outcome,d_km,dh_m,dlat_deg,dlon_deg,dfpa_deg,dpsi_deg,V_f_mps,J_ratio,max_Qdot,max_qbar,max_n,tf_s,alpha_std_deg,terminal_aoa_deg,vista_pathOK,vista_terminalOK,max_ratio,feasible,feasible_marg,success_rel_0p1pct,success_rel_1pct,success_vista_mc,success_pos_1km
0,reached,0.01641016604269987,-4.161544173999573,0.00012701569440309868,-0.0002187813115881454,-0.09708017123050006,0.04548442921489482,644.043502569193,0.997531592194813,0.98648218461584,0.5544187750290399,1.0133519052100761,1497.49157536653,,28.0479618758853,False,True,1.0133519052100761,False,True,False,False,False,False
1,reached,38.15220983183849,-312.7787769148017,-0.20279784229720121,-0.8039459656191923,1.2506005304839203,-60.1963850551805,853.043439376961,0.9666778730840986,0.9560178401702667,0.5582099521417611,0.9931004226392719,1600.0,,14.719487414232,True,False,0.9931004226392719,True,True,False,False,False,False
2,reached,23.03123077961039,-844.3379298168984,-0.08409396092379495,-0.551596689834696,5.99199660449835,-42.34572563473358,669.850231839906,1.1469426026709764,1.0231591964049933,0.6496277518805111,0.739386676554388,1680.0,,21.4010833357457,False,False,1.0231591964049933,False,False,False,False,False,False
3,reached,11.060745391977678,-687.0243201796002,-0.03193251159379429,-0.27489517238930716,12.0771070478507,-32.5373754090181,478.124165728549,1.0681744556102177,0.9546656314139866,0.7995498891357944,0.981415445053876,1720.0,,27.3543232610026,True,False,0.981415445053876,True,True,False,False,False,False
4,reached,0.0533704591584993,-17.747412061300565,-0.0004769003539024652,0.000144241172506554,-0.13339568643250033,0.4592484822175038,368.462885280378,1.3447505994632623,1.0124178541945599,0.5692171631182389,0.68566300134234,1715.27313746376,,23.4261314298589,False,True,1.0124178541945599,False,True,False,False,False,False
5,reached,0.1943083937961118,-92.29225965590012,-0.0017446808654995039,-0.00016005124399498527,-0.09015643308259946,0.3626420293438173,396.197549361209,1.5935490529848144,1.26276419325626,0.7499259189621722,0.9230148646579959,1619.88692699977,,30.7274788600763,False,True,1.26276419325626,False,False,False,False,False,False
6,reached,0.2621507432800971,-124.48908887619837,-0.0023547841395981095,-9.120739809986844e-05,-0.09107689153059972,0.5289621508017035,344.574333156799,1.095623568362359,1.0509999823204468,0.5709849442789834,0.811658058198576,1700.45414187899,,30.9098863373838,False,True,1.0509999823204468,False,False,False,False,False,False
7,reached,0.05747445830335472,-39.430855340298876,-0.0005160939985984214,4.395679499680227e-05,-0.2174143796018999,0.2994817506240963,581.997851258754,1.1807412613786687,1.14380514012896,0.6244510185757722,1.0050818278790241,1543.17795628794,,26.3857620138069,False,True,1.14380514012896,False,False,False,False,False,False
8,reached,0.12269828873269838,-62.03637901230104,-0.00110212518090691,-4.674794638503954e-05,-0.032872282194400526,0.10607141058099501,521.836169826001,1.1158135181000306,1.0122133520477534,0.45041830542120387,0.6676772888674279,1609.14244555051,,25.3481041376498,False,True,1.0122133520477534,False,True,False,False,False,False
9,reached,50.78432990135253,-813.1721189003001,-0.4055243725205031,-0.6052226560348117,-0.6834630876599004,-96.97043608984723,782.567551901347,1.3883065320002907,1.0032511308173866,0.6388397301583778,1.049211727889568,2000.0,,11.6483456146522,False,False,1.049211727889568,False,False,False,False,False,False
10,reached,0.11670122226231636,-50.71989553700041,-0.0010482736041979024,-4.10083100916836e-05,-0.10583216533609985,0.21190722285319907,431.040993614201,1.3624609410683244,1.0700274718090668,0.5856344821845778,0.68758695972152,1645.23869397936,,27.1055067930089,False,True,1.0700274718090668,False,False,False,False,False,False
11,reached,0.10479665038448374,-55.03851732430121,-0.000865571188100489,-0.001082443609988104,-0.3363630392139001,0.5004835194955035,518.279755206673,1.0588536217220554,1.0357858608936066,0.43889878391962167,1.003858985139156,1520.0,,27.6452135393618,False,True,1.0357858608936066,False,False,False,False,False,False
12,reached,0.034491418619835644,-3.379457036000531,-0.00030984685760415687,-2.8028852909756097e-06,-0.0019549261938998086,0.018300390146407608,623.755662492281,1.281947571989909,1.11962906566436,0.6767679882923111,0.966778591174904,1766.11413179515,,28.4056682911917,False,True,1.11962906566436,False,False,False,False,False,False
13,reached,1.2189789347550097,107.96123906499997,-0.0017347331160948443,-0.031611536270702345,3.2509154848696102,-1.6865581722308036,272.274478874895,1.0021131964806076,0.8481694811124867,0.3924735384394561,0.870592371293912,1760.0,,33.2294391610137,True,False,0.870592371293912,True,True,False,False,False,False
14,reached,0.37889743289903904,-147.22405210420038,-0.003403703288796578,6.0723994408817816e-05,-0.2044341483598,0.8466719545396018,403.206066320732,1.129142927910552,1.04582831262068,0.5917118616646667,0.8369468861281559,1674.49599491963,,33.5881737039066,False,True,1.04582831262068,False,False,False,False,False,False
15,reached,1.7543774911951238,183.58816245940034,-0.0018118051472981733,-0.04577218769199476,2.5255863000147,-1.7486173728617018,395.753313932018,1.3365949031291438,1.1303499610577668,0.6708215543508,0.826011926664504,1680.0,,30.3704216834009,False,False,1.1303499610577668,False,False,False,False,False,False
16,reached,25.416550827487296,-2284.1359771518,-0.20891995225180438,-0.2679862689141146,1.6889114115613104,-117.42983542361989,627.716000108496,1.7562755134206245,1.0077346956218267,0.9129777649038,1.018599051005692,2680.0,,16.9615498712848,False,False,1.018599051005692,False,True,False,False,False,False
17,reached,0.11230790599563178,-62.81016295219888,-0.0010086811203962043,-6.154664990276615e-05,-0.15099299617880035,0.3821332890881024,382.514390909501,1.4408736527121462,1.03690299575804,0.5563012172561611,0.761012977714092,1657.34635374906,,27.6597359585109,False,True,1.03690299575804,False,False,False,False,False,False
18,reached,0.24062567874476992,-113.15208531539975,-0.0021615213997989713,-6.147841560277811e-05,0.013423863067140829,0.20543262335300483,377.580534617812,1.1148439434553505,1.0260638809240534,0.7496074021304389,0.7145908614463761,1654.81582488653,,28.351252325492,False,True,1.0260638809240534,False,False,False,False,False,False
19,reached,29.447990071696047,-608.2078127823988,-0.042467595072494646,-0.7626649335265938,12.63626762540007,-16.527722383010797,844.139029713171,1.2840053427932814,1.08612434328356,0.6239586390186167,0.886846711907352,1600.0,,28.1573456837925,False,False,1.08612434328356,False,False,False,False,False,False
20,reached,0.18951338035891624,-85.48488668449863,-0.0017024391891027335,2.6996270491963514e-05,-0.1613405749652994,0.6508849507898162,381.19566890666,1.4240370899791734,1.0681761365209,0.6326736820709278,0.8134523364877919,1671.58000677058,,27.3514543010798,False,True,1.0681761365209,False,False,False,False,False,False
21,reached,21.39546417882711,-159.05357008610008,-0.07425928057610065,-0.5174075465056944,6.1976351210352,-37.922107589130405,635.516745288903,0.9758748082923908,0.9151748667798466,0.4928781122659083,0.664478160773688,1680.0,,21.0263290986925,True,False,0.9151748667798466,True,True,False,False,False,False
22,reached,0.08601290756148387,-69.23710981479962,-0.0007604594794941022,0.0004002600059038741,-0.6060635671632006,0.8854668883071213,373.757494493246,1.2346665211491148,0.9951473671037733,0.5511922588267378,0.823723347596504,1709.73418007685,,29.1546202728943,True,True,0.9951473671037733,True,True,False,False,True,True
23,reached,16.686817850879276,-3045.3673792304,-0.08594725266820546,-0.3583570224363086,2.88403270289861,-38.58336711614419,583.472040297313,1.127947896323777,0.9982945175348,0.8324377780781833,0.7725618349426,1720.0,,17.9738601993311,True,False,0.9982945175348,True,True,False,False,False,False
24,reached,0.3077323155425066,-89.57911913279895,-0.002106960427695981,-0.00523243807120366,-0.18970218325680044,1.614356610005899,279.319335649534,1.1547209889308558,0.9900325156047467,0.62138150563385,0.8431772110988479,1720.0,,38.9509960394458,True,True,0.9900325156047467,True,True,False,False,True,True
25,reached,0.22346400659177226,-116.02788165209859,-0.0020056847136942224,-0.00024639008049121003,-0.033824589829100304,0.3366057736849939,535.334474798968,1.4637077415872337,1.1444133648881267,0.724804935630239,0.751212221049348,1627.90885314667,,24.6891029249926,False,True,1.1444133648881267,False,False,False,False,False,False
26,reached,0.14258516484314052,-86.27555425190076,-0.0012805062663971967,-9.188151770445074e-05,-0.14956320464430028,0.3574766128434135,554.559682708447,1.1085565240900916,1.06421719850716,0.37779309355558,0.618953274789396,1580.35742962887,,27.9234387583045,False,True,1.06421719850716,False,False,False,False,False,False
27,reached,0.11869937676163503,-99.4769839961009,-0.0010662943151942272,-2.057980560721262e-05,-0.12628067601229986,0.6635515205222191,297.595514392221,1.4584564668487852,1.0120903126235465,0.5348349002524634,0.704923997033664,1700.58118664933,,29.8002485262777,False,True,1.0120903126235465,False,True,False,False,False,False
28,reached,0.05511127658262319,-23.364509353399626,-0.0004950487575001716,-1.7186488889819884e-05,0.007305632792579786,0.015420612272407652,496.071118379728,1.0613790006573658,1.08029358918202,0.33409776557455445,0.63106805905396,1567.68434401155,,30.0112490911676,False,True,1.08029358918202,False,False,False,False,False,False
29,reached,0.18820766130484384,-82.56693630760128,-0.001690713397096033,-2.4699693796037536e-05,-0.04807623092299984,0.21241690834688143,447.81487271345,1.0936497076577893,0.9738590673192934,0.5850582872031056,0.783121757538308,1735.2750035207,,22.7831499839099,True,True,0.9738590673192934,True,True,False,True,True,True
30,reached,0.06104844799196993,-40.389114938698185,-0.0005410472867026783,0.00026202531640251436,-0.47384682061050043,0.5827060389393068,424.100024135327,1.0205200902828704,0.9282451786518867,0.6037242934831388,0.872692385487308,1632.14800349296,,28.069775239822,True,True,0.9282451786518867,True,True,False,False,True,True
31,reached,0.21476367498999385,-92.10612234010114,-0.0019288764564038274,0.00011767730109113472,-0.31796009368079936,0.7258654117549099,457.769669236563,1.2939650028056027,1.0004960025341598,0.4152369262621283,1.04539239300932,1742.67048560959,,29.1292895741116,False,True,1.04539239300932,False,False,False,False,False,False
32,reached,0.10226649238410944,-61.670702123999945,-0.0009186704467936124,-1.9743335599287093e-05,-0.2294404776502006,0.4139792246776892,540.857140272666,1.0094554580468154,1.0149258571738267,0.3549484854401161,0.740711122378892,1549.10881426213,,27.1853098411587,False,True,1.0149258571738267,False,True,False,False,False,False
33,reached,92.23273270115541,-1426.7057343675006,-0.6425433479491005,-1.5065171443887948,1.9929113357674808,-51.59605667319869,904.322760404631,1.571740241419084,1.3185510626589467,0.8237622932259222,0.536714715151664,1560.0,,14.2438314879807,False,False,1.3185510626589467,False,False,False,False,False,False
34,reached,16.887540668115026,-665.4946153136007,-0.043359460227193836,-0.42461745952599017,10.317779950071888,-31.90727412165009,559.486021591474,1.0980903964683724,0.9860106781487733,0.6300094121163777,0.897482201537288,1680.0,,26.9739388118033,True,False,0.9860106781487733,True,True,False,False,False,False
35,reached,310.8460584879966,-201.87289792110096,-2.5188443000596976,-3.3305626464027966,3.91378744851012,-66.648125522622,820.970470502495,1.6218697650534255,1.53923550749758,1.0504755198226667,0.598670257472404,1520.0,,15.1018696771008,False,False,1.53923550749758,False,False,False,False,False,False
36,reached,0.22827283059205677,-139.63252248890058,-0.002050585947699801,4.876222709526701e-05,-0.2851025905347999,0.9573592257580117,287.477346317943,1.0957707246336823,0.9199934972566735,0.4826673883879261,0.759389791194624,1742.04504502882,,33.1940051574603,True,True,0.9199934972566735,True,True,False,False,True,True
37,reached,0.18084316581678359,-68.27818717529954,-0.0016015256886987572,0.0007972887738958434,-0.6027629531845999,2.0937513173296054,237.775281358647,0.9650448958611612,0.8562173857174,0.4103128574718889,0.865148472118468,1755.02101923163,,37.9842230693895,True,True,0.865148472118468,True,True,False,False,True,True
38,reached,0.11481992571106407,-45.21324749659834,-0.0010314459845943702,-1.9295284090503628e-05,-0.030183261051000443,0.09766960516290624,556.664409355354,1.37388361437452,1.0333370734783933,0.39654876989505444,1.030820527898176,1772.07836736018,,27.3617935213646,False,True,1.0333370734783933,False,False,False,False,False,False
39,reached,0.9953010860747711,87.57053652960167,-0.0015147758401070632,-0.025763294500194434,1.5040967635619804,-0.38815157541421286,381.075916441162,1.4853086234869868,1.1562416661221466,0.6822854313180723,0.8251492860062439,1640.0,,32.4111134140031,False,False,1.1562416661221466,False,False,False,False,False,False
40,reached,0.15990561077056367,-69.39381392770156,-0.0014364265965980394,-3.864093750394204e-05,-0.06759515000119976,0.21027455825449692,320.88565661485,1.178856159092803,1.0659895701340265,0.45930278349866055,0.86641191373692,1728.77921456317,,28.9010913566086,False,True,1.0659895701340265,False,False,False,False,False,False
41,reached,0.2637670177742803,-157.967548299599,-0.002369061598699318,-0.00013481593060760133,-0.2684229448866997,0.7669186312783154,356.948913248749,1.1004265671203144,1.0275751335248866,0.5336424033376866,1.001263506267096,1702.60831006755,,31.7069761648071,False,True,1.0275751335248866,False,False,False,False,False,False
42,reached,0.16892657476178924,-99.58332535440059,-0.0015170088204996546,-0.0001158058013857044,-0.11539229639799942,0.27756791706678996,596.057675616436,1.0936281049482584,1.1449420552115133,0.47616605425414055,0.754432368590956,1577.63560768675,,29.143561315148,False,True,1.1449420552115133,False,False,False,False,False,False
43,reached,0.25444982670989474,-104.26750049740076,-0.0022747787864005886,0.0006557860396014803,-0.5830677072457,1.5774721065748167,256.530949600812,1.047496334450532,0.9380916051578733,0.5390641715964566,0.808542946371908,1745.84907438996,,33.289504137116,True,True,0.9380916051578733,True,True,False,False,True,True
44,reached,68.5164390983418,-4130.035291379299,-0.4971768371296008,-1.0485184731998913,-5.7377636834565,-41.69464846617501,647.09488229456,1.6132540585755997,1.3493879816093066,1.0865472776198888,0.59920382229434,1600.0,,12.6238463075817,False,False,1.3493879816093066,False,False,False,False,False,False
45,reached,0.21898097142047027,-146.02333314250063,-0.0019033873648055533,0.00145280483511101,-1.8000306020864993,3.741288715244906,201.161478981213,0.9178474197536027,0.8668713991573066,0.5114098354013505,0.9136776849685999,1669.87330505614,,38.9626423297618,True,False,0.9136776849685999,True,True,False,False,False,True
46,reached,6.918465927128482,200.57519302979927,-0.011905889925301949,-0.17830107715960253,9.412386383222557,-17.967980318586996,440.61525031386,0.9914752907417118,0.9548202973380533,0.5814015312336112,0.8058122188961241,1680.0,,34.1327493907574,True,False,0.9548202973380533,True,True,False,False,False,False
47,reached,0.1603969506226446,-76.66466488130027,-0.0014409003449031843,-4.780779107704802e-06,-0.08248454374779968,0.2815761022247045,497.182631333449,1.149960754057491,1.0342064917958067,0.7787517846784167,0.764544079643144,1619.75316866804,,21.1723083029876,False,True,1.0342064917958067,False,False,False,False,False,False
48,reached,33.61118595535852,146.38500787410157,-0.17106382772159634,-0.7245061338265089,5.85623161438319,-55.782610572394105,714.468474296943,1.0769258382841427,0.9833575363183601,0.5876561953167111,0.846224736676468,1680.0,,17.6838685963834,True,False,0.9833575363183601,True,True,False,False,False,False
49,reached,0.8408455122718935,57.46733290050179,-0.0015956497264966174,-0.021586053161598784,1.3667662365264395,-0.20306034682340623,357.988059926639,1.185327998215451,1.0748080576279533,0.6250459244443389,0.8138741728596839,1680.0,,32.2477361618383,False,False,1.0748080576279533,False,False,False,False,False,False
50,reached,17.757470967681023,-332.78314138580026,-0.05775760842270472,-0.43416475668391286,10.114040252141919,-36.720229788483294,659.922668603127,0.9209870935078786,0.94113931382304,0.6355428488267888,0.8230611770073921,1600.0,,24.7796998694269,True,False,0.94113931382304,True,True,False,False,False,False
51,reached,26.647977858497985,-334.0371235907005,-0.12280558006570175,-0.5990489396274938,5.242188971255,-49.24910421347181,666.53840959327,1.0552103066949747,0.9660185309680733,0.5589851636350556,0.786492930196548,1680.0,,16.6646063331457,True,False,0.9660185309680733,True,True,False,False,False,False
52,reached,0.05999776632879188,-36.990485125199484,-0.0005388590466992582,-3.3477261609959896e-05,-0.15092168857569987,0.17911888757890893,518.195196748682,0.9320627901561527,0.8696103948256266,0.3784787170766228,1.043970404662748,1563.19263235371,,22.4417539390795,False,True,1.043970404662748,False,False,False,False,False,False
53,reached,12.945917955696034,97.97245241420023,-0.020232428367094712,-0.3346844926878987,13.25463875082982,-16.73840745046681,525.824025734146,1.1570653876237345,1.1060040820454067,1.018484675598028,1.039809495838244,1560.0,,30.9294036168395,False,False,1.1060040820454067,False,False,False,False,False,False
54,reached,48.22264315845143,-1982.4378363731994,0.06389090861550528,-1.2546886765186116,3.40791528285279,14.585652472622996,740.806297440954,1.4022773759693796,1.04391085531136,0.7948168859353945,0.8010433404775761,2000.0,,15.2163283094198,False,False,1.04391085531136,False,False,False,False,False,False
55,reached,5.449069976702054,170.31981341079882,-0.00794279960109634,-0.14119927069680216,9.72695692693555,-11.321304074732694,409.381202025353,0.9585985405780421,0.9854122607273333,0.6052615821297223,1.0303140160989481,1600.0,,37.0895108553488,False,False,1.0303140160989481,False,False,False,False,False,False
56,reached,0.25865601712215897,-148.40975020829865,-0.002323016330294081,-0.00015179215969851612,-0.10791242681940005,0.4726669734039035,373.782110067178,1.3980306406601202,1.1246571176333533,0.7610966214531444,0.927069812769108,1658.69572305349,,31.8223852264208,False,True,1.1246571176333533,False,False,False,False,False,False
57,reached,21.36800537024463,-432.01803765070144,-0.06488735953179514,-0.5273864646107995,9.399469736203162,-37.7474374449788,678.459639019425,1.0556046210623669,1.00313035383576,0.8527910797471612,0.9614537607664481,1560.0,,27.6021013504723,False,False,1.00313035383576,False,True,False,False,False,False
58,reached,7.6850351403672255,-161.24710409339968,-0.01626912195240493,-0.1960903710750017,8.10206463276843,-18.640286039098612,546.503672776972,1.600884888563542,1.2114829706666868,0.8537501322587944,0.8685021133798401,1600.0,,31.0786548549561,False,False,1.2114829706666868,False,False,False,False,False,False
59,reached,43.900306185978415,-689.0385530236999,-0.22903928019279363,-0.9335721486046111,2.10905404962544,-45.44175742402808,938.42808380197,1.597810989469713,1.2244984499556602,1.06918107794135,0.616655685738096,1600.0,,14.298874290744,False,False,1.2244984499556602,False,False,False,False,False,False
60,reached,423.16982758570214,-697.7320094770002,-3.513158553667907,-3.9308161378314708,-0.22013391007429917,-66.9937430356712,726.577619874408,1.609130656849915,1.6758403769833468,0.9530430088783445,0.572787997792304,1480.0,,12.3170099858524,False,False,1.6758403769833468,False,False,False,False,False,False
61,reached,0.4350697531123239,-199.5098187438998,-0.003907431130699024,0.00025203689679642594,-0.21953589971679932,0.882408817197188,372.447520420419,1.2669523640761708,1.0018709570055133,0.5631150995036167,1.008745336740972,1861.71526526738,,27.5412868710254,False,True,1.008745336740972,False,True,False,False,False,False
62,reached,0.07961867132121322,-46.085479024801316,-0.0007004878801950554,0.00042256032278942257,-0.30849985291830073,0.5230313339392865,488.759572727398,1.0980563911402481,0.97055985544668,0.4904824119226433,0.9446804065326321,1679.7576558043,,24.3574660137541,True,True,0.97055985544668,True,True,False,False,True,True
63,reached,21.100196083970072,-293.83655835870013,-0.0836003034252002,-0.49640096634769293,6.3010225649303795,-48.33525132700859,611.413442034757,0.9605137895717906,0.85001549048362,0.69373737252255,0.997598255586368,1560.0,,19.7856357056204,True,False,0.997598255586368,True,True,False,False,False,False
64,reached,0.215365422486441,-186.33386321270154,-0.0019342142701930243,-0.00012701084361310677,-0.392398438611,0.7637877373489061,416.572841017724,0.9682562738044945,0.9485380731564533,0.5414180552057383,1.021923704515824,1540.49151887077,,30.1123419306498,False,True,1.021923704515824,False,False,False,False,False,False
65,reached,25.750613223695332,-947.9285901262992,-0.08697447329259944,-0.6254281237717123,4.65147692174921,-40.619808182032386,677.813801312629,0.9179829871808901,0.9915015714512267,0.5052008114291255,0.798632723439248,1680.0,,18.7429685128633,True,False,0.9915015714512267,True,True,False,False,False,False
66,reached,0.16556211940104362,-81.71215242709877,-0.0014872021444034544,-5.0329836710716336e-05,-0.05065597507529951,0.22744061662299941,481.91894211126,0.9967040921133993,0.9449988195625466,0.7641135319021389,0.9459355895547439,1575.9538972449,,22.8896367962182,True,True,0.9459355895547439,True,True,False,True,True,True
67,reached,5.52544393452388,199.8800213020004,-0.011408394073797012,-0.14120500547869597,6.80520330337888,-22.771761344531512,396.073838570175,0.8772682767823934,0.8311926613567601,0.43941911941317613,0.7814406529006279,1680.0,,32.650235692973,True,False,0.8311926613567601,True,True,False,False,False,False
68,reached,22.899187341824984,140.42747586309997,-0.14975963205360188,-0.4108700047040088,-1.7234216476214002,-74.6839340169198,576.568609721901,1.0756686539214104,0.9613179153363334,0.5663516329799556,1.019515736987316,1800.0,,14.6137974935008,False,False,1.019515736987316,False,True,False,False,False,False
69,reached,0.24576086493170393,-125.41596012749869,-0.0021931129633969704,0.0007421521009121079,-0.9472022629361998,2.2215314830554007,274.646623234073,1.057211062386883,0.9489380057421867,0.4854029701457161,0.98634999435592,1718.24029843448,,39.0917162841639,True,True,0.98634999435592,True,True,False,False,True,True
70,reached,0.008148462529595675,8.681580262298667,7.17313404976494e-05,-4.2663744210358345e-05,-0.018029569400200174,-0.002957432995685849,926.100143849001,1.020952695126002,1.0654196466536068,0.6091125769600277,0.7769185964265,1505.99624770035,,20.7593976863981,False,True,1.0654196466536068,False,False,False,False,False,False
71,reached,0.21411914611139435,-104.84839098709926,-0.001923289179003973,-8.450077550037349e-05,-0.17654903553109946,0.5738812072735016,322.247866821016,1.1192252475856765,0.9340944514868733,0.5116737709467672,0.9221825517047559,1738.9503492575,,29.3466253138629,True,True,0.9340944514868733,True,True,False,False,True,True
72,reached,0.2627955274104403,-148.64366298820096,-0.0023605318632036187,-0.00010069192569517327,-0.01663172829720061,0.39903113351948605,414.228706280559,1.0201514783495562,0.9265017881829133,0.5282515383664783,0.95829251460866,1659.35371644252,,22.3428771412747,True,True,0.95829251460866,True,True,False,True,True,True
73,reached,3.3571487169924996,222.67750225399868,-0.003948061750705278,-0.08741023761538713,7.48873074299748,-7.196473437930081,335.952495020505,1.0201902097454798,0.9301540557503,0.5261827531951923,0.9281305250593921,1720.0,,36.0348988011213,True,False,0.9301540557503,True,True,False,False,False,False
74,reached,0.03515913864779068,-22.02920034249837,-0.000311134108798683,0.0001589286181058469,-0.1928226565726998,0.2548033554439826,525.059113813188,1.1800403208210672,1.05663950516796,0.8073301240079,0.99987622935508,1594.79696742861,,22.8545514765831,False,True,1.05663950516796,False,False,False,False,False,False
75,reached,26.494648918934285,-409.53451733009933,-0.1725923584620972,-0.4772223236556954,-1.7113776901798001,-74.6148097544372,619.54204157663,1.0885566785108391,0.98122485295502,0.5304836120353977,0.9956076802116239,1800.0,,13.829039235401,True,False,0.9956076802116239,True,True,False,False,False,False
76,reached,63.01733444377892,-227.45146499849943,-0.21810572552530516,-1.5195262394942972,7.245525625445071,-38.23545418901739,1225.86826228212,1.2818309928362162,1.2121832929496268,0.8245194056989389,0.607486213818704,1560.0,,17.1138993002236,False,False,1.2121832929496268,False,False,False,False,False,False
77,reached,0.02529119315366174,19.536089535798965,0.00022685712519887602,-3.645675670327364e-05,0.019155528430610858,-0.060058093358179576,1080.49001591265,1.2690735176280117,1.2894531989465667,0.9213662441165777,0.9279566725405999,1475.20013485678,,18.9181691349716,False,True,1.2894531989465667,False,False,False,False,False,False
78,reached,0.5655231639455569,74.32489587739838,-0.0005512525524977718,-0.014765876418891821,0.05606534504573979,-0.4504563418710177,427.448148241443,1.0555138676792102,1.0415103990366934,0.4009555546264861,0.5909433470296,1640.0,,25.6404045768422,False,True,1.0415103990366934,False,False,False,False,False,False
79,reached,18.646943866065374,-451.7107931551982,-0.08825235608620119,-0.4154111841770032,7.64710775026751,-51.60596967303849,624.086018064615,1.0694661677902475,0.9825519327827801,0.7153458997158278,0.791719400572364,1640.0,,21.5094027293848,True,False,0.9825519327827801,True,True,False,False,False,False
80,reached,0.11738841466708165,-64.56643545719999,-0.0010385154381964412,0.0005354646507100824,-0.5664471177348993,1.1045510353463044,337.617434397962,1.0338015351617544,0.9420112158953466,0.5371484600457511,0.8761169339794639,1714.79820424999,,31.5200733724192,True,True,0.9420112158953466,True,True,False,False,True,True
81,reached,34.888434637801836,-114.37233905210087,-0.15620657546890016,-0.7914857668320963,5.68643187883453,-48.53821655251309,748.15462134919,1.067142344140364,0.9847046493505532,0.5449068999994284,0.798365802096832,1680.0,,15.9001171757541,True,False,0.9847046493505532,True,True,False,False,False,False
82,reached,0.05640731777908581,-28.874492856699362,-0.0005053902492022644,0.00010752087518994813,-0.19507981778169992,0.37250844605350153,544.250692621819,1.0457400961911303,1.03369598451924,0.34803640955435333,0.570831592824956,1598.20659312241,,26.0902290520352,False,True,1.03369598451924,False,False,False,False,False,False
83,reached,2.4245400964451997,140.37593091739836,-0.00316035851939489,-0.06300314834800247,7.0491766097615205,-5.2307733063206,295.518391245176,0.9806205621841618,0.9050577602424866,0.458013619821395,0.942335396944412,1720.0,,37.204047548992,True,False,0.942335396944412,True,True,False,False,False,False
84,reached,4.62653377176309,235.85278218520034,-0.006375978938606863,-0.12006164741859493,8.450421735363161,-12.603078885134494,366.192940827567,1.018173307954743,0.9099226587742001,0.5118053376397818,0.889786581705932,1720.0,,35.2212535542679,True,False,0.9099226587742001,True,True,False,False,False,False
85,reached,5.850114229028895,7.080277554701752,-0.010558753187595471,-0.15048516530811185,11.38344129506034,-17.055059773961005,403.196180833265,0.9717868495783727,0.9673336580199067,0.6755948537251223,0.934215811521584,1640.0,,35.8497232663977,True,False,0.9673336580199067,True,True,False,False,False,False
86,reached,0.08227809116059727,-51.42285707030169,-0.000737588110894194,0.00013962862351490912,-0.3939957502748008,0.570739469837207,444.559178483013,1.4269785239835888,1.0270953114842534,0.5601710297220056,0.9826936290714199,1594.53651319174,,34.1925083036269,False,True,1.0270953114842534,False,False,False,False,False,False
87,reached,18.752658114791572,247.2077208674018,-0.05272053742309879,-0.467218422562496,9.215271505616805,-31.195924412745796,770.827946792299,1.201344083237772,1.0203468480335467,0.7359270844969333,1.01883196826922,1560.0,,23.4685741095258,False,False,1.0203468480335467,False,False,False,False,False,False
88,reached,38.649445962322346,-1836.3948432524012,-0.19789190088189912,-0.8301960505017121,3.5639856485241896,-56.6948717298135,813.664229992703,1.0778924940671548,0.9944845193060133,0.6713720177503611,0.70463240350056,1680.0,,14.4206723489559,True,False,0.9944845193060133,True,True,False,False,False,False
89,reached,2.177350765025319,174.13660988300035,-0.0025709576570989157,-0.05668964525520437,4.96892352439683,-2.367865165660703,334.238329881289,1.1124485012150338,0.94722570601662,0.4636745517714411,0.8959963949154041,1720.0,,35.0355909206897,True,False,0.94722570601662,True,True,False,False,False,False
90,reached,0.3000586799162845,-109.4539655847002,-0.0026672882023035527,0.0011378108401061127,-0.9127851447988,2.408056769142206,245.743301197506,0.9318238681638339,0.8937901948391866,0.5006092923513333,0.819563607599808,1711.8704481146,,38.8497362542245,True,True,0.8937901948391866,True,True,False,False,True,True
91,reached,0.2082553392217636,-95.47655190340083,-0.001870551162198808,9.438606610956413e-05,-0.19674817818460077,0.4953290650410054,459.955132272788,1.0305928987136295,0.97879606211154,0.7127818567615278,0.982630356035652,1585.10370175746,,24.0398382040254,True,True,0.982630356035652,True,True,False,False,True,True
92,reached,0.2838754266189807,-175.10769266909847,-0.002546496853796043,-0.0003989921017080178,-0.08732231054360007,0.43609066732659585,410.006736391004,1.4125852957779215,1.0656864233228733,0.63807243814165,1.004477719342116,1621.17997892935,,35.8515674442734,False,True,1.0656864233228733,False,False,False,False,False,False
93,reached,0.13398819574351603,-55.43390731979889,-0.0012034889306988816,5.972662029307685e-05,-0.17496236604920057,0.384772051161292,475.479000711012,1.1960725116903577,1.01258452079136,0.5408747139112011,0.796577531287588,1740.49875531787,,21.394128319989,False,True,1.01258452079136,False,True,False,False,False,False
94,reached,0.5621620624413909,-15.027315903498675,-0.002005902622599365,-0.01355010975970572,0.8188739195131092,0.6691670093100015,305.099936865407,1.1460982207785042,0.9694632907181201,0.48990667482487826,0.933748487141656,1720.0,,35.8726736040867,True,True,0.9694632907181201,True,True,False,False,True,True
95,reached,22.067294089554764,-488.92361790499854,-0.10465670899540669,-0.4910248305502023,5.33222943967892,-51.92600793161898,643.26704752561,0.9384022413349693,0.9207476310655932,0.49554629915074444,0.802074300066612,1680.0,,19.3389840450349,True,False,0.9207476310655932,True,True,False,False,False,False
96,reached,0.03767981647203861,-26.46594234459917,-0.00033499687070559503,0.00014182997401235298,-0.3264841602226003,0.45482911784000635,420.575264877685,0.9920753621555105,0.85011193215846,0.45002985267953166,1.024423723423036,1670.95426114985,,22.5171820683229,False,True,1.024423723423036,False,False,False,False,False,False
97,reached,37.34766840821721,-2837.4990915646995,-0.32119169392770175,-0.28132974342190664,-2.4847186426337,-117.6704184855361,725.423738843581,1.4630900371436235,1.01434694295586,0.761656875941289,1.0226594752832399,2280.0,,13.0010361561982,False,False,1.0226594752832399,False,False,False,False,False,False
98,reached,1.1399471542881143,-78.04771298540072,-0.003496472988402388,-0.0281396688677944,4.57911008397356,-1.4973736239122104,242.350575549654,1.134315891658746,0.9911692002914866,0.7194914489040722,1.00415406584128,1760.0,,39.253916540298,False,False,1.00415406584128,False,True,False,False,False,False
99,reached,16.303104804301228,-2352.7660983390997,-0.07804813655829435,-0.3616636540992033,11.42089050897251,-57.0841839560467,566.631824824704,1.1635200182466876,0.9996402696683933,0.6670615329036611,0.9932247557873319,1800.0,,24.3100072259855,True,False,0.9996402696683933,True,True,False,False,False,False
100,reached,0.05417755411377291,-46.60052060060116,-0.0004757631723038003,0.0002999126672875718,-0.4329335596543,0.4207885302956811,477.936829235811,1.206949297379232,1.0778993210980268,0.89397540860735,1.042452516356732,1550.78776338618,,28.9671333268491,False,True,1.0778993210980268,False,False,False,False,False,False
101,reached,0.24330461381601814,-144.12126792129857,-0.0021848675554991814,-0.0001752306627906819,-0.20195785268230004,0.6256233525049879,374.040788710328,1.1328396412046027,1.0106043563609732,0.504050348217271,1.005618661287632,1621.85337904651,,31.7438629770159,False,True,1.0106043563609732,False,True,False,False,False,False
102,reached,12.142133326702409,-476.05332380349864,-0.04532216428660263,-0.2897719250844091,8.06066008643805,-41.6151764442852,503.580080181329,1.0112474676353498,0.97810430943758,0.5906862411818777,0.833475466263376,1720.0,,23.2062779447684,True,False,0.97810430943758,True,True,False,False,False,False
103,reached,0.2651012090342599,-165.38867218230007,-0.0023812573400050496,-9.853492170464051e-05,-0.040969120608899345,0.22089655687540244,449.456460798952,1.1767573376632092,1.1143868406795265,0.817140124828239,1.020114062982268,1570.64099477229,,30.6845175089315,False,True,1.1143868406795265,False,False,False,False,False,False
104,reached,0.14740769545168508,-71.2082661948989,-0.0013241929697045407,-2.197576890239361e-05,-0.013942707985300729,0.11394800733179977,448.97525092644,1.2131932777318606,1.0060552629425867,0.7154158925664167,0.924342411925552,1731.37265725594,,23.7327666727785,False,True,1.0060552629425867,False,True,False,False,False,False
105,reached,0.04081285892148732,-3.6336379749991465,-0.00036663288840088626,-4.43395208549191e-06,-0.01033473277160013,0.0727140151627168,570.070390616075,1.0653949065282777,1.0330701469966332,0.35971941285699166,0.82333986942614,1655.84968954035,,26.5269441101808,False,True,1.0330701469966332,False,False,False,False,False,False
106,reached,31.93365393498656,-532.7154525984006,-0.1556340279782944,-0.7019788138028957,3.46417273002933,-53.74538249347481,775.2053671139,1.1386190549021817,1.02646515271364,0.7555784595411889,0.708499403597188,1640.0,,16.4226368669231,False,False,1.02646515271364,False,False,False,False,False,False
107,reached,0.05298071610350205,-6.164714687500236,-0.0004759156847029544,-1.5203942894004285e-05,0.009795374972719983,0.03731704350090581,653.440235590847,1.3806323994062804,1.13553594412792,1.01904646522055,1.009062570810632,1831.73916737356,,24.1552371735488,False,True,1.13553594412792,False,False,False,False,False,False
108,reached,0.06365574913560254,-29.725427809200482,-0.0005626855707987488,0.00029799134509289615,-0.37811959938860085,0.5976363232047106,435.28057696569,1.198264418620924,1.0084832109028867,0.3145678037639339,1.027781513361084,1837.33923548485,,27.1145424718354,False,True,1.027781513361084,False,False,False,False,False,False
109,reached,0.029191916796405856,-16.11952731010024,-0.00026221151840388757,1.151292758549971e-05,-0.19388589393149935,0.33201268201128187,563.224731493659,0.9308734923146061,0.9654577086362199,0.25022184271785386,0.6341411349526,1553.23012227225,,29.2299037403158,True,True,0.9654577086362199,True,True,False,False,True,True
110,reached,82.64477980678716,-68.3160689612996,-0.2795109447443025,-1.9977511773844014,5.49056715125983,-36.71306010136189,1373.80315821131,1.3255607115023933,1.1755042446214734,0.8496662484314166,0.723230764970928,1520.0,,15.3622082725068,False,False,1.1755042446214734,False,False,False,False,False,False
111,reached,10.722521806473193,212.7110417522017,-0.020366631296695914,-0.275131455867097,12.304978482473551,-20.7691234215701,442.139483827351,1.1730254683655055,1.0022488984736533,0.7539850461599278,0.830519946283272,1760.0,,28.5829480621079,False,False,1.0022488984736533,False,True,False,False,False,False
112,reached,4.593632680251045,-116.75433227229951,-0.006787767451697846,-0.11899151670320407,15.30537659667824,-10.339779119911697,327.581794866807,0.9608878527551725,0.8932681159679,0.4644777751004933,0.9474642683523321,1720.0,,38.0187677906811,True,False,0.9474642683523321,True,True,False,False,False,False
113,reached,21.01167198494579,242.74449645360073,-0.037386923878898415,-0.5404664974780076,10.138722762807873,-21.693292541886905,713.449436391975,1.0800868776703603,1.0825006612972332,0.6207324195978056,0.9250728061055881,1640.0,,31.2712875206677,False,False,1.0825006612972332,False,False,False,False,False,False
114,reached,84.57632326495425,-2874.8632659381,-0.6241265308324984,-1.2483220156927075,-4.390497175199799,-45.773924230116194,707.715454389824,1.5526178901647871,1.51096698913328,0.8969370740400778,0.5975644525188241,1560.0,,12.8820341600423,False,False,1.51096698913328,False,False,False,False,False,False
115,reached,0.12324627969125539,-67.30288826120159,-0.0010809963276017243,0.0006996144140885008,-0.6969537959482999,1.1567319610184938,367.911860291193,1.20385483495778,1.002288691488,0.7402082229356001,1.021033650310116,1797.77958518882,,30.3248526001311,False,True,1.021033650310116,False,False,False,False,False,False
116,reached,0.15476302707650064,-111.20705409999937,-0.0013899322918007329,-9.21743526021146e-05,-0.11034309547009968,0.4339122974905081,332.337309696381,1.5367601642430713,1.1005419986516733,0.560866084224589,0.8497696860883879,1616.82005696169,,32.8483718101552,False,True,1.1005419986516733,False,False,False,False,False,False
117,reached,10.512244839601367,-648.8321288517,-0.035282656006302204,-0.2558985383971901,7.87195402693741,-31.437977990893103,532.601895168325,1.0500579474582676,0.9306962908426799,0.6031400866090888,0.7680254204253399,1720.0,,23.3189490821583,True,False,0.9306962908426799,True,True,False,False,False,False
118,reached,9.223356693911104,156.15199676810153,-0.025344140945904314,-0.23050531666331153,8.07220444382463,-30.651704913135404,493.172245352577,1.0518703170213515,1.00646199910866,0.6919824868009222,0.751501261334532,1680.0,,25.1896478535167,False,False,1.00646199910866,False,True,False,False,False,False
119,reached,0.11128947494865529,-55.324656049699115,-0.0009996907268998712,-3.2318428196731475e-05,-0.03765202973099946,0.09665511306729968,460.429063475443,1.033181113152238,0.9432388377871066,0.4990156431589333,0.8833520092719841,1687.29313843943,,23.1261293675262,True,True,0.9432388377871066,True,True,False,True,True,True
120,reached,41.71011325455947,-704.1866477830008,-0.251523764434495,-0.8071793661054869,3.7797801944896303,-65.697920339554,785.290458579546,1.0298503701134523,0.9517746679993799,0.59494821493715,0.8120142195478041,1680.0,,14.3917277972996,True,False,0.9517746679993799,True,True,False,False,False,False
121,reached,15.22725585144065,-894.0607706652991,-0.03659534569129619,-0.385037156827309,13.10488811376242,-30.468767734764185,529.068325192963,1.0146137316769799,0.9262935245315267,0.5063617468562722,0.969830936209088,1680.0,,28.8629840807647,True,False,0.969830936209088,True,True,False,False,False,False
122,reached,3463.9818361320395,-11177.0896373596,-30.464621287323403,-12.077884389942142,-10.2099835800806,-170.84423716770522,700.974713495254,1.2162855772274728,4.129869719326874,6.981847903593444,5.7659171266688,680.0,,23.2618262719774,False,False,6.981847903593444,False,False,False,False,False,False
123,reached,0.04254200868832808,-29.275190541498887,-0.0003798683617048937,0.00012243655490351557,-0.3007492580088993,0.4160396982618977,464.383575419134,0.9621540005371503,0.8949361989511133,0.3549445730844361,1.03853257501062,1552.2824593378,,24.6163660297445,False,True,1.03853257501062,False,False,False,False,False,False
124,reached,0.09417028080655326,-38.26843657900099,-0.0008457438573969966,-5.644793949954874e-05,-0.08426423903540048,0.26088357394650075,587.85280304276,1.3074352368768805,1.2653705459129598,0.4845299927069295,0.571857038406752,1589.90227934072,,25.6722461107495,False,True,1.2653705459129598,False,False,False,False,False,False
125,reached,0.1693922337031838,-79.28486947339843,-0.001521573193898007,-5.94403209106531e-05,-0.03597510460619979,0.0943568416928997,455.734451011362,1.423863439841173,1.0785587728792199,0.5888185044124,0.7972555276092199,1607.59801092879,,33.5742078647331,False,True,1.0785587728792199,False,False,False,False,False,False
126,reached,62.582025589251536,-1127.864289933801,0.090202818175797,-1.62602454389571,4.41556833677589,14.834690093991014,785.064182536494,1.4431839987901947,1.0612691455714733,0.7764920655321167,0.85001598971176,2000.0,,15.1441218913074,False,False,1.0612691455714733,False,False,False,False,False,False
127,reached,0.06527357211496738,-45.16574342179956,-0.0005817614194967291,0.00021464036359475358,-0.3389655488167005,0.4974520839425054,497.290082741023,0.9339654713866695,0.87993463566188,0.36684797150611276,0.985386983920516,1559.45463467847,,25.2875242205312,True,True,0.985386983920516,True,True,False,False,True,True
128,reached,46.91470709506749,-935.7165443673985,-0.27542171989010455,-0.9266202394128129,2.37092611343847,-65.7065158196033,795.945124476701,1.274382834910606,1.0067994700467067,0.6857226685080944,0.917932904743104,1760.0,,13.745354997042,False,False,1.0067994700467067,False,True,False,False,False,False
129,reached,0.6054766887610897,36.92728223840095,-0.001012033459602435,-0.015625093428894843,0.26682137528124983,-0.5554565695231872,463.008732580619,1.053499113283825,0.9823463815488866,0.6371132308002057,0.913528056022208,1680.0,,27.2709210562819,True,True,0.9823463815488866,True,True,False,False,True,True
130,reached,0.02645536094311438,-0.7092201179002586,-0.00023765247129858835,4.589657692122273e-06,-0.003923094497899626,0.11882132441348858,484.436634562633,1.137457910416539,1.0762551522641932,0.7594263873033722,0.797836501814864,1714.55941587242,,26.6479730104292,False,True,1.0762551522641932,False,False,False,False,False,False
131,reached,19.35826287682142,-953.3478357755012,-0.06595829637089423,-0.4697226604554885,5.8404099321856,-41.3182517450758,611.812078109166,1.147607397335143,1.0030733609830267,0.7276617553428277,0.881789520049004,1720.0,,24.4408249661212,False,False,1.0030733609830267,False,True,False,False,False,False
132,reached,9.685577993452174,-678.9865930406013,-0.031021757278494988,-0.23750205577530892,9.23043770293915,-38.010929988501914,469.414547235908,1.155944682156953,1.0105923003214798,0.5843721456992278,0.99151584053526,1800.0,,28.7594036353542,False,False,1.0105923003214798,False,True,False,False,False,False
133,reached,13.885546834403318,-707.5383846777986,-0.02984336660129827,-0.35386717755579866,15.12770530574107,-24.790772035848903,491.684815999542,1.036682111451085,0.9643910324766133,0.6645834596190611,0.909487035365656,1680.0,,25.0377070810179,True,False,0.9643910324766133,True,True,False,False,False,False
134,reached,2.6530260584027703,26.99486903290017,-0.00454503683769758,-0.06839688614078909,8.87435777249915,-6.871634100032793,293.487835659539,1.0808574550091492,0.98214507555632,0.6128236944299666,0.872850265486876,1680.0,,39.0851923207752,True,False,0.98214507555632,True,True,False,False,False,False
135,reached,0.056164035896489335,-27.351973511300457,-0.0005045024762040384,-1.8218571909756065e-05,-0.012862815785400272,0.05866656863079811,527.028370821252,0.9745732342310646,0.9033449437551666,0.48531575739300115,1.004889532138288,1570.98566519592,,20.9960527299658,False,True,1.004889532138288,False,True,False,False,False,False
136,reached,0.14271725007094405,-74.316420654799,-0.0012818533871978843,-7.022641980825028e-05,-0.12396348203830065,0.3366824406805904,499.757004751058,1.0540318575359695,1.0522357165514267,0.35664571298341113,0.640500382934424,1578.47166997282,,29.0759103545559,False,True,1.0522357165514267,False,False,False,False,False,False
137,reached,24.78574609353169,-315.16856363039915,-0.20261126081909708,-0.268667043427115,0.09300065164189064,-117.8771703976459,608.097737721467,1.9713375550426822,1.0170074674958534,0.7272570163364611,1.052710668115224,2840.0,,22.3243689073567,False,False,1.052710668115224,False,False,False,False,False,False
138,reached,0.24666809746806234,-110.22286659200108,-0.0022130454328959104,0.0003290121634904608,-0.4142491305349001,1.075445537724704,328.743134821146,1.0345777537791487,0.8986326556247266,0.3408610158973061,1.003207359623644,1829.49926958379,,27.0766999177956,False,True,1.003207359623644,False,True,False,False,False,False
139,reached,0.08176287040495589,-40.269111246798275,-0.0007344295332956108,-3.060738458771084e-05,-0.026958639881199176,0.07244034642809538,554.453676706148,1.099681036414354,1.0487842273135533,0.4116344555654345,0.57681375991742,1607.82915261049,,24.5285786192474,False,True,1.0487842273135533,False,False,False,False,False,False
140,reached,0.027132155592216472,-1.545012376300292,-0.00024310005589711636,5.1507580593579405e-05,-0.0012700792794007043,0.11559131924150279,521.653091120203,1.1479674123213266,1.0222781678316066,0.4739500397014028,0.7941464306243,1759.88093077256,,26.460826904052,False,True,1.0222781678316066,False,False,False,False,False,False
141,reached,0.19046562617817622,-82.02783084660041,-0.0016796799953056052,0.0009530487770916807,-0.7455000466115003,2.2870553937511033,230.482500795102,1.1240267921922982,0.9603593955390799,0.5300646864927838,0.8812359690106801,1755.23049060044,,38.3178222088373,True,True,0.9603593955390799,True,True,False,False,True,True
142,reached,0.02082012612323618,18.624078645400004,0.00018702837719786203,4.385846807508642e-06,0.006222658300089279,-0.03516103207570609,1476.39052574035,0.9371327163415024,0.9115387338143466,0.9836896646241833,1.0108652244383278,1439.04131593572,,13.4874215659652,False,True,1.0108652244383278,False,True,False,False,False,False
143,reached,17.303831696196486,-1283.6577255045995,-0.048659245144293095,-0.4311515019549006,10.944055971788423,-26.796805069706608,696.39968298425,1.340777879340076,1.1416468038300267,0.8973793688514,0.8005134836726799,1640.0,,23.4890903608751,False,False,1.1416468038300267,False,False,False,False,False,False
144,reached,0.2536113321990881,-160.94982074670042,-0.00227779507289938,-0.00013718094390924307,-0.21227557233840066,0.5624023318258935,369.927125977539,1.1143434528573488,1.0099413341015333,0.5314108143169711,1.017860684131692,1618.05276550806,,33.0254492878447,False,True,1.017860684131692,False,True,False,False,False,False
145,reached,0.05868592816922636,-10.061770915101079,-0.0005271876073038584,-8.690389790899644e-06,-0.01081244650760027,0.06872454738200418,561.765164686701,1.1340073750406312,1.1536351921460932,0.3125943540292939,0.871213095469588,1574.45481229519,,30.3877826937302,False,True,1.1536351921460932,False,False,False,False,False,False
146,reached,0.14662163704310385,-117.20608046280176,-0.0013167955346062854,-8.969632278876816e-05,-0.1302449104799006,0.18042772124249495,534.545273884215,1.1167559233885165,1.0032262660626867,0.3297953748866228,1.0127726723647599,1605.95662057758,,32.9666638605871,False,True,1.0127726723647599,False,True,False,False,False,False
147,reached,34.03070837870545,-1082.8922423059012,-0.18930873806769455,-0.6986793855523104,4.51209296878598,-61.118255400472094,756.828467651675,1.1577085493283696,1.0061272976837066,0.8407419764380611,0.8735087891222759,1680.0,,15.5328449689508,False,False,1.0061272976837066,False,True,False,False,False,False
148,reached,17.884872283238717,220.8200139729015,-0.06417394985820124,-0.42999616846040567,8.19144928283458,-38.8707503063587,625.074452013204,0.9995935905662169,0.98992993394842,0.6618885853791666,0.720820025668776,1640.0,,22.576298504274,True,False,0.98992993394842,True,True,False,False,False,False
149,reached,0.02973682755713237,-3.5043455995983095,-0.0002670488555054362,1.9971996806589232e-05,-0.029777370498100808,0.22931305897699872,471.934281213543,1.0306313264855471,1.0326220469957,0.3381053346404872,0.656674982934072,1638.9189692148,,31.0742244913911,False,True,1.0326220469957,False,False,False,False,False,False
150,reached,0.15310729645627535,-75.46791664139892,-0.0013753540154937127,-3.81119193093582e-05,-0.07000771015730045,0.1871145802593901,367.797177559702,0.9367985747640654,0.85785030686578,0.46604684953915554,1.0516248127349639,1608.33581083764,,25.2527191955346,False,True,1.0516248127349639,False,False,False,False,False,False
151,reached,0.3893385149240785,-69.76835766340082,-0.0034909289582998326,0.0006294726155147146,-0.4223033675097998,0.9746772777544948,384.786489504368,1.3671421689788212,1.1336544761486,0.7051782399548,0.985893065597468,1636.51732699359,,39.265652049188,False,True,1.1336544761486,False,False,False,False,False,False
152,reached,14.223654623216193,-1408.0781645960997,-0.03863576743370345,-0.35577543592148686,12.08235824024499,-34.51302158099409,490.196782365167,1.229097250247957,1.0028365132663066,0.7157983682564723,0.964836710585824,1800.0,,28.9989102752624,False,False,1.0028365132663066,False,True,False,False,False,False
153,reached,0.14337097470438182,-76.36127745730118,-0.0012877085270019961,-7.307179129156793e-05,-0.16141917799549965,0.48243617948980955,367.8484272527,1.3286446079163763,1.0073690913988333,0.5467349249165862,0.84254583366032,1701.5615338784,,26.6512200379743,False,True,1.0073690913988333,False,True,False,False,False,False
154,reached,10.90991556624455,-231.7636309406007,-0.024942227695703423,-0.2769546356086039,12.396962388241171,-25.137469539079916,525.50270919933,0.9679174028742674,0.9729143413002266,0.69597786317045,0.887826440024196,1640.0,,28.6005549179306,True,False,0.9729143413002266,True,True,False,False,False,False
155,reached,28.13816377894183,-300.5418548304988,-0.1858371083377932,-0.4987691184352059,1.24132100335569,-75.6741263464784,656.076265918339,1.1417223733065958,0.9898256916353934,0.5761429128079388,0.898957029798872,1800.0,,15.1749839870863,True,False,0.9898256916353934,True,True,False,False,False,False
156,reached,1.229323340134774,-7.526580096200632,-0.0028474262325062227,-0.03119496742129968,4.04939371988654,-1.5561682978448061,271.307749642201,0.9170240191387803,0.9017053508087867,0.5703703161938056,0.871584606026588,1680.0,,39.2117547768163,True,False,0.9017053508087867,True,True,False,False,False,False
157,reached,13.157319301314324,192.78965711500132,-0.04184522426440651,-0.32287868795441454,9.811462800093134,-37.840738217878,562.154298308474,0.9808844897891235,0.9401213511552733,0.8150395714235278,0.9498810409997599,1520.0,,25.6090157442087,True,False,0.9498810409997599,True,True,False,False,False,False
158,reached,27.918035363160733,-523.9717239466991,-0.17988597807119788,-0.5087708665614059,-1.5409279524801995,-72.4794640654663,626.102402904105,1.1433125133925366,1.00481560155804,0.5914168366508389,0.96210949995376,1840.0,,14.2222956250283,False,False,1.00481560155804,False,True,False,False,False,False
159,reached,15.804304691839295,-1819.186653929799,-0.062163381624799285,-0.3726491718545901,6.4253048024727,-47.420549226045296,562.064164557507,1.1474587509983412,0.99465851095396,0.6241396356917667,0.978616348127332,1800.0,,25.804963229823,True,False,0.99465851095396,True,True,False,False,False,False
160,reached,0.04772040182661639,28.139260970998293,0.00042859595660615923,2.6095018000660275e-05,0.11230349307860976,-0.11121275225781346,795.97517157728,0.9675044211846682,0.94404287247028,0.77946551388645,0.8300733717129001,1524.14295309135,,17.5915657878541,True,True,0.94404287247028,True,True,False,False,True,True
161,reached,3390.851909226649,-2568.9966174065994,-29.818454434292597,-11.91798974896858,-6.1714966370042,-159.01983193069572,935.13635764735,1.126629508332418,3.4120151985603466,4.268615950746873,5.845543416855319,680.0,,28.805865300808,False,False,5.845543416855319,False,False,False,False,False,False
162,reached,12.952416970019149,22.190379140898585,-0.05276794731319967,-0.3028241894919006,4.49007464609794,-43.944599998075006,495.828813487495,0.8537088437314845,0.9443781159743599,0.49933895194525224,0.874155622125896,1680.0,,19.4858739931496,True,False,0.9443781159743599,True,True,False,False,False,False
163,reached,0.2523652595901128,-114.78875445570156,-0.002267062864305558,-2.8886826385132736e-05,-0.08149952854200038,0.4172122127689022,357.458223487842,1.0896669251987188,0.9924654558502066,0.6569744544308112,0.7453994265669001,1697.61967117695,,26.9798090591277,True,True,0.9924654558502066,True,True,False,True,True,True
164,reached,6.1683046271684345,-230.66782488950048,-0.010304519469300999,-0.1591486065526908,14.370197765769511,-16.1673573192802,367.86316260797,1.092511849027099,0.99261357981886,0.6969807575013611,0.9062235754665441,1680.0,,33.459295414622,True,False,0.99261357981886,True,True,False,False,False,False
165,reached,0.15425662971257387,-93.20602723769844,-0.0013857253887010756,-1.901240759139e-05,-0.30602577415750076,0.5172626859325931,494.505456380965,1.1015471266696868,1.0004476504659199,0.3098834411229822,1.04267810022396,1737.36983232491,,29.7548132524948,False,True,1.04267810022396,False,False,False,False,False,False
166,reached,26.436570263037535,-2888.408851751101,-0.1341697115428957,-0.5711105194164077,1.8996388040479406,-62.7851062050604,675.722518899551,1.198689882301986,1.0000756053432267,0.7472201758822666,1.0230308263677481,1800.0,,15.095640671777,False,False,1.0230308263677481,False,False,False,False,False,False
167,reached,0.1130336009994876,-81.96724079080013,-0.0010152066660964465,-6.0842377990866225e-05,-0.06220878735810054,0.10826999089488254,551.501360565813,1.193069966750496,1.16966721763824,0.8307798615092834,0.9359966854411841,1526.60231772286,,27.8405139484579,False,True,1.16966721763824,False,False,False,False,False,False
168,reached,0.03695371062046114,-21.113126616000955,-0.00033031409320471994,9.676466069663547e-05,-0.1359345784441004,0.22689740233380462,625.137523258884,0.9500704296461594,0.9621405059472533,0.42598332298571445,0.682482546062652,1558.57827977438,,23.0622826465509,True,True,0.9621405059472533,True,True,False,False,True,True
169,reached,3.35097606367305,-716.8738570138994,-0.010839555057103212,-0.08208987111640909,7.30090506825635,-6.541505512904507,368.580738044299,1.6076688442845957,1.17623057207014,0.9375459164397499,0.864396966206816,1640.0,,38.5559001516482,False,False,1.17623057207014,False,False,False,False,False,False
170,reached,0.1150333216850996,-55.2892573065983,-0.0010333172219958442,-3.4374910995893515e-05,-0.1124588820623007,0.23072942532769503,497.154635140348,1.0648713774593928,0.9499112977400134,0.34097702764527166,0.9788602781870759,1654.5749631189,,25.1677075773516,True,True,0.9788602781870759,True,True,False,False,True,True
171,reached,0.3258162358195632,-118.52507820820028,-0.0029215404678950563,0.0005185700605068178,-0.40650274888390037,1.2285223714484914,312.657833182035,0.9760663496981825,0.9310581085174534,0.47350993318052226,0.895052670595968,1709.79217981544,,33.7677661951816,True,True,0.9310581085174534,True,True,False,False,True,True
172,reached,0.14218138912149675,-54.61452919340081,-0.0012772059216956677,-3.579052489044443e-05,-0.031823504404199454,0.13364640078700063,417.293105215343,1.2984182682092409,1.0515030854450933,0.6183529567004555,0.728711914852368,1650.14144300092,,27.5893883949516,False,True,1.0515030854450933,False,False,False,False,False,False
173,reached,0.2244783380741976,-104.81639801619895,-0.0019807713027972795,0.0011059250971925394,-1.1426263839515993,2.9007536982059037,219.646003836409,1.0359260132999937,0.9097049939977867,0.4893544257634494,0.914419226114004,1756.58638199551,,39.1554443675447,True,False,0.914419226114004,True,True,False,False,False,True
174,reached,0.10443094666398949,-82.58497195040036,-0.0009252909607937454,0.0004523961015081568,-0.7889425626053992,1.189729670108079,344.068401765418,1.2387202063704972,0.9761613068184267,0.48665688177094,0.976027702700436,1709.61439061068,,32.2731802379393,True,True,0.9761613068184267,True,True,False,False,True,True
175,reached,1.4729499907995318,202.83758018349909,-0.0009305194061965949,-0.03859119401749922,0.01438062122032946,-2.3334588280014827,607.893569701602,1.136761363116265,1.0570372452428267,0.4000156124490878,1.037589507363548,1520.0,,29.6243881212991,False,True,1.0570372452428267,False,False,False,False,False,False
176,reached,19.09474479866504,138.3916773320998,-0.08584852894840367,-0.4333140599212868,7.0210820227273,-50.0960272352786,622.225265452954,1.1146666282619162,1.0176489472106933,0.7168942064599778,0.754452188115752,1640.0,,22.1684461789648,False,False,1.0176489472106933,False,True,False,False,False,False
177,reached,13.824874246814339,-830.6649042032986,-0.038089617555499444,-0.34530367134939866,11.4560067532252,-33.7336106027617,496.691227733946,1.0594719837828914,0.9384953149555734,0.6855045906153111,0.912762518263212,1680.0,,25.9795225532999,True,False,0.9384953149555734,True,True,False,False,False,False
178,reached,102.21234043253232,-3844.5181289706015,-0.7866972420251983,-1.3591320109185858,-4.1315710514617,-49.26811223411761,558.303552405426,1.6010706415789902,1.3914845858092866,0.8209314458829777,0.531512581204068,1600.0,,14.2046011122661,False,False,1.3914845858092866,False,False,False,False,False,False
179,reached,0.1140638410092147,-93.80846811089941,-0.001014531674300656,0.00042049127620202853,-0.4637879554455999,0.6085178032880094,497.322253721697,1.467437382748879,1.2143779932008467,0.9350465510421,1.0428313620235161,1596.01653733024,,35.0866464429265,False,True,1.2143779932008467,False,False,False,False,False,False
180,reached,0.2884088138213211,-247.7180908900009,-0.002587534118404733,-0.00038461130009181943,-0.21531479962470002,0.9024294985401013,359.450840117653,1.055353143905731,0.90639203102192,0.45704948666424994,0.997631872094168,1704.51173336853,,32.9249421763977,True,True,0.997631872094168,True,True,False,False,True,True
181,reached,0.21908369701364566,-130.26322959459867,-0.0019679927583950985,-6.134522510592433e-05,-0.10901228710780053,0.38355535981850153,406.823732642945,0.9802681801701402,0.9323457793245866,0.5941958014608889,0.7798135297966,1576.49641171213,,24.5286207160206,True,True,0.9323457793245866,True,True,False,False,True,True
182,reached,44.68636926784857,-232.54335927030115,-0.3017239285806994,-0.7686482292617143,0.7265548746178307,-77.7206111851285,900.94010372318,1.1764323958869962,1.0316258609948,0.8581395255184111,0.9402584219221201,1640.0,,14.5139137087855,False,False,1.0316258609948,False,False,False,False,False,False
183,reached,1.2080796862469505,0.8845797003996267,-0.0027886958473999357,-0.03066335511451257,3.939113513871,-1.4783338091216933,268.425907716839,0.7951208446618898,0.7807936146453133,0.4066996115431178,0.862126131786676,1680.0,,39.2171484403278,True,False,0.862126131786676,True,True,False,False,False,False
184,reached,1.3996322190421677,158.85602277610087,-0.0013193464856016135,-0.03655800069171278,1.7291823932249901,-0.8242142671118984,456.23648180735,1.2700752706051572,1.1786719497744067,0.6941057518188277,0.909702841057516,1640.0,,32.8915565261048,False,False,1.1786719497744067,False,False,False,False,False,False
185,reached,17.256979462604818,-395.1016333615007,-0.09094283988160612,-0.36628045563028877,2.4046341790567496,-59.069347987950096,582.112219980458,0.9955271722288588,0.9495363607027866,0.6708621958648778,1.020716937770316,1720.0,,18.6574234586291,False,False,1.020716937770316,False,False,False,False,False,False
186,reached,18.349591126866944,-297.67378938850015,-0.04815251666670406,-0.4604102304552953,8.06778796308547,-31.889174464468283,638.257369637321,0.9263018580199597,0.8946576999792666,0.45454129422663225,0.9784135495972439,1640.0,,29.6443558232336,True,False,0.9784135495972439,True,True,False,False,False,False
187,reached,33.37905885884533,-1031.0177586944992,-0.13822284916000172,-0.7754571495823086,8.49152873951401,-47.184916487597604,870.29002012648,0.9737725795443025,1.0078505165662865,0.8140324852361334,0.9075301389233721,1600.0,,20.5897748323975,False,False,1.0078505165662865,False,True,False,False,False,False
188,reached,22.949019089586855,-771.9297490985991,-0.09852501099500444,-0.528233407448198,0.4510784041174496,-50.68095586813129,594.385663189392,1.1796084186927716,0.9981669340622533,0.6223163084246167,0.889019462703376,1760.0,,16.5335548169384,True,False,0.9981669340622533,True,True,False,False,False,False
189,reached,0.22547645669569868,-146.5265887509995,-0.002024028335398498,-0.00022821712849463438,-0.1904264851406996,0.6405041146638837,393.043065859013,1.5101776801311986,1.19311280530646,0.7400198980285222,0.995745695385124,1664.91293177523,,30.2950304594659,False,True,1.19311280530646,False,False,False,False,False,False
190,reached,20.12871317633805,-1069.9219120648013,-0.06676518747299554,-0.4905502430518993,7.31201214609161,-40.2483586190271,672.206761903528,1.1681093174998352,1.0601533803061067,0.7087290258398222,1.002282820811004,1640.0,,26.5397463686604,False,False,1.0601533803061067,False,False,False,False,False,False
191,reached,0.20653560791210265,-136.4486735797982,-0.0018553475869964586,-3.245043811261894e-05,-0.1118889370761007,0.5524695791633008,492.697828969739,0.9778281422369576,0.8854184023747599,0.5547969434807395,1.0104277048405679,1547.47303597806,,21.8197477439138,False,True,1.0104277048405679,False,True,False,False,False,False
192,reached,0.1662676743332373,-82.8927542101992,-0.0014934218699949042,-7.463223241188643e-05,-0.037368226219500755,0.16677568262258546,502.616676159994,1.152270397707693,1.0782392125115134,0.5196027438802167,0.696446644201628,1613.05524595635,,26.6894429105307,False,True,1.0782392125115134,False,False,False,False,False,False
193,reached,0.1873607775559733,-85.1398255610984,-0.0016827552275060498,-0.00010337529599269146,-0.09451079514730054,0.33973033342130066,392.038815506454,1.527507859542125,1.20545454983106,0.6904763722698722,0.93043627750318,1618.07860379144,,31.8065347829972,False,True,1.20545454983106,False,False,False,False,False,False
194,reached,9.489984745408979,212.44660265929997,-0.014571802709596682,-0.24550587670890422,10.712841629695713,-15.814214140322804,590.644760421275,1.5674908836186392,1.1692560712842868,0.8764818805536612,0.823464889116684,1600.0,,33.4707363664604,False,False,1.1692560712842868,False,False,False,False,False,False
195,reached,24.448912954427872,-1108.1730320472016,-0.1180070417744048,-0.5400750734069106,-0.8366828122672008,-57.129840371345495,627.420593821185,1.2777684955361135,1.0011108710957866,0.8222142299639389,0.998235038056564,1760.0,,15.3588263207214,False,False,1.0011108710957866,False,True,False,False,False,False
196,reached,0.11535049908423158,-60.586481914899196,-0.0010358453056937833,-8.291274880889432e-05,-0.08772421740139968,0.19490171309979587,639.634051071214,1.011803041387289,1.08903521077622,0.33371937588265443,0.602272156983732,1576.15335136855,,30.5822695313721,False,True,1.08903521077622,False,False,False,False,False,False
197,reached,1.1785471773182281,-30.84405262209839,-0.0027000828739005556,-0.02992965360598987,2.2139452122379097,-2.8389897839442995,299.696867650055,0.9012082337945142,0.8497895043625333,0.43790364461601833,1.0345876101909721,1560.0,,37.1578931761386,False,False,1.0345876101909721,False,False,False,False,False,False
198,reached,537.2504187229018,-4795.5709737297,-4.497298213791197,-4.649514234559604,-2.4666119584565998,-67.4654639307326,613.968355770985,1.6318017887503375,1.8630657662221002,1.3286774871821165,0.714013883644948,1480.0,,13.6182482756576,False,False,1.8630657662221002,False,False,False,False,False,False
199,reached,0.12133532940323036,-67.74064539000028,-0.001089886158297304,-4.5492446702155576e-05,-0.07981866334050025,0.17293406955309365,406.852772627306,1.3350749606195569,1.0060394690415868,0.532286976683375,0.8273535284964881,1688.46506360367,,26.5057634708876,False,True,1.0060394690415868,False,True,False,False,False,False
200,reached,13.968425475155593,-788.4105237238,-0.03670324640189904,-0.3505353480938993,11.22555893311772,-32.79924691882661,491.449395447161,1.1401510777210826,0.96029659309934,0.7181801490605,1.029712856122552,1760.0,,30.4519695169074,False,False,1.029712856122552,False,False,False,False,False,False
201,reached,35.706142274901204,57.61960395240021,-0.17284209573550413,-0.7867915589212942,5.09281427500155,-52.1051328005277,741.430730797137,1.1373315316687207,0.9995354486175734,0.695421698551589,0.69355905258564,1680.0,,16.5688765131809,True,False,0.9995354486175734,True,True,False,False,False,False
202,reached,0.1324600015672854,-114.8435172130994,-0.0011899304376044029,-8.511531007115991e-06,-0.20697497294760048,0.5228177034599071,485.310258598002,0.9865723749449867,0.90558142585946,0.6266515891629388,1.02603156209736,1544.51147338588,,23.4647885634562,False,True,1.02603156209736,False,False,False,False,False,False
203,reached,0.2308951845496254,-166.49245447669819,-0.002074196117405336,2.3192403489247226e-05,-0.3607978410559003,1.1227867593287044,273.043233360669,1.0632844967121498,0.9743377520532133,0.5687452396736555,0.790853377152044,1741.5185405666,,32.6035575991808,True,True,0.9743377520532133,True,True,False,False,True,True
204,reached,0.23169844292247688,-118.25024316089912,-0.0020812428894032564,-8.098936410760871e-05,-0.15454931260419968,0.6967070982288988,342.002671975777,1.1443085281759573,1.0623334771138067,0.5888920356537556,0.8676170106968041,1704.68346987373,,29.847122109023,False,True,1.0623334771138067,False,False,False,False,False,False
205,reached,0.09024542061926273,-29.659566653899674,-0.0008040679907992399,0.0003026975028888046,-0.36530809871899983,0.6242000481278183,387.869410886246,1.509866389785367,1.1492012978486468,0.7062747293759722,0.9114143943999361,1628.74464082184,,34.0474991706501,False,True,1.1492012978486468,False,False,False,False,False,False
206,reached,3523.1384335086805,-8272.2594638271,-30.997199618230702,-12.114619050058707,-23.7809610349802,-164.9811396740899,408.886133218573,0.9503143279017069,2.8299959040956466,3.1916761864140835,5.4630047189735205,680.0,,32.1162005489895,False,False,5.4630047189735205,False,False,False,False,False,False
207,reached,1.9392050086393042,235.2839867231014,-0.0015551485349050154,-0.05072902711191318,2.3803925007526496,-2.0070062207058186,417.593213041082,1.3771616216720175,1.0240900472301935,0.6076192112948222,0.764443597476768,1640.0,,27.8421952682211,False,False,1.0240900472301935,False,False,False,False,False,False
208,reached,0.24650999061334716,-117.5907753565989,-0.0022143759301940236,-6.41067134097284e-05,-0.1290599362903997,0.49777983435188844,333.813950294753,1.1610131967201431,1.0368947212331334,0.6166541702657945,0.9307041721070639,1657.87374168223,,31.2521001526459,False,True,1.0368947212331334,False,False,False,False,False,False
209,reached,0.08940486064697314,-53.63317733439908,-0.0008031265033991986,-1.9704246795981817e-05,-0.1314300646518003,0.3379804207705206,484.246882009519,0.939809954826587,0.8734331447712866,0.45243915367940607,1.009922900648872,1580.14726670858,,22.8996820021857,False,True,1.009922900648872,False,True,False,False,False,False
210,reached,0.09719768676793514,-125.90149052999914,-0.0008671882965956001,0.00029807271269532976,-0.6966148414943003,0.7453603116719023,513.463299627442,1.0119112564974513,0.9875950511620932,0.5540197747286734,1.033193722060924,1479.93622031589,,32.4118326949233,False,True,1.033193722060924,False,False,False,False,False,False
211,reached,425.0629383257223,-2157.3652432952003,-3.4780063358849986,-4.269461429561062,2.8800498239455896,-67.9350653236454,886.242706792719,1.626675634492287,1.6941848589329933,1.2477091317970055,0.6051320713043,1480.0,,13.3667870906679,False,False,1.6941848589329933,False,False,False,False,False,False
212,reached,463.3390714138427,-222.41169466639985,-3.8309406019735945,-4.377504366722462,3.9353981643628604,-69.5254639353524,953.394147913277,1.5962873676235336,1.6780829120586933,1.2179369569585667,0.772577872839856,1440.0,,13.3110844780395,False,False,1.6780829120586933,False,False,False,False,False,False
213,reached,0.007650268182123204,-0.8532344261002436,6.872460490114918e-05,-6.852540082036285e-07,0.0005339595685391885,-0.002372489429092184,482.888896152247,0.9881743495557186,0.9731771337562,0.3016820483849822,1.04023238273074,1531.97211825831,,29.7146893324227,False,True,1.04023238273074,False,False,False,False,False,False
214,reached,0.1649246063201343,-86.9694575750982,-0.0014814909053058045,-4.608842729680873e-05,-0.023531015498200247,0.14160460597500446,483.508416652091,1.2172306360865266,0.99974644882382,0.4975423227833611,1.012504153738504,1691.92128305825,,27.9666336803057,False,True,1.012504153738504,False,True,False,False,False,False
215,reached,8.222257198554448,-401.88591939580147,-0.01606383692160307,-0.21071192259859117,14.38693146213079,-20.665755944023005,409.999885808504,1.0300506550665414,0.96107466527314,0.6322872485325278,0.856357598391944,1720.0,,32.2827375634608,True,False,0.96107466527314,True,True,False,False,False,False
216,reached,23.200016178896977,-415.8178561265013,-0.10333655558339672,-0.527878861417804,2.5945921036217303,-51.858447574715285,626.408922449375,1.0007731586753086,0.8899656925587867,0.5601699223984389,1.0096726174025599,1680.0,,17.5599840619328,False,False,1.0096726174025599,False,True,False,False,False,False
217,reached,24.81385512325212,158.42409710120046,-0.10384850381780097,-0.5752732757316892,-1.0121074889738004,-49.88847528404028,614.948705513712,1.217981980510391,1.0131985530082266,0.7282181617716167,0.9054496873572081,1760.0,,17.4796644659988,False,False,1.0131985530082266,False,True,False,False,False,False
218,reached,0.07315152736293562,-54.500697194598615,-0.0006566554805971236,-7.418188849328544e-05,-0.1726854876638999,0.29973736795818695,513.845229972824,1.1048763816234026,1.03460526472218,0.4349674929276945,0.76340486359244,1538.65179249751,,27.7249226165752,False,True,1.03460526472218,False,False,False,False,False,False
219,reached,23.50582468238339,-1317.610532709401,-0.10816349028159777,-0.5288784892399008,6.12136875171756,-51.349182787137096,645.556396894973,1.0575943933382614,0.9622697098944266,0.6897910011760222,0.828097715959068,1720.0,,18.0667708637618,True,False,0.9622697098944266,True,True,False,False,False,False
220,reached,458.71209924377064,-4835.3236690331,-3.7593422543684056,-4.545657060744162,5.00325918485567,-64.2932071925335,852.203324818624,1.680616422594186,1.89335629032678,2.2762121852160555,1.1905189111779602,1480.0,,17.427810052359,False,False,2.2762121852160555,False,False,False,False,False,False
221,reached,16.02378696557542,238.7650654120007,-0.03744043028359556,-0.4060244085775935,10.687958315543264,-28.01609030422651,585.927223282462,1.0463101013779381,0.9959123384592666,0.6834897890946666,0.948717261821524,1560.0,,29.2669987529304,True,False,0.9959123384592666,True,True,False,False,False,False
222,reached,0.023313776503933733,19.619778390999272,0.00020856851310213642,-5.566743951135322e-05,-0.015505335807899812,-0.05600198219531194,821.692479179984,0.8945809526743305,0.90669745305268,0.5124740629179527,0.7671841907027359,1513.97759152813,,20.2617421066826,True,True,0.90669745305268,True,True,False,True,True,True
223,reached,0.06673895992444899,-41.08046947139883,-0.0005976649761976205,0.00013849425110379343,-0.28620466770030006,0.47184538541279153,532.351217471544,1.0088982368576267,1.0293393221268068,0.3150514745674594,0.6710394709283241,1557.64672170227,,29.8820152812929,False,True,1.0293393221268068,False,False,False,False,False,False
224,reached,0.08640909438287499,-57.52318313900105,-0.0007759662939008649,-6.0568687388240505e-05,-0.04591137121770039,0.12234245693917956,625.800590128753,0.8437561305967329,0.8429805389963068,0.36408365028350553,0.833031143743036,1533.44240604912,,25.0439739362431,True,True,0.8429805389963068,True,True,False,True,True,True
225,reached,24.12501354526954,12.61373470630133,-0.05619107882139929,-0.6111675470424132,10.197355875147318,-27.33127472996341,841.229555080119,1.1526213087423713,1.0154982871788933,0.64227416861875,1.00652304584296,1600.0,,30.3382862830188,False,False,1.0154982871788933,False,True,False,False,False,False
226,reached,17.01854010895211,-583.6649078131013,-0.05159509637799431,-0.4202582217623956,7.14757749558534,-36.2889667325737,573.810273530485,1.0249840499752922,0.95654486928536,0.6280313398980667,0.8888199635548559,1680.0,,25.0119141151159,True,False,0.95654486928536,True,True,False,False,False,False
227,reached,0.5370727629715091,-41.903802274700865,-0.0022918553365940397,-0.012412659705603346,1.3911520381937503,1.1624410719767866,227.61173599369,0.9162172608301473,0.82548039011458,0.6054589458267722,1.0164658513652,1640.0,,36.3278654971931,False,False,1.0164658513652,False,True,False,False,False,False
228,reached,7.310668728596937,-311.54838377889973,-0.011921203021998394,-0.18877486959388534,15.46195487046962,-15.8837700554827,407.379965824496,0.9159700940286517,0.8708478680712267,0.4279186560672711,0.959735220218356,1680.0,,34.8786061980882,True,False,0.959735220218356,True,True,False,False,False,False
229,reached,0.06295381791410219,-24.627099460900354,-0.0005650218791970474,7.048323391245503e-05,-0.12596331497869961,0.3681201705987007,443.733531074284,1.1647026578134776,1.0399293591656933,0.53470636484088,0.528695852386472,1670.92829639129,,24.3535646624625,False,True,1.0399293591656933,False,False,False,False,False,False
230,reached,0.10484753500590267,-37.971663741398515,-0.0009416565554971612,-6.020339080237136e-05,-0.10621347740319997,0.2650974487524991,687.431386748828,1.3636626356614483,1.4729993368120733,0.7507207056214833,0.72624192501774,1552.97884164699,,29.8495896982583,False,True,1.4729993368120733,False,False,False,False,False,False
231,reached,0.27044781760144165,-140.84043170879886,-0.0024293434328939156,-8.714019961075792e-05,-0.007555684919299921,0.24726294732309384,312.304655810453,1.1049543427394937,0.9838752058865734,0.5672739939159389,0.980652622959768,1693.47924050412,,37.5296942688106,True,True,0.9838752058865734,True,True,False,True,True,True
232,reached,10.140147337442666,-849.7672881120998,-0.02744205785900533,-0.2537967333661868,13.24791785334001,-31.48512141010349,452.103481035543,1.0373227664121965,0.9277494597673535,0.6789179565265722,1.008876540063004,1680.0,,28.661358837035,False,False,1.008876540063004,False,True,False,False,False,False
233,reached,0.14897982946200633,-88.64787126710144,-0.0013380154881019735,-8.580728930951409e-05,-0.028218022391499176,0.12299363250190254,558.205357197063,1.036974686418361,1.1097364164059,0.3847970912967561,0.7227933920851279,1571.19086979546,,32.547689001325,False,True,1.1097364164059,False,False,False,False,False,False
234,reached,2.139102581881374,3.599245237201103,-0.003644648659800964,-0.05516006893810754,10.97868770079106,-4.1459851302874995,241.634003970524,0.8888777789358692,0.85169760647574,0.5274370866399878,0.909632853950748,1720.0,,38.3089496871558,True,False,0.909632853950748,True,True,False,False,False,False
235,reached,23.413219363569926,-1313.6912757643004,-0.08287575897749377,-0.5640918440531948,6.6561147784207,-43.56794353129709,659.28942648138,1.0521681403225942,0.9633019699654201,0.6780512664435555,0.799714200810052,1680.0,,21.2728074355871,True,False,0.9633019699654201,True,True,False,False,False,False
236,reached,0.22711320039399668,-45.93981730840096,-0.0011566089853971562,-0.004913960756795177,-0.5205586758319996,0.40627426772681474,404.661382563043,1.4648994914630187,1.00433082142752,0.5007936024343911,1.051126669693504,2240.0,,29.6251900550937,False,True,1.051126669693504,False,False,False,False,False,False
237,reached,0.782541030974594,131.43372483459825,-0.00020927155590300117,-0.02054465504349423,-0.28616329374949956,-0.7952307912306935,602.801449352972,1.0452934873016297,1.0617885449063067,0.40629117063968945,0.634764611573424,1560.0,,25.8890530317024,False,True,1.0617885449063067,False,False,False,False,False,False
238,reached,0.07302558550980709,-36.65680572669953,-0.0006559344359970964,-2.9887887308177596e-05,-0.04894356246290066,0.09042001888110462,565.273336441858,1.0616702811604164,1.0260945415985934,0.3772484846385211,0.565065133507652,1605.56614990465,,24.292880121679,False,True,1.0260945415985934,False,False,False,False,False,False
239,reached,0.686590542035538,68.32415698379918,-0.0007996701789068084,-0.017881123501098273,0.07344461195236995,-0.43318175396558445,544.036538577573,1.0451934977600505,1.0289653461908534,0.3428544576318422,0.69013086865438,1560.0,,29.460014497157,False,True,1.0289653461908534,False,False,False,False,False,False
240,reached,34.018718843444574,-504.32556219030084,-0.2854218763514069,-0.31714814890469256,-2.3820491579151,-109.0237010560196,740.325723398732,1.306925964028952,1.0089550713102733,0.7304354628984666,0.924485077761464,1960.0,,14.2471048651857,False,False,1.0089550713102733,False,True,False,False,False,False
241,reached,0.029072946559549992,-0.06715890860141371,-0.0002611719729941342,-1.266788103748695e-06,-0.00045265298319918656,0.02307458182838218,638.664704086984,1.1624851829841196,0.9993873535961999,0.5940548101886278,0.89394444174862,1816.16741887313,,24.559848297045,True,True,0.9993873535961999,True,True,True,True,True,True
242,reached,0.05192578511319659,-38.52150466199964,-0.00046289203059757256,0.0001685344601014549,-0.3912295403646997,0.5268737922287983,452.099591185703,1.0046262298818571,0.94129899027496,0.3635910765079389,1.024955573068136,1550.9259108692,,26.7906046369769,False,True,1.024955573068136,False,False,False,False,False,False
243,reached,0.09618854263519212,-69.09360479750103,-0.0008638568390040291,-5.9304301089468936e-05,-0.1587649394591999,0.17656403038779445,582.834766112816,0.9645894936918346,0.9186772117915,0.26348810538282724,1.03024630759076,1524.30998994909,,28.88338740242,False,True,1.03024630759076,False,False,False,False,False,False
244,reached,28.77401485600959,-255.2855425607013,-0.23208213585409965,-0.3309315616392894,-0.6875115613191003,-101.788221562496,679.765122589638,1.3306721234531291,1.0070283711392733,0.7158829882114001,0.984934418110196,1960.0,,15.1488244850227,False,False,1.0070283711392733,False,True,False,False,False,False
245,reached,25.4805919482499,-181.1723004794003,-0.130997261621701,-0.5471164771182941,6.38738486486068,-61.084463073509795,609.590483846355,1.4551247286095004,1.0065394578539801,0.6413053205931111,1.077307893916252,1960.0,,22.823556359017,False,False,1.077307893916252,False,False,False,False,False,False
246,reached,0.1439903679136663,-118.05751148430136,-0.0012921736479967194,-0.0001722017559870892,-0.27913392258500025,0.5362705312664957,380.943306862831,1.4352406339898576,1.0667429099032666,0.6566436377665,0.996794527366764,1618.67534340903,,29.8717674875608,False,True,1.0667429099032666,False,False,False,False,False,False
247,reached,16.92341053604289,-1889.9798565097008,-0.10143989790340413,-0.3302823830231887,8.29400678471489,-73.7634990475136,560.817734512375,1.136961205900204,0.9726076901757534,0.5684792419054333,0.9779021603302841,1960.0,,22.0826540686145,True,False,0.9779021603302841,True,True,False,False,False,False
248,reached,439.73117903318837,-2043.2683286099018,-3.608351906577198,-4.343125541093883,4.73781002950274,-69.5364182308578,1043.67722644447,1.5333355727394489,1.5724276268457267,1.1323090508064833,0.64035057362192,1440.0,,12.7155605917561,False,False,1.5724276268457267,False,False,False,False,False,False
249,reached,0.15423857729304885,-96.35223953329842,-0.0013852111488006358,-9.327428759320355e-05,-0.06332602185729996,0.18869059029668733,484.742957750405,1.101915420336993,1.0261079564187068,0.4008897814383822,0.734870177772956,1571.88142967402,,31.4481117805326,False,True,1.0261079564187068,False,False,False,False,False,False
250,reached,0.32304120976519896,-65.5447679423014,-0.0028880296402036265,0.0008312286890941323,-0.5692528421164997,1.4477521160724791,293.80758922476,1.0650173920822992,0.9737208522981334,0.5178929446716845,0.872767912180928,1711.85837571305,,38.5656060275709,True,True,0.9737208522981334,True,True,False,False,True,True
251,reached,0.6853158889513515,96.00888797359949,-0.0005839237009013232,-0.017918796471803944,0.36963479258201026,-0.2851001667233959,531.474888251858,1.2051415877947287,1.1951456106234932,0.8660556168431445,0.6222070137615681,1680.0,,23.8837365322425,False,True,1.1951456106234932,False,False,False,False,False,False
252,reached,0.019835248335764083,-11.231836440001643,-0.00017817849189327717,5.059525591377678e-06,-0.16816060799730081,0.255118978885605,585.936247804004,0.9732459100454908,0.9924626174122666,0.33541987769989223,0.62070918880022,1557.60060236213,,26.2875249255183,True,True,0.9924626174122666,True,True,False,False,True,True
253,reached,231.94472905346598,-1240.3003408574004,-1.8498942897197992,-2.6875704834548912,3.79276595110204,-61.447375523358005,765.961140095617,1.6361520686689055,1.5224851643092265,1.0139045059371332,0.5355255012759159,1560.0,,15.0235910201299,False,False,1.5224851643092265,False,False,False,False,False,False
254,reached,0.2511766032735229,-144.68098462370108,-0.0022562201384062064,-8.473562078847863e-05,-0.15926973947999912,0.41846453734291345,393.936751123144,1.0578806182489562,0.9721346046129533,0.6414418160306667,1.00379307422774,1695.26921754706,,33.10525778755,False,True,1.00379307422774,False,True,False,False,False,False
255,reached,0.10822579778286344,-50.055218960198545,-0.0009722189415981575,-1.3413369288173271e-05,-0.049700770150000295,0.1745410205242024,343.837736463563,1.031215292394133,0.89652367721246,0.45203881280269886,0.95011249953314,1649.70921214254,,26.6928747534386,True,True,0.95011249953314,True,True,False,True,True,True
256,reached,0.14017633879258629,-50.72904799129901,-0.0012592058121043692,-3.171159511339283e-05,-0.027889925842499608,0.12188620243489368,442.097202958069,1.0896850286546786,1.05020116136098,0.5598694356896111,0.715794898127512,1650.07809773005,,25.6275650614023,False,True,1.05020116136098,False,False,False,False,False,False
257,reached,0.3062280578329986,-71.34199785999954,-0.0027436407021070863,0.000586004183901423,-0.3228027438142007,0.952621085100418,349.482631408235,1.2619222045974317,1.1273251761496599,0.6713452197308056,0.9346996301648719,1673.13518458758,,34.8546300482874,False,True,1.1273251761496599,False,False,False,False,False,False
258,reached,0.11354603888867316,-93.56029767079963,-0.000996249117406478,0.0006401262475037583,-0.7913942371529004,1.2426889751413057,338.71866870596,1.237754020497332,0.9786353047830866,0.5632134143570111,0.962132886108032,1710.72203729349,,30.6910747924079,True,True,0.9786353047830866,True,True,False,False,True,True
259,reached,69.33835384513742,-705.2848531632008,0.1189547706427021,-1.7928776661354107,4.48121390533262,16.576837672307988,814.20520131335,1.3636966483203359,1.0398160624151134,0.6954187162353611,0.906057800300496,1880.0,,14.7887141998104,False,False,1.0398160624151134,False,False,False,False,False,False
260,reached,0.0824057621346107,-84.58883011709986,-0.0007394510984966018,-0.00010236256341045191,-0.21580636935039976,0.34982877715660265,523.739807202492,1.0279322940249305,1.0284382177225666,0.4795731533409944,0.8436643151751919,1538.36961083575,,28.0748324980514,False,True,1.0284382177225666,False,False,False,False,False,False
261,reached,13.32919159073729,-222.83287146779912,-0.039778709980097915,-0.3299011158761118,6.99269687829357,-35.97996664851141,495.186687077463,0.9313864903566004,1.0170881493964266,0.6285772331572667,0.904910369909776,1680.0,,27.0570420939308,False,False,1.0170881493964266,False,True,False,False,False,False
262,reached,0.12466837121810628,-70.28544905039962,-0.001110633978498754,0.0004212168591095633,-0.48559626036970016,0.9405139794108948,377.616050311677,1.2264785384750296,1.0590325186564533,0.5689413300889555,0.9446412964154121,1636.71151816047,,32.3966172303837,False,True,1.0590325186564533,False,False,False,False,False,False
263,reached,14.330887424662913,-1187.1070916167992,-0.04555104346870564,-0.35167614413521164,8.40405818292627,-38.72167129284361,543.475599382051,1.0961953768509358,0.9717251499825134,0.7117502509223222,1.00228653523272,1720.0,,26.6638198918068,False,False,1.00228653523272,False,True,False,False,False,False
264,reached,23.901310126069003,-470.2645418596985,-0.08355881479499772,-0.5771393479728033,4.50817653344983,-44.5240587671349,651.52776978893,0.9706855841441092,0.8584117946939868,0.6155405238059889,0.9358294268292481,1640.0,,20.6384672713716,True,False,0.9358294268292481,True,True,False,False,False,False
265,reached,16.01666375815268,-164.2342571652989,-0.054399719212199216,-0.38895341785141113,10.177855014427179,-38.68158365976021,614.217175556506,1.0662742059526018,1.0227421128431133,0.9232420780854055,0.848293318660064,1600.0,,25.5322155123191,False,False,1.0227421128431133,False,False,False,False,False,False
266,reached,0.010207149368268354,10.178385023998999,9.169034960621048e-05,-2.5050275951343792e-06,-0.0011408510770998248,-0.03424180264269694,668.000768521321,0.9687598369075727,0.8850500270561733,0.5455955602392129,0.937452041642616,1598.99500047193,,15.6407971165173,True,True,0.937452041642616,True,True,True,True,True,True
267,reached,0.04787413410850756,27.530072618301347,0.0004299785280039714,2.5919376099636793e-05,0.1112008538420497,-0.10630516124479072,815.671852351572,0.9895271241024537,0.97541044101716,0.8032871087566444,0.8213101832535321,1524.1095885308,,17.7354611105469,True,True,0.97541044101716,True,True,False,False,True,True
268,reached,0.14965486102155315,-83.88719101529932,-0.0013441293559992573,-7.90651756119587e-05,-0.16253691024360073,0.45488750618449103,495.967150545649,1.0672150807718648,1.0712692074193333,0.3367916147103172,0.614927842458492,1581.91055592364,,29.8216809686105,False,True,1.0712692074193333,False,False,False,False,False,False
269,reached,0.09636528742027164,-57.8256337856983,-0.0008654557190936885,-5.795619910031746e-05,-0.15884197300620073,0.3812391941723945,551.007285590596,1.0978106495749083,1.0888482987094066,0.32709893530639167,0.5634065362426479,1586.53252473104,,28.622021519851,False,True,1.0888482987094066,False,False,False,False,False,False
270,reached,0.028793782830470627,36.55462736640038,0.0002586316443995429,-1.2055314101644399e-05,0.09673031880229033,-0.14507088053949246,850.715013469961,0.9743634733781792,0.96719468365926,0.8183912729294833,0.94131804150796,1503.44706670657,,18.9478275643986,True,True,0.96719468365926,True,True,False,True,True,True
271,reached,16.706200174587586,-20.675757666100253,-0.056099196862902545,-0.40644301073530187,8.51821755322063,-37.09520063334588,621.793027329863,0.9006279381553747,0.8939042857496333,0.5442527086510134,0.758944366190076,1640.0,,23.1897412785143,True,False,0.8939042857496333,True,True,False,False,False,False
272,reached,0.04588954219069388,-24.127118486001564,-0.00040752393759646566,0.0001818249760958679,-0.2194749078299001,0.39517024800971967,443.67854412066,0.967652577916098,0.8568110558526466,0.518830560697275,1.041766231528276,1595.84986645745,,21.2950594768887,False,True,1.041766231528276,False,False,False,False,False,False
273,reached,0.036105582834783025,-14.002152014498279,-0.00032363140499569454,6.304435021320387e-05,-0.09228538640780037,0.22424515472809503,574.544931283434,1.2119257590456682,1.1670106735876533,0.563671051895439,0.656644684063476,1637.02485322662,,23.3225267526644,False,True,1.1670106735876533,False,False,False,False,False,False
274,reached,0.2120201306027822,-94.23598508349824,-0.0019046501335964194,-7.262202075253299e-07,-0.12563863002760023,0.5242887160179066,404.229367002825,1.189514529172589,1.0817179354136934,0.5543571486713389,0.761809261559248,1664.39507037403,,28.5201702898315,False,True,1.0817179354136934,False,False,False,False,False,False
275,reached,0.21610486675560847,-120.20943446640013,-0.001941242379203345,-5.828686789755011e-05,-0.18805947391899913,0.5974584410120087,309.053388708941,1.0550442422740633,0.89376601037106,0.4794506790958289,0.998121098425516,1738.22261708868,,30.4055896984756,True,True,0.998121098425516,True,True,False,False,True,True
276,reached,0.08430965814721222,-56.55762790049994,-0.0007496307517982359,0.00031601500128886073,-0.4140776152041994,0.713604603566182,392.695323195505,1.1922097392998725,0.9541055769349267,0.5552552989711066,0.917884363240048,1712.93293526948,,26.65524112196,True,True,0.9541055769349267,True,True,False,False,True,True
277,reached,1.5625589767657182,140.67271434330178,-0.001964613162300566,-0.040635589372300274,2.5090321576265397,-1.17323571566709,390.003526476804,1.3748067556588386,1.2251213670649133,0.7913559998305889,0.815939396323464,1680.0,,34.1833440958421,False,False,1.2251213670649133,False,False,False,False,False,False
278,reached,263.98284443323905,-2455.372930806101,-2.087462567367396,-3.1378373980831213,3.86401994788314,-62.480866442026,893.865752143286,1.5860473125400254,1.5436824625013934,0.9938344843676445,0.5681674923055879,1520.0,,14.5453907081814,False,False,1.5436824625013934,False,False,False,False,False,False
279,reached,0.8620760925476795,102.20450283680111,-0.0007662296462029872,-0.022531384110607178,0.11480728746199986,-1.8317866219196048,447.511675035247,1.0076385852376915,0.9100942590100267,0.4661990595780761,1.017555681681044,1560.0,,24.1963353137105,False,True,1.017555681681044,False,True,False,False,False,False
280,reached,0.12775462217365208,-63.65988213570017,-0.0011394099089017118,0.0004017073902957691,-0.40325602839980057,0.8911184688213893,381.209622909731,1.249657697622544,1.0637405488779534,0.6027402635119834,0.8922608107959,1638.973832466,,31.7244047104829,False,True,1.0637405488779534,False,False,False,False,False,False
281,reached,0.6642961671930571,-55.28786548969947,-0.0014653658385981316,-0.016913299359998746,-0.17334276041080088,-0.8491165393916162,478.652672706065,1.0134918137869624,0.9837458855992267,0.5475623935870989,1.026021420192924,1480.0,,34.0509658326584,False,True,1.026021420192924,False,False,False,False,False,False
282,reached,0.8889516026430038,42.76152374600133,-0.0020682701375989154,-0.022550990116002367,2.09826145170946,0.043609632063407844,301.150462914661,1.095403641723096,1.0440356205802266,0.589940849539561,0.836405179087356,1680.0,,35.6410134017083,False,False,1.0440356205802266,False,False,False,False,False,False
283,reached,0.03768592886009237,-65.45649667740145,-0.0003371883784950569,8.854805179225878e-05,-0.37528734475650083,0.3522917234654983,584.091046976025,0.9148124149952407,0.8919811992615466,0.4690765384107028,1.028697489378084,1471.59414412436,,29.7723319069335,False,True,1.028697489378084,False,False,False,False,False,False
284,reached,0.1357534926173786,-100.14981494940002,-0.0008033285801047896,-0.0026826780552937635,-0.6907518600092004,0.41816731926758166,490.366779659763,0.9448762426283107,0.9286779368319266,0.4647580892155206,1.009098618054376,1480.0,,34.794205704494,False,True,1.009098618054376,False,True,False,False,False,False
285,reached,35.553093748383915,-476.8581242086002,-0.20761831780819762,-0.7060981558917945,3.8325803532685603,-63.7189390132766,758.533211370004,1.0899659949412714,1.0050063737869865,0.7234303304756222,0.957867106274592,1680.0,,15.5327553464965,False,False,1.0050063737869865,False,True,False,False,False,False
286,reached,0.23953570953869774,-108.00958433559936,-0.002151621413901239,-8.80365460034227e-05,-0.043986838148200036,0.31699793951440824,377.19390509725,1.4287867773103038,1.1457043112987666,0.6542399024262778,0.883129512111988,1656.86385708278,,32.9193527270241,False,True,1.1457043112987666,False,False,False,False,False,False
287,reached,38.11431037063384,-515.3636185229007,-0.33328986680099604,-0.22750961336720366,-4.0082780143701005,-116.3049161902607,687.10479529801,1.4414887611147813,1.01198450884762,0.8304037144769222,1.044345395059924,2080.0,,11.0220380101561,False,False,1.044345395059924,False,False,False,False,False,False
288,reached,26.33863028894169,-895.8560064808007,-0.07820544050939304,-0.651699735126698,9.305315563113137,-38.12558010088321,676.727249908623,1.0679722760233756,0.9957361738217,0.7343295124025889,1.015203764366152,1680.0,,24.3327250356538,False,False,1.015203764366152,False,True,False,False,False,False
289,reached,35.88279681267226,126.47261378910116,-0.18086935088030032,-0.7767819935218085,3.2524885437259403,-54.160979698910694,781.738635823491,0.9153272504997362,0.97253761722218,0.4369494112255389,0.85615254301488,1680.0,,16.3801311876617,True,False,0.97253761722218,True,True,False,False,False,False
290,reached,45.925582301248376,-476.8667544778,-0.25063151692809527,-0.9524670876392918,5.26989748667066,-58.86565127067121,807.153674807763,0.9887526317331308,0.9413839654993332,0.5475252831010633,0.7229396797276759,1680.0,,15.0516155503211,True,False,0.9413839654993332,True,True,False,False,False,False
291,reached,0.03472194577627464,-23.308767736001755,-0.00030740824949759826,0.00015454022098992937,-0.2928863272739992,0.3989184138434041,433.300792269736,1.0864200527638332,0.9112244486470201,0.5221409640915172,0.950102031399968,1710.08477179523,,22.4911840439307,True,True,0.950102031399968,True,True,False,False,True,True
292,reached,42.13662321599708,-1368.1504171658016,-0.26088897946999623,-0.7969308368799943,-3.231740355756701,-43.6617507837868,753.066844554453,1.598539590969047,1.2359006404973534,0.9938850250675055,0.578819448707708,1600.0,,12.9624761965252,False,False,1.2359006404973534,False,False,False,False,False,False
293,reached,0.6275798636188681,-54.25019985720064,-0.0023915604490980513,-0.01492626227630467,1.5024896183756997,0.46584618180520465,247.987065409937,0.900304808752016,0.8754013145597334,0.4995985179212128,0.8450825755175361,1680.0,,39.1935140356673,True,False,0.8754013145597334,True,True,False,False,False,True
294,reached,8.386492470790056,-1470.2126160506014,-0.032762622832194666,-0.19820126185410913,12.927605617352821,-48.135824506524784,429.154741548328,1.0624061334185044,0.9517829563731267,0.5875595659522778,1.026085278582616,1880.0,,26.7808493882336,False,False,1.026085278582616,False,False,False,False,False,False
295,reached,0.04080634788455823,-16.4499212326009,-0.0003665341469059058,1.6489568395172682e-05,-0.026311167298700866,0.03703965899620698,434.368953785423,1.0516390349107216,1.01589753124338,0.3375317611207994,0.60622463512088,1574.53433751374,,28.4531989542608,False,True,1.01589753124338,False,True,False,False,False,False
296,reached,0.08701871297791548,-45.959062006299064,-0.0007816394250994563,-3.264936609070901e-05,-0.08604296476319995,0.2461423603650985,430.911230791352,1.0574104186620716,1.0891592996554933,0.3051400642255989,0.641112569897532,1575.03282537313,,33.953380079295,False,True,1.0891592996554933,False,False,False,False,False,False
297,reached,0.06858989386687632,-45.50237970890157,-0.0006116792851003083,0.00021702696960801404,-0.3103335187421994,0.5313082342556186,446.805238088106,1.3689069964729919,1.0170019325938802,0.5356511563046372,0.7061971451719999,1675.36903456469,,25.4220667296332,False,True,1.0170019325938802,False,True,False,False,False,False
298,reached,30.956885843473515,-116.5444710039992,-0.16761617856180067,-0.6462228781998078,4.86948669913085,-58.49350605517961,678.427325690297,0.9635935784812617,0.8899421976205666,0.64003434727405,0.973343033027116,1680.0,,15.6368215535672,True,False,0.973343033027116,True,True,False,False,False,False
299,reached,0.21176412112615564,-213.84680308590032,-0.0019001251846049172,-0.0002689309330037304,-0.31533170805029975,0.8884517371395191,446.976356988236,1.0270746624067169,1.0060470039383,0.7367671603476555,1.008395402282784,1547.23118766442,,27.35499471314,False,True,1.008395402282784,False,True,False,False,False,False
300,reached,23.00088099333214,-1280.4300100746987,-0.07756759820769332,-0.558909239675387,6.91189721354168,-41.7521762937304,654.246304679098,1.1014955873041272,0.9999305544038001,0.6932531631364333,0.8305782353525799,1680.0,,21.0202525462372,True,False,0.9999305544038001,True,True,False,False,False,False
301,reached,43.03026524271799,-1224.7560720453002,-0.21772207925920384,-0.9290649507248929,6.35818841351142,-55.1660369050896,811.408682892244,1.1038938958097053,1.0144696431664932,0.688596228139361,0.7699289101069959,1680.0,,15.5433478637804,False,False,1.0144696431664932,False,True,False,False,False,False
302,reached,0.12065948215167484,-137.0741796289003,-0.001078954529802445,0.00030317214549313576,-0.7895724784789007,1.154786540379689,349.863174871221,1.1719517969073763,0.9440296794054266,0.5351339920801761,1.03141009957502,1705.10327637459,,32.3292074798229,False,True,1.03141009957502,False,False,False,False,False,False
303,reached,8.066717372653098,-122.71505136790074,-0.01609612218689449,-0.20650436979380515,12.46460991097083,-22.0586466596518,417.618745345998,0.9723557906305308,0.90552601937964,0.7126512369661444,0.9593490116746161,1600.0,,29.6420717040463,True,False,0.9593490116746161,True,True,False,False,False,False
304,reached,0.17880553101243513,-147.18959025200093,-0.0016062713723954403,3.863850508878386e-06,-0.5113621689731005,0.8665766235268961,354.91828168931,0.9143219327839299,0.8731430625410467,0.6288145400911667,0.8639985368474881,1580.19801353495,,31.7860383734997,True,True,0.8731430625410467,True,True,False,False,True,True
305,reached,7.309439612276625,-293.6902435318989,-0.011854367236196595,-0.18877831481148633,15.31398415713803,-15.78161155794129,407.941979147161,0.9767222627265537,0.9301571933499466,0.5100496691681384,0.9785429746171961,1680.0,,35.1851343111004,True,False,0.9785429746171961,True,True,False,False,False,False
306,reached,0.07614194959042113,-101.45132135409949,-0.0006808809913962932,0.0001910540453025078,-0.6929974528943994,0.6408397907798076,532.636884458422,1.0733587281574535,1.0526522890741534,0.4807774725339345,1.045969007177828,1467.60770644117,,36.3781859652632,False,True,1.0526522890741534,False,False,False,False,False,False
307,reached,9.86393762059778,-592.3016195874989,-0.020391915934993676,-0.252005049354608,14.91996578365928,-23.27358197846229,436.594594152069,1.0328423520738466,0.9541205385462332,0.6608314237160777,0.9582159940739879,1680.0,,29.9150688876056,True,False,0.9582159940739879,True,True,False,False,False,False
308,reached,56.55676480947537,-4914.450022941499,-0.3930033342538053,-0.9327266135400123,-3.010456653678,-40.51716848699951,687.858892087069,1.606935452977807,1.4143748636397202,1.1563005953521943,0.633789151653444,1600.0,,13.2225501606349,False,False,1.4143748636397202,False,False,False,False,False,False
309,reached,29.031216084858606,-391.5595238925998,-0.19632306934869348,-0.4996025288799899,1.6883044189104393,-75.5212321950145,669.119878339731,1.180447997810942,1.00028309053712,0.6302918214074222,0.914491693548784,1800.0,,14.7793026230359,False,False,1.00028309053712,False,True,False,False,False,False
310,reached,0.3547672759762618,-146.83000937290126,-0.0028164778579053973,-0.00436039403768973,-0.2056096741792004,2.4754971814681994,242.23116801842,1.0017266906349833,0.9861902012224933,0.7215177990762223,0.9606298063414039,1640.0,,38.2638793192053,True,True,0.9861902012224933,True,True,False,False,True,True
311,reached,0.26900283390063046,-153.65923534989997,-0.002405803202094603,0.0006654274685899964,-0.8792771888094997,2.475511054869287,232.139256238143,1.0090571270359305,0.9102600442498733,0.48910235688997666,0.8772881347682959,1749.08057874032,,39.1222521850344,True,True,0.9102600442498733,True,True,False,False,True,True
312,reached,0.46720510857000797,52.17528063249847,-0.0006771498448046032,-0.012110433859703562,0.3117496317660091,-0.06062424547050682,464.432480882852,1.3697165929741297,1.1152626360140465,0.6308769794079834,0.7086442781756921,1680.0,,25.3617160796505,False,True,1.1152626360140465,False,False,False,False,False,False
313,reached,0.6918381442628424,53.00760668610019,-0.0013096673276038473,-0.017762910263911635,0.7902569551652192,0.0364951300401799,409.204582339681,1.187431892681087,1.1365917383110666,0.6552991959073,0.81222434055534,1680.0,,34.4936232695614,False,True,1.1365917383110666,False,False,False,False,False,False
314,reached,0.20617313995261558,-114.95791577179989,-0.0018516642833930064,-0.00012072177361233116,-0.18613605421769996,0.5652082652246975,353.031938263435,1.207345152702617,0.97803982167014,0.5169059564502017,0.9802996678764201,1700.78040623235,,29.2265314383822,True,True,0.9802996678764201,True,True,False,False,True,True
315,reached,0.1303099626931494,-52.66444280180076,-0.0011705887191055808,-2.4801997909662532e-05,-0.06716380925250043,0.20488467020101098,366.491253640894,1.2543726454274657,1.02100540822708,0.5066381563124283,0.747589969159004,1731.33228166184,,27.2637541264459,False,True,1.02100540822708,False,False,False,False,False,False
316,reached,11.271824253859126,25.624574107998342,-0.028180587327796047,-0.28417258718471317,10.010119762496982,-27.5411107707302,525.823141040269,0.8882901739074059,0.8848731115429066,0.5331280212215611,0.79910876132744,1640.0,,25.149918015916,True,False,0.8848731115429066,True,True,False,False,False,False
317,reached,1.2898163525151882,13.983722334698541,-0.0027740973807937053,-0.03289026862020705,2.2888604235351,-1.2365796864539789,332.342358839883,0.917647630151006,0.9321534840655867,0.5084480659016956,0.9580582500448079,1600.0,,35.516176005249,True,False,0.9580582500448079,True,True,False,False,False,False
318,reached,2.7033482552568193,239.60048921589987,-0.002755801294597404,-0.07054161368310474,3.78239129057933,-3.972129878595098,416.122673722951,1.296041719918996,1.0040912775967732,0.5926339625175056,0.9942615665836521,1640.0,,32.2925493849941,False,False,1.0040912775967732,False,True,False,False,False,False
319,reached,0.06009327178694041,-44.726713022198965,-0.0005311811517003662,0.0002815383153063067,-0.3028957253792992,0.37769483019638983,539.852662441917,1.1837333635331808,1.0673407780502266,0.6540188334487167,1.025618484902856,1555.54242534345,,26.0828204122254,False,True,1.0673407780502266,False,False,False,False,False,False
320,reached,33.40845723917367,-607.8925830508015,-0.1587892618200044,-0.741797801863612,2.8075284731498398,-55.574713054561,687.454107589782,1.1160466270141813,0.9831953178069867,0.6781429730148166,0.842398246422236,1720.0,,13.4904632274835,True,False,0.9831953178069867,True,True,False,False,False,False
321,reached,0.18845141011325053,-90.4114608903983,-0.0016929111160948196,-1.9447302889830098e-05,-0.017969100496999957,0.1556608001868085,384.90634837038,1.331926850095644,1.0100226448078733,0.5143759932646578,1.03096175657552,1850.35601503673,,28.3604395317883,False,True,1.03096175657552,False,False,False,False,False,False
322,reached,0.17524367940819408,-112.16617484390008,-0.0015729660480019447,-0.0001876236840985257,-0.07380389721230074,0.5040447339337106,325.066385802949,1.3427697726390322,1.0704791800405267,0.6170568805348888,0.8592315791455001,1700.51646516156,,31.3183816058887,False,True,1.0704791800405267,False,False,False,False,False,False
323,reached,283.3684749346387,-4108.888242558602,-2.318335000053594,-2.9171765873471998,-4.5565641266217,-60.26440153794189,531.067317014444,1.5953336380667396,1.63867239286468,0.7740889802106778,0.551393079635832,1520.0,,13.7344891244443,False,False,1.63867239286468,False,False,False,False,False,False
324,reached,0.04567948427712649,-7.637776291001501,-0.0004103493263016844,-6.084548289209124e-06,0.0021341557889993368,-0.009036664976804332,523.993010886197,1.1025499025118437,1.12459072830066,0.3891169797034378,1.0304122352969158,1527.49715270562,,35.35849894976,False,True,1.12459072830066,False,False,False,False,False,False
325,reached,0.25981791325111514,-122.79811314210019,-0.0023337162168957093,-0.00011262956161317561,-0.03480845375250041,0.30062513869839336,395.629458045133,1.345582617912573,1.0858778636388733,0.5952563122235889,0.8964354762365121,1657.04052548525,,32.329731130309,False,True,1.0858778636388733,False,False,False,False,False,False
326,reached,311.08757080961715,239.47247338570014,-2.4210852785638934,-3.864548795904426,8.67727326090352,-63.116239120617706,1002.20004488636,1.6407329177732815,1.5840437663420532,1.1112305983503612,0.58539553505124,1520.0,,18.3499712518735,False,False,1.5840437663420532,False,False,False,False,False,False
327,reached,1.398817526458612,106.95762581099916,-0.0021682981935953194,-0.03618773023438848,2.7538520277091196,-1.2331818170142128,329.429632350779,1.136002978082786,0.9625471666273467,0.5223744977086472,0.895362309282724,1720.0,,33.8991000813727,True,False,0.9625471666273467,True,True,False,False,False,False
328,reached,0.14695349678116978,-62.64751382639952,-0.001319950303397377,-6.440007470587261e-05,-0.08343312476520026,0.2415562799878046,434.994407447861,1.4830282838848616,1.0798558229160733,0.6059344793435778,0.812929902687048,1615.80065011184,,27.9161442142617,False,True,1.0798558229160733,False,False,False,False,False,False
329,reached,0.13564751805775194,-94.12286410199886,-0.0012182536807046063,-8.098801188793914e-05,-0.06115012999969949,0.1763275431816851,560.083778346339,1.128757400783419,1.1036951094282668,0.6706090420063222,0.9129218353612719,1532.61713869407,,29.2578287012335,False,True,1.1036951094282668,False,False,False,False,False,False
330,reached,0.15359063593992958,-61.971097498200834,-0.001373770501700733,0.0003753997895046268,-0.44379455755800024,1.2261394271105814,319.832211059381,1.3854226803446705,1.1014689087530067,0.6461827904367222,0.8344106128092159,1678.49496204587,,32.8672156101577,False,True,1.1014689087530067,False,False,False,False,False,False
331,reached,0.08236115666967826,-46.52014153360142,-0.000738835103902602,0.00011485753731221848,-0.23336925577110001,0.5045487985876207,412.48112989619,0.9825658696660371,0.8958450703746467,0.7287602686225055,1.0051000130674361,1586.6935642061,,23.7618218964655,False,True,1.0051000130674361,False,True,False,False,False,False
332,reached,0.03338076128091972,-13.90559999370089,-0.00029885233709592285,7.220326139645294e-05,-0.11532341338980068,0.2909068142934075,461.767720583397,1.3965771503946867,1.0243855864908733,0.5237126843453433,0.534748364168256,1674.32746351304,,22.2503314745881,False,True,1.0243855864908733,False,False,False,False,False,False
333,reached,0.18723502895977123,-84.47771369849943,-0.0016817938078048655,-7.643822650038601e-05,-0.06647744664740074,0.2666571052656934,457.22011545731,1.2186564761168874,1.0317589502450066,0.5755840324714,0.7637834346264241,1617.51586291335,,27.6058169162521,False,True,1.0317589502450066,False,False,False,False,False,False
334,reached,3391.933847323246,-923.0534688886,-29.9729565299386,-10.486897633305546,-5.7314756438179995,-23.068287407150905,926.49481124714,1.036554095408642,3.058171745229327,3.1455489140794,5.32203624510708,680.0,,34.8537405785098,False,False,5.32203624510708,False,False,False,False,False,False
335,reached,0.0004094659650220445,7.257811310701072,8.557125994457238e-07,1.0459782799898676e-05,0.008999273087200166,-0.02341508147389959,988.726638002161,1.0469245592164589,1.04476206660244,0.8775421677617056,1.023564732920004,1490.76415764144,,16.9835498724709,False,True,1.04476206660244,False,False,False,False,False,False
336,reached,0.8366798410957711,65.2814478547989,-0.0011539494837933262,-0.02171471085219423,0.2650677168352793,-1.202843825191593,464.636378234681,1.173025868773371,1.0002267972129801,0.48124143852178836,1.027654461090044,1680.0,,28.968391207709,False,True,1.027654461090044,False,False,False,False,False,False
337,reached,26.45620034981702,-2100.8713868390987,-0.12393071634120645,-0.5911824594350037,5.67174388332078,-54.3630550364872,725.082102683585,1.1884684814407116,1.0218373207964866,0.8580601580153111,0.9063586976526039,1680.0,,18.3338003744011,False,False,1.0218373207964866,False,False,False,False,False,False
338,reached,29.496848591694373,-1825.241106711299,-0.11718722544530635,-0.6929282102504999,5.28347812353293,-49.22377918804568,734.062018178425,1.0633037016351436,0.97909692991002,0.6814124545765222,0.806321903498328,1680.0,,17.259617471213,True,False,0.97909692991002,True,True,False,False,False,False
339,reached,0.038514835453385646,-1.30918754079903,-0.00034590178739790645,2.3110180109142675e-05,-0.06427741511699914,0.3100150759169935,538.102308895177,1.0258917561171075,1.00026557856402,0.2761287013198739,0.995607365841668,1627.77354177742,,36.1041004018237,False,True,1.00026557856402,False,True,False,False,False,False
340,reached,0.32578100666867904,-110.9195939991987,-0.0028995578813066913,0.0011605325898926822,-0.8355834437642997,2.0691106020377106,271.623290912912,0.9624219382921251,0.9076498497697599,0.48470219997778996,0.80784838788474,1713.95297760918,,39.0112726358059,True,True,0.9076498497697599,True,True,False,False,True,True
341,reached,0.3095511349285499,-237.2815984049994,-0.002775174801598723,-0.0005170794403852597,-0.07137401469480054,0.7241714008424935,422.741341607571,1.1969042778901642,1.0548792520639065,0.5928521549737,0.8688862588504801,1667.97698134338,,32.1626517576754,False,True,1.0548792520639065,False,False,False,False,False,False
342,reached,0.23315968143007557,-150.13316322210085,-0.0020943119495058227,-9.310393511441362e-05,-0.05560696503479967,0.27422168333640684,375.126587996833,0.9425598007799191,0.8556280903950066,0.4996119991891689,1.037984320797976,1530.46662050423,,27.3363860638351,False,True,1.037984320797976,False,False,False,False,False,False
343,reached,1.5854919617430538,129.63743289370177,-0.0020411340496053754,-0.0412119564537079,1.8515032686398598,-2.613861018770507,390.451513945909,1.0135221047135456,0.9530326560666066,0.6314065010568778,1.042012244257144,1560.0,,26.7388681959416,False,False,1.042012244257144,False,False,False,False,False,False
344,reached,0.2574912912145474,-124.14977641959922,-0.0023131159782963095,-2.6179006397342164e-05,-0.23902806083200012,0.5061186109196001,441.833643987537,1.3864676239517948,1.0051751198227399,0.4745805142016722,1.071378453169396,1936.61600064315,,29.752235374953,False,True,1.071378453169396,False,False,False,False,False,False
345,reached,0.2937037883937984,-232.61467075629844,-0.0026356628641934776,-0.0003540009124947119,-0.10916579398850068,0.656153871539999,389.883773139545,1.3567123086743578,1.1745609243645734,0.7748490248339389,0.9452532546482321,1663.63335394415,,34.5744570338419,False,True,1.1745609243645734,False,False,False,False,False,False
346,reached,2199.5393928825924,-404.9981352276991,-19.1436622878603,-10.444967597498305,-0.00289907082509977,-103.18243918354,2712.44834400401,1.275569753310824,2.3505579614443532,6.086574989104056,5.057282910586521,880.0,,19.1864070608932,False,False,6.086574989104056,False,False,False,False,False,False
347,reached,0.5521652519406371,-43.90342224390042,-0.002337226259996328,-0.01279134155220163,1.2051160149344309,1.1498179226874186,265.978078285953,1.0277270366544589,0.96037324287646,0.5233310748650978,0.953182205327432,1720.0,,39.1523746998856,True,False,0.96037324287646,True,True,False,False,False,True
348,reached,0.10646044537194195,-72.66986266800086,-0.0009561730719980233,-5.688424678851334e-05,-0.12143429365229963,0.16089266558168447,489.133585654799,0.9845690297837744,0.9622101150238,0.45738736795519275,0.7786366751103719,1565.40572734354,,27.4406792725522,True,True,0.9622101150238,True,True,False,False,True,True
349,reached,0.1843424118092293,-160.9054327615995,-0.0016546597077962133,-0.00019559831909532477,-0.22080246815760063,0.5234036380641953,482.88967281098,1.0971527996627268,1.0788079831059867,0.7925289507791222,0.9783375747298759,1538.18076647022,,29.384401107152,False,True,1.0788079831059867,False,False,False,False,False,False
350,reached,382.90776486744096,-3299.4292667927,-3.161515222071799,-3.694943226319822,1.1833222680908797,-65.4546114976272,643.817906843846,1.5655713067284267,1.66845824924228,0.9239861860249334,0.627466797472044,1480.0,,14.4927647725203,False,False,1.66845824924228,False,False,False,False,False,False
351,reached,0.22913995916041166,-130.71201073289922,-0.002022850479306726,0.0011143164784073178,-1.4114060779678006,2.7254097435632048,247.338255986188,1.0342900390590226,0.97748172639956,0.5528306006032344,0.8310313482486921,1717.39742565272,,39.3240837541852,True,False,0.97748172639956,True,True,False,False,False,True
352,reached,0.15759351988720982,-78.99754226770165,-0.0013688284385011684,0.001056440572909878,-0.6963714049384997,1.8508338886471165,263.312374330576,0.8344512212015817,0.7275338599829599,0.38406634750443447,0.9970081470249561,1595.74821428396,,26.5905186674574,True,True,0.9970081470249561,True,True,False,False,True,True
353,reached,19.218028632523833,-2263.9094765660993,-0.11798996334680112,-0.36745142098070005,7.6294389821490896,-81.68846862123166,585.150254346947,1.6709681289964233,1.0033777250845732,0.7371060620717778,1.068496595363632,2360.0,,23.617828828991,False,False,1.068496595363632,False,False,False,False,False,False
354,reached,0.5985046933622916,136.79713586809885,0.00033004412890136337,-0.01569053073029636,-0.08622808179880082,-0.6435834081078156,1074.14244476683,1.0081471663335746,1.0215430586475667,0.9880258324793778,0.9771920094704759,1480.0,,17.7814189486211,False,True,1.0215430586475667,False,False,False,False,False,False
355,reached,0.1193491072494746,-82.09319218900055,-0.0010541492927984564,0.0005720666653132866,-0.6661141170131,1.165995666741992,346.683540098894,1.1713095996086087,0.9223215552671934,0.4833675086675433,0.87830865728526,1714.74259644549,,29.2453349007361,True,True,0.9223215552671934,True,True,False,False,True,True
356,reached,0.3047797874712928,-185.09994547070164,-0.002737747946596869,-9.535645671121529e-05,0.0014939964528508654,0.16339201304330686,373.560750790691,1.0116949319522475,0.9065758538757399,0.6666567840969,0.914534603754832,1648.73038178932,,30.0909963163215,True,True,0.914534603754832,True,True,False,True,True,True
357,reached,0.18511464171919173,-76.24563580290123,-0.0016628458531044998,-5.410882090473024e-05,-0.08469779196940053,0.21031773500419604,406.593060583132,1.2516488683008014,1.1345401787884333,0.6423471045825666,0.831288905906012,1686.24016433386,,31.0428680067911,False,True,1.1345401787884333,False,False,False,False,False,False
358,reached,0.10894005878434294,-61.57852566710062,-0.0009785810488978086,-3.3020586499787896e-05,-0.06161440962380027,0.17155528387820596,495.620988683145,0.9814621934976341,0.9361489703013667,0.6411717478712833,0.88961579487056,1573.33902136303,,24.1825322953117,True,True,0.9361489703013667,True,True,False,True,True,True
359,reached,0.004600641609202408,4.178119202100788,4.13212909933236e-05,2.357104790462472e-06,-0.004866153487400382,-0.006349581840197516,862.01904671387,0.87255533403887,0.8675371692973334,0.6460723429630277,0.7520258915376921,1532.08380980813,,16.2732769485364,True,True,0.8675371692973334,True,True,True,True,True,True
360,reached,0.017650564763886777,0.952554956998938,-0.0001585611232997053,9.808260870158847e-08,-0.000362365299599432,0.0014378285989096184,589.805890934992,1.1461875336603424,1.0520871501538267,0.6734037350812555,0.8511166655120119,1727.7051851545,,24.6868013575084,False,True,1.0520871501538267,False,False,False,False,False,False
361,reached,0.6355710125555194,61.42280309549824,-0.0009308105693008883,-0.016469918799202787,0.41718935851537964,-0.2663887690910087,437.856636827768,1.4003570764167337,1.05488685849556,0.6207953776973055,0.681167375106188,1640.0,,27.3879595468397,False,True,1.05488685849556,False,False,False,False,False,False
362,reached,0.12135135394356102,-74.1669364617992,-0.0010901013194057896,-2.725450539742269e-05,-0.2721053421900006,0.4328686534817052,568.074914110369,1.215378751207774,1.1296095846063468,0.6304790921383723,1.0101973408454439,1539.85148148728,,28.4560121537984,False,True,1.1296095846063468,False,False,False,False,False,False
363,reached,0.29660958924825975,-208.53541180859975,-0.0026628125038996586,-0.00028099695521177637,-0.21109661993910045,0.8889083022747002,390.713503673918,1.336201731042096,1.11068068287368,0.7368721850895056,0.9328300508210401,1669.29586082459,,30.3772981405261,False,True,1.11068068287368,False,False,False,False,False,False
364,reached,26.08639690984224,-1162.0252628531016,-0.1394120148377027,-0.548910119821187,3.31633382082069,-59.2366879096285,701.300519633592,1.0964156917698906,0.9840841471153801,0.6590248881463222,0.81666873564994,1720.0,,16.2639969164272,True,False,0.9840841471153801,True,True,False,False,False,False
365,reached,1.3961109156800027,105.64252484120152,-0.0022981230248007023,-0.036046762120605536,1.76160039620002,-2.7649014856959013,361.409184560982,1.2408358136121849,1.0016693763923066,0.5788277767442778,1.030641220485464,1840.0,,29.5107945447271,False,False,1.030641220485464,False,False,False,False,False,False
366,reached,19.61465802569704,-2453.6320091671987,-0.09795504520589304,-0.4272448744168855,4.34372020121227,-59.739408310693506,637.749163873378,1.2272100634023577,1.0034623961581668,0.7075866994620278,1.006825600584,1800.0,,19.6184474476672,False,False,1.006825600584,False,True,False,False,False,False
367,reached,0.15648367464228646,-65.55903051510177,-0.0014056559472948038,-4.676808109138619e-05,-0.0317816248787004,0.14786800254699983,454.714860464826,1.3303103912041478,1.1222316523756266,0.6942101385532389,0.79210443904142,1651.09590613738,,26.5672423818858,False,True,1.1222316523756266,False,False,False,False,False,False
368,reached,0.10391791295215733,-76.55310744329836,-0.0009202098819969251,0.00045943718870944394,-0.6312137738655998,1.0165612945336022,364.919533368855,1.2131469063965505,0.96410577452058,0.5116035627645561,0.8207430269117919,1712.23580458903,,29.5042433739054,True,True,0.96410577452058,True,True,False,False,True,True
369,reached,0.1504994106872022,-56.7986074770015,-0.0013519530770054189,-2.8512210207054522e-05,-0.03520562559929985,0.14956467043259636,369.559697794546,1.2241904571989723,1.0496402884201266,0.5494438999300967,0.728782809709932,1690.60043371342,,28.8365620652454,False,True,1.0496402884201266,False,False,False,False,False,False
370,reached,4.876181950120077,-778.1030156566012,-0.013885781068097458,-0.1214299700897925,9.796667929510695,-13.179919812192907,391.701897788621,1.2213274473598947,1.0581634555010866,0.7194424533706222,0.75553558567092,1720.0,,36.9615046316477,False,False,1.0581634555010866,False,False,False,False,False,False
371,reached,41.952041889828294,104.38071636579843,-0.22404081653540686,-0.8813336789093,4.56578635548959,-55.96134135354251,789.79591961967,1.0040000733862877,0.93558898864696,0.5355825215914427,0.687323123149464,1680.0,,15.2561584675304,True,False,0.93558898864696,True,True,False,False,False,False
372,reached,1.5145345144190747,164.94404918700093,-0.0015444083206972437,-0.03952149602520194,2.6814347021076603,-1.139320394399988,363.112801278132,1.5300804192613215,1.3039495798501932,0.6108206322166223,0.96269482397344,1600.0,,33.1515227935948,False,False,1.3039495798501932,False,False,False,False,False,False
373,reached,0.03383151875971936,30.121827833401767,0.0003035151429031657,4.58645114065348e-05,0.14556019944232013,-0.14578133923691894,1025.0356360117,1.006063923397556,1.0094732656233534,0.9945134725034778,0.910162207646524,1486.36827413424,,16.6938655173203,False,True,1.0094732656233534,False,True,False,False,False,False
374,reached,8.20865339531971,-356.9188753404014,-0.019088631529399436,-0.20816070629030037,13.437479368055591,-25.188808881767102,435.380526646056,0.9667395343267475,0.8926086230320199,0.48340193997823505,0.914874074872748,1680.0,,31.1119132621406,True,False,0.914874074872748,True,True,False,False,False,False
375,reached,0.13843223476987035,-65.33501390830133,-0.001243561085701117,-2.2375528800466782e-05,-0.03811078396599932,0.1488896881427877,483.860361930384,1.1039586554520766,0.9503089122343668,0.5921304150036556,1.0329344468525918,1733.3305929054,,21.6548944635199,False,True,1.0329344468525918,False,False,False,False,False,False
376,reached,16.627194671705784,-731.5865376498987,-0.03956278933679869,-0.4207266146235895,11.45688916265097,-29.63457099493141,564.79045331388,1.121839371512457,1.0035183323373733,0.6341370974675778,0.9289350331203,1680.0,,28.7506558859182,False,False,1.0035183323373733,False,True,False,False,False,False
377,reached,11.998036448347964,104.19008663299974,-0.03430977834919702,-0.2984971288524889,8.53038069034114,-32.21154931505501,557.471677790896,0.911633401995228,0.9019256708571199,0.5294042108036627,0.8167454354475681,1640.0,,24.8039028608189,True,False,0.9019256708571199,True,True,False,False,False,False
378,reached,0.0370174931345771,-11.197211730301206,-0.00033241231939484805,2.703947149029773e-05,-0.12554652084929963,0.40490999542458894,499.706945108056,1.1530243756445075,1.15741127427712,0.25341612680306114,0.684620683756668,1558.1955618724,,33.5327299456645,False,True,1.15741127427712,False,False,False,False,False,False
379,reached,643.1760242457116,-423.36725425249824,-5.387517910131905,-5.449595592485764,9.236950116407879,-70.93426400203,897.305434597167,1.7181590339261887,2.2193475937371065,1.6576909547337888,0.776380677502428,1400.0,,15.872987111661,False,False,2.2193475937371065,False,False,False,False,False,False
380,reached,74.42719898515263,-5291.4659224385,-0.5204642144607021,-1.2121312636120933,-1.4738918826837004,-43.69547312309399,769.109629005254,1.6104783601585342,1.2514589302372534,1.1709738992081167,0.6052752405020521,1600.0,,13.0954662610054,False,False,1.2514589302372534,False,False,False,False,False,False
381,reached,0.17999403452085602,-143.5705014205996,-0.0016129825479964666,-0.00033091032520360386,-0.5375905118411008,0.8615474836645944,447.751043241001,1.0213535561049303,1.0086606887514733,0.40116923212063277,1.003134353593936,1544.9228513986,,35.7888938972705,False,True,1.0086606887514733,False,True,False,False,False,False
382,reached,1.5198393931835514,144.15305048879964,-0.0018141476926984978,-0.03956372861819091,2.30173596693339,-1.0701078144558096,404.85166635666,1.1741973525777039,1.1043732541725,0.6721853040915945,0.771444983771104,1680.0,,34.5129449001336,False,False,1.1043732541725,False,False,False,False,False,False
383,reached,0.2732446487464831,-174.5277936989005,-0.002453505368293918,-0.00021924831941078082,-0.22399938744939973,0.5661632258371014,417.778617126054,1.0361235609816049,1.0211315864330668,0.46855448192843163,1.014003063677388,1578.57675928541,,33.4874516584682,False,True,1.0211315864330668,False,False,False,False,False,False
384,reached,0.025726962979477207,-25.363261317801516,-0.00023090499969669054,2.8744985911544063e-05,-0.1665986699466,0.17257376880070296,719.470103128163,1.0002692890726397,0.9610121166043933,0.4631909605598122,1.027245400924204,1502.70751461942,,25.9083831768824,False,True,1.027245400924204,False,False,False,False,False,False
385,reached,0.20422420778103384,-182.19063446019936,-0.001832296965204705,-0.00026964775230453597,-0.16126800909010086,0.8360862107618914,306.988014627664,1.0636353016493434,0.9668390125288867,0.4906006967486061,0.887206047206576,1742.3063687558,,31.4305003638226,True,True,0.9668390125288867,True,True,False,False,True,True
386,reached,24.411892611422857,-5256.311669980201,-0.13353238021200298,-0.5070039384906124,2.52798707718733,-28.93515779521789,720.777533002682,1.5377565156329664,1.3456736551729933,1.0694412814702554,0.8045171013014439,1560.0,,15.4782250163566,False,False,1.3456736551729933,False,False,False,False,False,False
387,reached,0.028736252771873732,22.02083488650169,0.00025722043349674095,-6.391621329271402e-05,0.003091147630710722,-0.06494210765680464,936.658561824974,1.020084962903,1.04614699010646,0.7390646987924944,0.751404759169172,1512.29871731408,,18.6048750529567,False,True,1.04614699010646,False,False,False,False,False,False
388,reached,1.6342977056800556,156.37563506419974,-0.0018573986917971297,-0.04257891480961007,3.9029523085128304,-2.2592589612987126,304.478664415265,1.2408686096661303,0.9634380366200933,0.5028432083751789,0.898403467554844,1720.0,,34.5242297714434,True,False,0.9634380366200933,True,True,False,False,False,False
389,reached,1.4562282806016913,239.10307988899876,-0.000501705098301386,-0.03822003281089792,0.5007367214655396,-0.7131539987794042,540.10968797876,0.9551772952664899,0.9567156298831867,0.27885635394947833,0.626571314063668,1680.0,,28.534525030249,True,True,0.9567156298831867,True,True,False,False,True,False
390,reached,5.863171108586683,-399.07137515299837,-0.011438617924895311,-0.15028278655771032,17.24172207794735,-18.25001303256431,348.930863183183,1.069965205003545,0.95584478497574,0.7884956993593945,1.003531813590648,1760.0,,35.5345419386124,False,False,1.003531813590648,False,True,False,False,False,False
391,reached,0.29262812012713696,-119.67936608289892,-0.0026281948937025845,0.00016208973781317582,-0.1906751142121994,0.7164040106653147,382.297933629434,1.1015915100094662,1.0031729258439868,0.6639727185846277,0.759657603430856,1747.8973417991,,27.1616738156921,False,True,1.0031729258439868,False,True,False,False,False,False
392,reached,0.8622656072350449,109.79478983669833,-0.0006855114238959459,-0.022558643226091135,0.07874501411158974,-1.2724221576984007,521.451474098653,1.157534386482829,1.0368623922151265,0.5583566394853111,0.889440272452172,1600.0,,24.9101956431815,False,True,1.0368623922151265,False,False,False,False,False,False
393,reached,20.285712034653237,17.65682077690144,-0.06823451092759569,-0.49324997076931254,3.5892935383593496,-41.6254115335785,610.810337390882,1.0776561449103763,0.9633461458678,0.7380825458921777,0.870017539027276,1640.0,,21.8509834428246,True,False,0.9633461458678,True,True,False,False,False,False
394,reached,0.059109483828719105,-61.87370086089868,-0.0005252153307964136,0.0002285564954149777,-0.4917868357598003,0.5638339564829948,458.930950401691,1.073924150153332,1.0572038681012,0.6238084025868945,0.9644997399247041,1547.42725937629,,28.5004918737281,False,True,1.0572038681012,False,False,False,False,False,False
395,reached,26.698109770896657,-13.191312540300714,-0.11724219346309894,-0.6100347255959093,6.91054920194997,-53.301311347691495,585.948774721764,1.5169636478972723,1.0063626422784133,0.5556759115900111,1.05311110314112,2160.0,,23.1970023265179,False,False,1.05311110314112,False,False,False,False,False,False
396,reached,0.13656699617092144,-122.37441955320173,-0.0012232838839025817,-0.00027246852610574024,-0.1020053790442006,0.4974300453609999,367.651635880502,1.5161581578539864,1.0930578008465468,0.5477992996263705,0.85871452661092,1621.51787359766,,29.9478163793217,False,True,1.0930578008465468,False,False,False,False,False,False
397,reached,2258.694262889981,-1290.6426308472,-19.746494280637997,-9.89188079832357,-4.6380062643137006,-62.6051335966428,1283.16134730324,1.2807286576039796,2.53349011266894,5.169848645416078,5.56704751801296,880.0,,22.2942453851381,False,False,5.56704751801296,False,False,False,False,False,False
398,reached,0.11892331738467028,-52.82261811570061,-0.0010681844984929967,-5.142238688904399e-05,-0.05166916773050012,0.16397595644968987,472.648459022414,1.382183163902546,1.0518478788301133,0.5028499146859401,0.7249142764740559,1614.36497778373,,25.2182951036333,False,True,1.0518478788301133,False,False,False,False,False,False
399,reached,0.24262903152030105,-129.95057230349994,-0.002178922605097,-0.00016124587151011838,-0.15223574499600012,0.5757660519926162,348.454635057849,1.1590640517204378,1.01359708249508,0.5750499669244111,0.911607424758756,1700.69489407077,,31.6641654258482,False,True,1.01359708249508,False,True,False,False,False,False
400,reached,20.90110853087412,-673.3726378446008,-0.08539201453899636,-0.4879238683745939,3.8702607327255496,-45.638022753868086,676.016282950003,0.9733243422610101,0.9053890334075467,0.5821348048329666,0.8028266909320599,1640.0,,20.3285800320101,True,False,0.9053890334075467,True,True,False,False,False,False
401,reached,0.7785728447737423,119.48015919329919,-0.00034392831530283274,-0.02042473366910258,0.02210285314927951,-1.2451034780241912,566.241447178189,0.9965566114027684,0.8879872159917067,0.5513483904703461,1.0250341975642638,1560.0,,19.5832147294012,False,True,1.0250341975642638,False,False,False,False,False,False
402,reached,28.73984870021356,-1127.0590411974008,-0.09230806142299741,-0.7034203396983116,10.901957740559752,-39.20264505659509,846.46801145971,0.9332417687096883,0.9918217602181201,0.7605218941531222,0.990459779192868,1560.0,,25.5225952296665,True,False,0.9918217602181201,True,True,False,False,False,False
403,reached,0.12546517168125135,-84.63953038119871,-0.0011255460808001772,0.0001728146714867762,-0.8031196340016002,1.1979382361745934,420.578194815653,1.256132688144626,1.0785558075180333,0.3383142043184489,1.0252886172272562,1585.06212995861,,39.0032023059351,False,True,1.0785558075180333,False,False,False,False,False,False
404,reached,0.07777073569596223,-77.26817818540076,-0.0006931954950033514,0.000254548637087737,-0.35242209958579984,0.4749201311100819,601.8939098584,1.2081295001189236,1.0795998779627134,0.5481074791754722,1.0166946649142479,1477.99687925924,,28.9724509151976,False,True,1.0795998779627134,False,False,False,False,False,False
405,reached,888.660801736344,-3154.007264041298,-7.5485285738476975,-6.526055695570278,2.44147777373625,-64.874902892026,781.932165209356,1.7226102880005876,2.4428292287071667,2.1332940208414004,1.101996877198228,1360.0,,14.1169042986758,False,False,2.4428292287071667,False,False,False,False,False,False
406,reached,0.3620044654469958,-282.7585298390986,-0.0032436681777028298,-0.0006805985076994148,-0.14212070727909953,0.7947892742444935,445.085274718078,1.5447162132899226,1.2438326638871533,0.9314513834218833,0.9418953323489401,1629.13178525581,,33.4384830654545,False,True,1.2438326638871533,False,False,False,False,False,False
407,reached,33.214424926535635,-703.3248117762014,-0.1721746692440007,-0.7095819737930071,4.06041155593652,-56.04669036850089,709.326111206938,1.1157288519439996,1.0017779962573934,0.6065444231836167,0.7497315466521439,1720.0,,15.2395743041183,False,False,1.0017779962573934,False,True,False,False,False,False
408,reached,2.5837798868295203,85.6832386497008,-0.003882002421192965,-0.06690228104619678,6.97847529398054,-5.498833812212808,327.239147695921,1.0086475715613044,0.9757977139968668,0.6616639624270111,0.919999464328316,1680.0,,38.9710584879897,True,False,0.9757977139968668,True,True,False,False,False,False
409,reached,0.04459583106270423,-21.540379675101576,-0.0003995838208936675,8.418097789331114e-05,-0.2404739159787006,0.4720539672574091,464.926043676614,1.0522863016188955,1.0304152302931666,0.299394072444675,0.650750799940524,1591.24699236564,,29.4437054951022,False,True,1.0304152302931666,False,False,False,False,False,False
410,reached,1.9658765463730272,-802.4122110438002,-0.010123381141298182,-0.042298913790688175,5.99661769771201,-5.815548422149391,243.904915539444,0.9086172930965718,0.8052049789224467,0.4691435718344266,0.863096125702568,1760.0,,38.6721394463858,True,False,0.863096125702568,True,True,False,False,False,False
411,reached,0.1621756982631366,-82.94001118090091,-0.0014564466238056184,-0.00010393206341063888,-0.1508009724126005,0.37502149622008574,452.972165697223,1.3960370379523337,1.02033639028386,0.6118741089957778,0.843800293711684,1621.6944359474,,25.8936779101441,False,True,1.02033639028386,False,False,False,False,False,False
412,reached,5.489004072586316,-68.6059661153995,-0.010339165709197573,-0.1409319091177963,12.66729004093516,-17.439248101712707,359.117318857206,0.8825461806197018,0.9211300189867934,0.48457154034411726,0.939758313559852,1720.0,,35.9411427946687,True,False,0.939758313559852,True,True,False,False,False,False
413,reached,3529.118263763204,-4519.1639101543005,-31.176653594849903,-10.88522682279853,-27.799378647720197,-47.12779823558651,392.672100190824,0.982629559341068,2.8370946152256002,2.2635493810574947,4.99570002929352,680.0,,35.6969340963573,False,False,4.99570002929352,False,False,False,False,False,False
414,reached,0.2992447315286046,-163.61100737750166,-0.002688111070597188,7.039410249376488e-05,-0.26410455167509994,0.5756644005948033,494.924417975969,1.3412598102805238,1.0077435236235066,0.5115944798133472,1.044867440977732,1858.94925917518,,26.9074294515307,False,True,1.044867440977732,False,False,False,False,False,False
415,reached,0.062320904135353856,-56.98637515869996,-0.0005563930991030475,0.00018162683900868615,-0.5404242000559005,0.49372035172910955,561.680218064378,1.2348642142181956,1.0493234351226601,0.4168436151604806,0.9928591259016761,1591.1427161301,,33.5165024222732,False,True,1.0493234351226601,False,False,False,False,False,False
416,reached,8.321349823466466,-604.004710367899,-0.019298640451296478,-0.21105819514440327,12.9819124641748,-26.075791890186792,424.661224935305,0.9854025629233286,0.9405179393449201,0.5917248695769722,0.953150300017704,1680.0,,28.9528009164803,True,False,0.953150300017704,True,True,False,False,False,False
417,reached,0.06479458975736578,-82.52965402140035,-0.0005815457788997946,-7.236298930024532e-05,-0.20378125968450078,0.1886911952564958,527.568420445911,1.1119618460167842,1.0984718563116533,0.6834265381933389,0.887357017091268,1526.1781168054,,27.740492466581,False,True,1.0984718563116533,False,False,False,False,False,False
418,reached,35.03993722755968,-635.1268314830995,-0.17350239394329492,-0.7647450417366883,2.8849892024777004,-57.203678442005696,729.537442917617,1.0534099995791193,0.9597010613717667,0.6342761299101778,0.7843369072306879,1680.0,,14.3631272779879,True,False,0.9597010613717667,True,True,False,False,False,False
419,reached,0.18385914305768034,-58.98801379739962,-0.001651658914198606,-1.7899307010793564e-05,-0.022544055883800596,0.17981684448599822,378.056633994104,1.1954280493267047,1.1864394465522266,0.8499943864463889,0.7185936205275321,1693.05149655152,,27.7280657271891,False,True,1.1864394465522266,False,False,False,False,False,False
420,reached,11.226221437113054,-1281.2679347861995,-0.023540068790296687,-0.2865562098023986,19.46355798349427,-23.766442496164984,419.547304666469,1.1609687766097847,1.0003129073885333,0.65419718052655,0.9150879590774521,1800.0,,26.1912281060591,False,False,1.0003129073885333,False,True,False,False,False,False
421,reached,1.9952370649375903,89.19814561209932,-0.0029444620281964262,-0.05169037985129421,6.77739399624308,-4.960944635641198,273.430866648056,0.9735737752891949,0.91052297378092,0.49372904760764724,0.9026327901373721,1720.0,,38.2124457676295,True,False,0.91052297378092,True,True,False,False,False,False
422,reached,0.12087686571637869,-39.641978032901534,-0.0010858263588033878,-3.1166838397211905e-05,-0.05645579953310076,0.20860961031490888,358.025287542913,1.5066265969145087,1.0483850632483867,0.5850446603892666,0.777689908301412,1652.7996119349,,26.3667673253426,False,True,1.0483850632483867,False,False,False,False,False,False
423,reached,0.237577826384076,-118.7077573007009,-0.0021340448355005037,-8.519356350689122e-05,-0.07972422395910073,0.3704296158817044,386.372665560944,1.3379684965196295,1.17434612376358,0.7207017492525556,0.8687670282589639,1696.21643659223,,29.6523921366247,False,True,1.17434612376358,False,False,False,False,False,False
424,reached,0.10629546602832518,-64.11836875880181,-0.0009545912881065988,-6.970144221440933e-05,-0.0306457536603002,0.10762934312629113,628.941358753334,1.2595033320553248,1.1476031450667132,0.6235335351514167,0.979565425512756,1532.28214380248,,25.1033591066455,False,True,1.1476031450667132,False,False,False,False,False,False
425,reached,6.391888498448668,3.397361918399838,-0.008619286689693695,-0.16594998046758747,13.19321140269308,-11.264615078940494,384.406891694123,1.0190327658402047,0.9711327722196333,0.5315924786543456,0.966734757404588,1680.0,,34.6072825497155,True,False,0.9711327722196333,True,True,False,False,False,False
426,reached,0.161510241577924,-38.59063710830014,-0.0008320996597035446,-0.003475112709594441,-0.3205538337438991,0.30322475626718415,458.181624504232,1.001222209655367,0.9504141158615534,0.5262382361153795,0.95074685591732,1560.0,,25.4234123894224,True,True,0.95074685591732,True,True,False,False,True,True
427,reached,14.854837490703522,-160.32751104329873,-0.041067904008698974,-0.37087011842709217,10.831630274547205,-30.87000023172331,607.612116587903,0.9500119589709232,0.9484436420615666,0.6093294458417278,0.8839141573840961,1640.0,,25.7830629150842,True,False,0.9484436420615666,True,True,False,False,False,False
428,reached,0.041023864948872196,-29.31800125170048,-0.0003670022907016346,9.805923650674231e-05,-0.33030085054110003,0.45253944601140006,455.094530910434,1.0049110873328821,0.90349163069586,0.3770822932226589,0.913126315190356,1634.64673794191,,24.1366832804013,True,True,0.913126315190356,True,True,False,False,True,True
429,reached,0.1210547707050686,-92.9290491751999,-0.0010780045062972476,0.0004187389963021815,-0.6018648760573004,0.9051923875032912,405.900220839336,1.1927163292533323,0.9353531976962066,0.5189957101316327,1.00448186810544,1675.58360619677,,30.1247358105689,False,True,1.00448186810544,False,True,False,False,False,False
430,reached,0.29828405285120296,-94.78303662129838,-0.002660953809694888,0.0009223118960903776,-0.6694267562888001,1.7931667844144954,249.924298211678,1.0229318581642024,0.9851522010087866,0.5888429259838001,0.8390084941459801,1707.51305099116,,38.1336748254696,True,True,0.9851522010087866,True,True,False,False,True,True
431,reached,0.2113886903647839,-196.89942132030046,-0.0018988089854019563,-7.400738098795046e-05,-0.22836213519969917,0.9492548808644017,292.272181917592,0.9226790608810657,0.8369647049838067,0.4266501587371356,0.8713688759022841,1741.47155025142,,32.1959719415257,True,True,0.8713688759022841,True,True,False,False,True,True
432,reached,0.20669944100767562,-132.61313057969892,-0.0018568474089022402,-1.2781524588945103e-05,-0.23910253282659966,0.5877200834204928,462.962994847714,1.039276933179814,0.95907785805294,0.6201346646990722,1.0102415259994442,1581.84792534968,,25.5720828967799,False,True,1.0102415259994442,False,True,False,False,False,False
433,reached,0.22260276959873,-123.67260088309922,-0.0019987915334951367,-0.00017791420540902436,-0.08586718745199917,0.592484027130979,397.679998026363,1.5274963468794174,1.2016134347857066,0.7346890538701722,0.841071895433628,1669.63439319587,,28.6288395449593,False,True,1.2016134347857066,False,False,False,False,False,False
434,reached,0.09461784512827906,-47.343379347599694,-0.0008489724968967494,0.00012125248250072218,-0.28703335289879917,0.571186517553798,429.477933439606,1.1606807792184455,1.0472424239428866,0.4899573402083316,0.759229567885288,1632.22886089213,,28.4770003729495,False,True,1.0472424239428866,False,False,False,False,False,False
435,reached,21.60292373103243,-39.85881644210167,-0.05836408729109621,-0.5403906004872852,13.58733091440519,-31.5417100699691,581.558906734189,1.4502077049475979,1.00521364995096,0.6746071333283999,1.020507268317912,1960.0,,26.8258772286447,False,False,1.020507268317912,False,False,False,False,False,False
436,reached,37.75494197554613,100.22315059039829,-0.16363138516580022,-0.8652323043311867,3.9972350972429,-54.100204821931,845.615079499995,1.1942688139093423,1.04600903153318,0.7261181380049055,1.033244294890224,1600.0,,18.3216363886211,False,False,1.04600903153318,False,False,False,False,False,False
437,reached,0.2148640684200267,-101.847904440001,-0.001930043248705715,-7.151059548959893e-05,-0.031232336005100336,0.12296828939929583,502.885908117853,1.4149938699812077,1.31607993480734,0.8207795767359444,0.923722395461076,1649.87710832774,,27.8758359390475,False,True,1.31607993480734,False,False,False,False,False,False
438,reached,0.10273572904811318,-87.73166413790022,-0.0009032907608030882,0.0005534275053094007,-0.7421850888955,0.8568632277844017,432.780888641501,1.0443519945744215,0.9283782784750599,0.46564929171272335,1.027223928883956,1635.80738084113,,31.5871645426555,False,True,1.027223928883956,False,False,False,False,False,False
439,reached,2614.364914815599,-311.8232641536997,-22.90336834278,-10.640084575738513,-1.7268902542510993,-113.86521947356229,2068.73625071611,1.353100491726043,2.3308028783623467,6.2771111684815,4.5413233306336,840.0,,15.1896227324378,False,False,6.2771111684815,False,False,False,False,False,False
440,reached,12.67223291338473,-665.2880435316001,-0.028823463997497356,-0.32177561354379236,12.06429803993715,-26.640359672523203,535.745037110853,1.1470956355663728,1.0788893426588935,0.8090587811533556,1.0116463442563322,1640.0,,30.2092975026854,False,False,1.0788893426588935,False,False,False,False,False,False
441,reached,9.73428188586289,-246.573741697699,-0.019283620720401018,-0.24926710563389065,11.86725129507386,-22.001554830845805,455.520567824707,0.9880181575916706,0.92985319860442,0.501391206308825,0.838261731839428,1720.0,,30.6931836828524,True,False,0.92985319860442,True,True,False,False,False,False
442,reached,0.3319103207649084,-168.39200355950015,-0.0029816006973959475,5.7332524193043355e-05,-0.13822857207670047,0.8665835513504021,354.280001626059,0.990932963509871,0.8847756986445333,0.6165966770384,0.88824553418214,1709.45895073155,,26.4738693787967,True,True,0.88824553418214,True,True,False,False,True,True
443,reached,0.09787917812563332,-33.79939832260061,-0.0008792394686025773,-2.543458509762786e-05,-0.04469734929469915,0.16096162053690932,531.294560307656,1.1867028833896074,1.0872558306071667,0.6304457895575889,0.596037826912588,1657.26079789953,,21.7381756695265,False,True,1.0872558306071667,False,False,False,False,False,False
444,reached,0.0843170674817346,-55.22895351420084,-0.0007573469928985332,-3.641057560344052e-05,-0.11701599545270014,0.21998978346078957,487.167048464021,1.0148868518873106,0.9181850249937533,0.5438485879758839,0.9915093191912361,1575.08153399227,,23.1382719985312,True,True,0.9915093191912361,True,True,False,False,True,True
445,reached,17.6576913474381,81.05482582750119,-0.054052398219198494,-0.4354690346227983,9.846383056071613,-33.410406442829895,646.201871861716,1.0241201020349961,1.0023996670261,0.7076151832247611,0.777276653336464,1640.0,,22.7047109556828,False,False,1.0023996670261,False,True,False,False,False,False
446,reached,0.019566101925300776,-1.1914542150007037,-0.00017576880330238964,8.775423054885323e-07,-0.00356977313709983,0.09827978085380096,471.919951422542,0.9753284719840348,0.9707012114952532,0.4188335550758411,1.06867801503418,1584.14528527797,,29.092597551939,False,True,1.06867801503418,False,False,False,False,False,False
447,reached,0.25432181463242454,-124.73179974219966,-0.0022844372571029226,9.343840440578788e-05,-0.26971622060990086,0.5452417291407983,511.062862962604,1.1504772198868736,1.0089315019450733,0.5274020187432272,1.016209782345424,1701.97186572573,,26.1558455019931,False,True,1.016209782345424,False,True,False,False,False,False
448,reached,6.093600708633458,-414.2161054062017,-0.01819206608919899,-0.15088914107408868,13.38821922729341,-32.57200166593111,337.095208482821,1.1175216238931656,0.9296136444704933,0.5277013206356393,1.0564628327758239,1960.0,,31.3993331268682,False,False,1.0564628327758239,False,False,False,False,False,False
449,reached,0.07498412797243743,-47.53085520770037,-0.0006554325595971022,0.00045441988930861044,-0.5363171842229004,0.7271351056643027,388.329097234116,1.0637819685938235,0.95051545368902,0.6194296979460778,0.8650063005502201,1715.17160665833,,26.4175364976825,True,True,0.95051545368902,True,True,False,False,True,True
450,reached,34.99349055744085,-3301.228961874702,-0.2667750403938953,-0.48312260128150797,-0.49511112231810017,-93.5068845561878,744.622962549042,1.312400056084655,1.0033989726877468,0.8058143750538778,1.00366067215022,1920.0,,12.1722393228966,False,False,1.00366067215022,False,True,False,False,False,False
451,reached,0.11757968284580166,-65.24572321959931,-0.0010559646399030953,-7.289704180379886e-05,-0.07676808969440074,0.1712803233639022,625.67123494972,0.9889114654209463,0.9540269098336267,0.3902928617359422,1.049928153558176,1535.16419131857,,25.452632609144,False,True,1.049928153558176,False,False,False,False,False,False
452,reached,0.2818955894484651,-154.35177506129912,-0.0025314463699999123,-0.00019946342871435263,-0.10764970116549932,0.48228614827010574,388.788744650141,1.5706643793798758,1.2680822061191601,0.8543672328872,0.9761965294701479,1660.26319983078,,32.6369395994765,False,True,1.2680822061191601,False,False,False,False,False,False
453,reached,13.49069196586561,-2619.167987672601,-0.06942626691430576,-0.2899533693843921,10.056409282809934,-64.2288984608833,532.263437703278,1.1325441184722838,0.98171684766134,0.5742016727398278,1.034889697552276,2000.0,,23.2970807620784,False,False,1.034889697552276,False,False,False,False,False,False
454,reached,0.027699039069329225,-16.162802783801453,-0.00024874977289357503,1.847833880219696e-05,-0.15088182471929912,0.22076445443229886,618.860776944485,1.10346070388104,1.05741951045438,0.4483976432136328,0.65059959881286,1586.50564286633,,25.8494722543802,False,True,1.05741951045438,False,False,False,False,False,False
455,reached,0.0953135503114022,-31.172775068298506,-0.0008562073810054471,-1.9954409196998313e-05,-0.031218275899700387,0.10919772050641541,453.933891448559,1.1536968847732574,1.1115675010529467,0.6646388974243779,0.61256417854682,1689.30410644745,,23.1894986616724,False,True,1.1115675010529467,False,False,False,False,False,False
456,reached,0.24240574097268547,-161.07038363529864,-0.002177614451895238,-2.3088919078873005e-06,-0.5153959732172009,0.9299430993966951,429.753571118659,1.044219716136398,0.96722829293646,0.2960814586673811,0.955980478140668,1619.30139486146,,36.4237304442649,True,True,0.96722829293646,True,True,False,False,True,True
457,reached,0.09673168603439972,-75.481709142201,-0.000859098257393498,0.0003819524515051853,-0.7626202394797996,0.9296300030455029,394.979129068855,1.1444326036948098,1.11212955611088,0.5486331617233695,0.98540948938592,1551.2256231094,,35.2087577656525,False,True,1.11212955611088,False,False,False,False,False,False
458,reached,21.44498894918586,-1417.8414832382005,-0.078540794150598,-0.5133637233462025,4.35627510396873,-45.9367401607046,654.906394716143,1.0184163899357133,0.9566801656446265,0.6769673928604388,0.89911129157758,1680.0,,19.9410456199209,True,False,0.9566801656446265,True,True,False,False,False,False
459,reached,880.222310841308,-2574.8178450866,-7.499739977647003,-6.299628893009867,3.4558888149173503,-73.5787094607666,1022.48817532437,1.6255133673102098,2.1973818879639464,1.82213124223565,0.7931952027743561,1320.0,,8.47830508601397,False,False,2.1973818879639464,False,False,False,False,False,False
460,reached,1.1477945464174621,143.70353461520062,-0.0010551618018013187,-0.029988423149603705,-0.6461884642392004,-3.5104850323303936,387.790423574852,0.9925907191648478,0.8460893989636267,0.22517233097883502,1.018645782525708,1640.0,,33.1313566833948,False,True,1.018645782525708,False,True,False,False,False,False
461,reached,10.879397157820394,-41.12919779869844,-0.027157594655307093,-0.2743212910727095,10.431887584091795,-27.511072265554105,517.65809885337,0.9541536889808087,0.9497019224122399,0.6334128276684723,0.835383779101084,1640.0,,25.1506083419109,True,False,0.9497019224122399,True,True,False,False,False,False
462,reached,4.477557676498081,168.65247995220125,-0.006576195986099265,-0.11600481128979823,9.722894668675917,-11.540517435036918,352.52130278997,1.0647056963393424,0.9938044698896333,0.7120202523499444,0.921072257924372,1640.0,,38.0853879794685,True,False,0.9938044698896333,True,True,False,False,False,False
463,reached,0.1778617632720739,-79.63641856050162,-0.0015975097913951686,-8.8063398692384e-05,-0.09925144553869991,0.43341949295609083,377.01796814834,1.4759033766675949,1.1867096908285932,0.7917417558513444,0.797819460211856,1700.77689898505,,28.5535985280166,False,True,1.1867096908285932,False,False,False,False,False,False
464,reached,127.03249236234461,-3847.297920131099,-0.9759742914476988,-1.6901860261610864,-0.9140813332628994,-52.8906690409499,638.989885416351,1.611102276892357,1.4245662166854733,0.9182491636855056,0.5849494942336,1600.0,,14.1076803746204,False,False,1.4245662166854733,False,False,False,False,False,False
465,reached,21.779827588145245,-1.9295135428983485,-0.10536745926729907,-0.4808071318948066,4.65579857158524,-51.559440956182414,598.895160622974,1.0590275630915762,0.9450868530385733,0.7548163406369889,0.910921529113072,1680.0,,17.3814145718812,True,False,0.9450868530385733,True,True,False,False,False,False
466,reached,3.698483530140875,142.68622978869826,-0.0070146423589960705,-0.09493700543831096,4.29642177874987,-6.323257691814888,446.885444930748,0.9721007365008371,0.9634375648614399,0.6982135249225389,1.014002453152872,1520.0,,30.6295080976572,False,False,1.014002453152872,False,True,False,False,False,False
467,reached,1.3072511722008384,81.9616074562,-0.0022719314932970747,-0.03368514677609369,3.0007087833381796,-0.8538293759065141,313.499887905898,1.1113564253727364,0.9874422706432266,0.5312986648985061,0.92204742170888,1720.0,,36.0256527938157,True,False,0.9874422706432266,True,True,False,False,False,False
468,reached,97.0544527488924,-534.9857165040012,-0.6821513261978964,-1.5623164171745998,2.3685970806734398,-53.4954739192094,924.320346975763,1.5675484606539367,1.2388921150831467,0.7592611862610888,0.503117036110152,1560.0,,14.4723999339414,False,False,1.2388921150831467,False,False,False,False,False,False
469,reached,22.692320757008435,-1309.8634418090987,-0.1713270422684019,-0.32166767028229515,2.3967546252287804,-95.19468130747885,627.85840612569,1.2297667229408038,1.0002138908988933,0.5967667624204611,1.024442873364844,2000.0,,18.2828668176344,False,False,1.024442873364844,False,False,False,False,False,False
470,reached,0.18092712823537296,-151.20232436150036,-0.0016242834005026907,-0.0001705831616902742,-0.3277258725784993,0.6178778330275065,374.2417537686,1.2054856288472662,0.9791490432534866,0.6146508386609055,0.979355690059012,1698.41620180136,,30.5712656334358,True,True,0.979355690059012,True,True,False,False,True,True
471,reached,1.5080724778975068,74.39064068529842,-0.002475663597593325,-0.03894105576520701,3.39810574181483,-1.3027352278165836,329.579001377169,1.1766137706665336,0.9869867960972734,0.5852326721308778,0.9765141826505961,1680.0,,39.210490919887,True,False,0.9869867960972734,True,True,False,False,False,False
472,reached,0.14804111600603642,-75.38118338119966,-0.0013299011940972605,-8.719033701254375e-06,-0.18864087022789988,0.33777946091868216,617.332235686172,1.029350377182963,0.9854313354922533,0.3974619460015622,1.049043991521108,1541.88260314355,,24.3284684137818,False,True,1.049043991521108,False,False,False,False,False,False
473,reached,0.1992327543031092,-141.31503198849896,-0.0017895627255057889,-8.09168818989292e-05,-0.1614094717343999,0.38343754990648904,452.206966352224,1.0186039591430889,0.9910129980867933,0.6362395744010555,0.880294354715832,1534.30141342765,,26.6806182713352,True,True,0.9910129980867933,True,True,False,False,True,True
474,reached,14.770529281929754,-95.21335948440174,-0.03484915546640366,-0.3740247926311895,12.84919573191571,-27.729716189832914,501.112885137117,1.0633898760905516,0.9588911920349267,0.6684235635649944,0.840397709964672,1720.0,,26.5695136393547,True,False,0.9588911920349267,True,True,False,False,False,False
475,reached,30.896557886923528,-1027.2388684563011,-0.22879598685339886,-0.4569111047246963,-1.7658471935730997,-90.7222090446348,718.742380613087,1.1960367201034472,1.00909703855158,0.7751839092807722,1.025505030767944,1800.0,,12.7448651608809,False,False,1.025505030767944,False,False,False,False,False,False
476,reached,19.332077570944303,-556.1280958382013,-0.0671304977958016,-0.4675478003003093,5.32925327882565,-41.2495610425901,622.721293786271,1.135249960538185,1.0029588690590934,0.7152794567394389,0.880378172878768,1680.0,,24.4982767432256,False,False,1.0029588690590934,False,True,False,False,False,False
477,reached,26.826690199726233,-1862.0740511771,-0.17158179471209678,-0.4927635073393901,0.5357647741149201,-74.9185401488944,684.914509707772,1.189963468013702,0.99998126271098,0.6979980733402056,0.9921342345324,1800.0,,14.4434033195122,True,False,0.99998126271098,True,True,False,False,False,False
478,reached,0.04017965382734394,-30.038518146600836,-0.0003595908051039487,9.142188989130773e-05,-0.29230979404900026,0.367989789950002,508.385252880762,0.9604430364498394,0.92009506624076,0.3386614923506833,1.030393777299604,1548.0145570434,,25.8183402398448,False,True,1.030393777299604,False,False,False,False,False,False
479,reached,0.21332457881102498,-120.42154644149923,-0.0019160308899017764,-0.00010515868999050326,-0.0871821110749007,0.32342182804649156,446.974582950297,0.8645478915074349,0.83264253088188,0.4498930736753239,0.766532717013716,1577.0346288525,,23.9877354573725,True,True,0.83264253088188,True,True,False,True,True,True
480,reached,0.2873411052980476,-137.81842589559892,-0.0025803003947970637,-0.00020837052480260354,-0.002642550952300482,0.3144688709818979,488.025839160686,1.209978676679956,1.1477656016408535,0.6403067856120778,0.89265383758006,1662.51392310216,,28.7341141781902,False,True,1.1477656016408535,False,False,False,False,False,False
481,reached,0.22901796652878437,-102.59427223819876,-0.0020571355236000954,-8.636110499082861e-05,-0.048345538486000095,0.3101899646262041,386.048108557383,1.5165362264581337,1.1943293818439,0.7152074660139277,0.84195237901754,1656.82797529594,,33.5499944397915,False,True,1.1943293818439,False,False,False,False,False,False
482,reached,0.08843875771848009,-65.76946832429894,-0.0007942609384059551,-5.403679980986453e-05,-0.13105893528230084,0.12001487004891942,665.149636892483,1.0156733242337366,0.9770866373445466,0.6106716363287668,1.042746502558252,1523.61901981717,,24.753629710921,False,True,1.042746502558252,False,False,False,False,False,False
483,reached,11.065338046272716,-1990.5613690503014,-0.050262699643695896,-0.25044388120551275,7.75141691774142,-18.789225458829407,519.638775554089,1.619973053254966,1.2266809532792866,1.0397539196259333,0.798703770457736,1640.0,,27.230079444212,False,False,1.2266809532792866,False,False,False,False,False,False
484,reached,3.230946749001212,224.2050105324015,-0.003441171838204582,-0.0842570898701922,7.08038869393477,-4.336202386151399,351.818490630772,1.0851729973042026,1.0567773085151,0.6709659875418889,0.85109625451564,1680.0,,35.8114282701882,False,False,1.0567773085151,False,False,False,False,False,False
485,reached,0.21425656109187138,-113.73526292949828,-0.0019051493942043862,0.0008008555643073123,-0.9502925401393991,2.2388916261641043,264.702482346515,1.1427271373703762,1.0029213557837,0.5284878967521178,0.97089475775878,1715.07281863672,,39.4744187368602,False,True,1.0029213557837,False,True,False,False,False,False
486,reached,0.45944764057598736,-344.4031009710998,-0.004125087166698904,-0.0004018853655907151,-0.33611984421860086,1.3777559111604205,381.507514054134,0.9808256304553025,1.00531393414458,0.6381101061095278,1.0398789347164479,1590.37033886739,,31.7906057813786,False,True,1.0398789347164479,False,False,False,False,False,False
487,reached,0.06745487920778426,-30.798783257600007,-0.0006059134073979067,-2.432117869943795e-05,-0.057728732268399696,0.13426723017317954,453.9799233412,1.0757777893078702,1.00833311465976,0.36479210794998,0.6339138960272039,1566.33718821945,,26.147732249983,False,True,1.00833311465976,False,True,False,False,False,False
488,reached,0.08144123497572713,-47.82301403949896,-0.0007307114156986927,0.00010626576670347276,-0.3049522049907001,0.5006381617429838,447.531388896822,1.0088279924883865,0.9627600176088601,0.7146108746985278,0.897108431441036,1585.51661361317,,26.0514567331861,True,True,0.9627600176088601,True,True,False,False,True,True
489,reached,0.20706921263122646,-129.98512144849883,-0.001858888564200356,-0.00020217554379087233,-0.10512340563390055,0.4367399454638985,386.716320971408,1.4626210648823428,1.0989895337584201,0.6397171869259112,0.893094943910328,1620.16542293826,,34.2611552182408,False,True,1.0989895337584201,False,False,False,False,False,False
490,reached,0.285051019287725,-247.1026559462989,-0.0025598407437001924,-0.0001952640855051868,-0.2295004600319004,0.5845541282943145,358.739869164256,0.9085424620021508,0.9011075014236868,0.5031136600260694,1.006404752005348,1533.70210965085,,36.0910292151054,False,True,1.006404752005348,False,True,False,False,False,False
491,reached,0.0698588396877604,-27.78632938120063,-0.0006238581162989476,0.0001991653730044618,-0.14912608984630005,0.3845022617740028,490.566811012766,1.2390468371283958,1.1396748293393,0.7037389740037222,0.721198074229796,1679.66885765031,,25.1800352088443,False,True,1.1396748293393,False,False,False,False,False,False
492,reached,16.193399777133862,222.24566569460148,-0.026725443379703506,-0.4178222535477971,11.02865544334891,-19.13530806331272,596.672177504616,1.0863928461367944,1.0901616822857,0.6465799719520833,0.77051792976734,1640.0,,28.6190874840742,False,False,1.0901616822857,False,False,False,False,False,False
493,reached,0.07260150173686737,-38.616599634300655,-0.0006495223860980559,0.0001727554025023892,-0.29626285188330037,0.5596940813072138,425.2962475605,1.218256349789816,1.0475137185627732,0.5457584441282027,0.844354846549848,1633.6422183848,,29.1877196845918,False,True,1.0475137185627732,False,False,False,False,False,False
494,reached,0.2054239454219745,-101.67111090380058,-0.0018453785370979858,2.2326457497001684e-05,-0.14480398162289987,0.3168068242919162,544.607879330492,1.3498545326818638,1.0833010692541667,0.7729206576780666,0.897537543587332,1738.67105964343,,24.0752786832717,False,True,1.0833010692541667,False,False,False,False,False,False
495,reached,0.3678521547607026,-193.56210876439945,-0.003293006855798808,0.0008065620293962183,-0.9939760776710003,2.497294731247706,251.854555024679,0.9707868983363876,0.9311250742871734,0.5855838161523388,0.812039063247244,1710.80485698184,,38.9927519063241,True,True,0.9311250742871734,True,True,False,False,True,True
496,reached,11.307628630774703,-2097.0968043879,-0.035378830411502804,-0.2781699011538876,14.73560853741655,-37.94210670845081,487.713219818791,1.190434552483089,1.0056568498211333,0.6415630184598888,1.0399854924859961,1800.0,,28.483258275825,False,False,1.0399854924859961,False,False,False,False,False,False
497,reached,0.16575313188498952,-82.13885276110159,-0.0014890004595002893,-2.0950105493966475e-05,-0.14735744356499936,0.32899280752090476,457.858697539999,1.1307494260723878,0.9631227549335067,0.5423895594845806,1.016393295982748,1736.36252103701,,24.1656493824207,False,True,1.016393295982748,False,True,False,False,False,False
498,reached,16.15367039539816,-198.83025147579974,-0.04579414495779588,-0.40216393243139237,10.099461840989091,-32.599215416693795,638.150620624834,0.9060405848316346,0.9293016678475334,0.5761991336327666,0.904942001443928,1600.0,,27.7690233813654,True,False,0.9293016678475334,True,True,False,False,False,False
499,reached,483.5906317467447,-644.1161533351988,-3.9839298623085,-4.645243999697868,-3.3047400934633,-68.8199373582014,1114.59480460255,1.6139814298039221,1.8003716391052333,1.3998340210716667,0.775040515331376,1440.0,,3.74610554437408,False,False,1.8003716391052333,False,False,False,False,False,False
500,reached,4.442108822345728,218.17984804790103,-0.007161384355995892,-0.11476053253909413,6.982550053983029,-16.619849884213806,358.885864706355,0.9022410111385786,0.8289974265531134,0.4735972139157556,0.777553346532128,1720.0,,35.8528425859213,True,False,0.8289974265531134,True,True,False,False,False,False
